booking_id,booking_date,check_in,check_out,room_type,channel,lead_time_days,nights,nightly_rate,cancelled,booking_value
B00001,2024-12-10,2025-01-01,2025-01-03,Cottage,Direct,22,2,5428.2,False,10856.4
B00002,2024-12-21,2025-01-01,2025-01-02,Cottage,Direct,11,1,5478.93,False,5478.93
B00003,2024-12-15,2025-01-01,2025-01-04,Cottage,MakeMyTrip,17,3,5381.83,False,16145.49
B00004,2024-12-09,2025-01-01,2025-01-04,Cottage,Booking.com,23,3,5387.16,True,16161.48
B00005,2024-11-24,2025-01-01,2025-01-04,Villa,Booking.com,38,3,11259.63,False,33778.89
B00006,2024-12-19,2025-01-01,2025-01-03,Camping Tent,Agoda,13,2,3128.25,True,6256.5
B00007,2024-12-14,2025-01-01,2025-01-03,Camping Tent,Agoda,18,2,3111.42,False,6222.84
B00008,2024-12-19,2025-01-02,2025-01-04,Cottage,MakeMyTrip,14,2,5746.91,False,11493.82
B00009,2024-12-18,2025-01-02,2025-01-05,Cottage,MakeMyTrip,15,3,5472.89,False,16418.67
B00010,2024-12-21,2025-01-02,2025-01-04,Villa,MakeMyTrip,12,2,11769.03,False,23538.06
B00011,2024-12-13,2025-01-02,2025-01-04,Dormitory,Direct,20,2,2489.57,False,4979.14
B00012,2024-12-22,2025-01-03,2025-01-04,Cottage,MakeMyTrip,12,1,6383.83,False,6383.83
B00013,2025-01-01,2025-01-03,2025-01-04,Cottage,Direct,2,1,6279.73,True,6279.73
B00014,2024-12-20,2025-01-03,2025-01-04,Cottage,Agoda,14,1,6069.94,False,6069.94
B00015,2024-12-24,2025-01-03,2025-01-06,Cottage,Agoda,10,3,5871.46,False,17614.38
B00016,2024-12-16,2025-01-03,2025-01-06,Cottage,Agoda,18,3,6248.28,False,18744.84
B00017,2024-12-25,2025-01-03,2025-01-06,Cottage,Direct,9,3,6290.95,False,18872.85
B00018,2024-12-13,2025-01-03,2025-01-05,Villa,Direct,21,2,12008.1,False,24016.2
B00019,2024-12-19,2025-01-03,2025-01-04,Dormitory,Direct,15,1,2658.48,False,2658.48
B00020,2024-12-22,2025-01-03,2025-01-04,Dormitory,Direct,12,1,2260.98,False,2260.98
B00021,2024-12-23,2025-01-03,2025-01-04,Camping Tent,MakeMyTrip,11,1,3349.27,False,3349.27
B00022,2024-12-16,2025-01-03,2025-01-05,Camping Tent,Booking.com,18,2,3388.75,False,6777.5
B00023,2024-11-29,2025-01-04,2025-01-06,Cottage,MakeMyTrip,36,2,6292.88,False,12585.76
B00024,2024-12-19,2025-01-04,2025-01-07,Cottage,Agoda,16,3,5863.72,False,17591.16
B00025,2024-12-23,2025-01-04,2025-01-05,Cottage,Booking.com,12,1,6214.53,False,6214.53
B00026,2024-12-25,2025-01-04,2025-01-06,Cottage,Direct,10,2,6638.12,False,13276.24
B00027,2025-01-02,2025-01-04,2025-01-06,Cottage,Direct,2,2,6148.13,False,12296.26
B00028,2024-12-15,2025-01-04,2025-01-06,Cottage,Booking.com,20,2,6054.85,False,12109.7
B00029,2024-12-24,2025-01-04,2025-01-06,Camping Tent,Agoda,11,2,3206.96,False,6413.92
B00030,2024-12-19,2025-01-05,2025-01-08,Cottage,Booking.com,17,3,6313.23,False,18939.69
B00031,2024-12-26,2025-01-05,2025-01-06,Cottage,Direct,10,1,5856.98,False,5856.98
B00032,2024-12-10,2025-01-05,2025-01-06,Cottage,Direct,26,1,5815.07,False,5815.07
B00033,2024-12-20,2025-01-05,2025-01-06,Cottage,Booking.com,16,1,5884.96,False,5884.96
B00034,2024-12-22,2025-01-05,2025-01-08,Cottage,MakeMyTrip,14,3,5736.39,False,17209.17
B00035,2024-12-23,2025-01-05,2025-01-07,Cottage,Booking.com,13,2,6016.2,False,12032.4
B00036,2024-12-09,2025-01-05,2025-01-07,Dormitory,MakeMyTrip,27,2,2567.77,False,5135.54
B00037,2024-12-17,2025-01-05,2025-01-07,Dormitory,Agoda,19,2,2591.06,False,5182.12
B00038,2024-12-23,2025-01-05,2025-01-06,Camping Tent,MakeMyTrip,13,1,3392.15,False,3392.15
B00039,2024-12-16,2025-01-05,2025-01-07,Camping Tent,MakeMyTrip,20,2,3229.86,False,6459.72
B00040,2024-12-24,2025-01-06,2025-01-08,Cottage,Direct,13,2,5503.58,False,11007.16
B00041,2025-01-05,2025-01-06,2025-01-10,Cottage,Direct,1,4,5792.61,False,23170.44
B00042,2024-12-22,2025-01-06,2025-01-07,Cottage,Agoda,15,1,5535.79,False,5535.79
B00043,2024-12-20,2025-01-06,2025-01-09,Cottage,Direct,17,3,5389.72,False,16169.16
B00044,2024-12-15,2025-01-06,2025-01-07,Dormitory,MakeMyTrip,22,1,2522.94,False,2522.94
B00045,2024-12-29,2025-01-06,2025-01-08,Dormitory,MakeMyTrip,8,2,2231.48,False,4462.96
B00046,2024-12-30,2025-01-07,2025-01-09,Cottage,MakeMyTrip,8,2,5379.77,False,10759.54
B00047,2024-11-13,2025-01-07,2025-01-10,Cottage,MakeMyTrip,55,3,5798.98,False,17396.94
B00048,2024-12-30,2025-01-07,2025-01-08,Cottage,Booking.com,8,1,5803.66,False,5803.66
B00049,2024-12-24,2025-01-07,2025-01-08,Dormitory,Direct,14,1,2216.21,False,2216.21
B00050,2024-12-10,2025-01-07,2025-01-09,Dormitory,Direct,28,2,2340.73,False,4681.46
B00051,2024-12-17,2025-01-07,2025-01-10,Camping Tent,Booking.com,21,3,3158.02,False,9474.06
B00052,2024-12-25,2025-01-08,2025-01-11,Cottage,Direct,14,3,5464.74,False,16394.22
B00053,2024-11-19,2025-01-08,2025-01-09,Cottage,Agoda,50,1,5148.94,False,5148.94
B00054,2024-12-26,2025-01-08,2025-01-11,Cottage,Direct,13,3,5275.18,False,15825.54
B00055,2024-12-26,2025-01-08,2025-01-10,Cottage,MakeMyTrip,13,2,5728.3,False,11456.6
B00056,2025-01-03,2025-01-08,2025-01-09,Dormitory,Direct,5,1,2404.63,False,2404.63
B00057,2024-12-13,2025-01-08,2025-01-11,Camping Tent,MakeMyTrip,26,3,2830.67,False,8492.01
B00058,2024-12-27,2025-01-08,2025-01-11,Camping Tent,MakeMyTrip,12,3,3252.96,False,9758.88
B00059,2024-12-16,2025-01-09,2025-01-10,Cottage,Booking.com,24,1,5335.29,False,5335.29
B00060,2024-12-29,2025-01-09,2025-01-11,Cottage,Booking.com,11,2,5534.25,True,11068.5
B00061,2024-12-30,2025-01-09,2025-01-10,Cottage,Agoda,10,1,5241.76,True,5241.76
B00062,2024-12-25,2025-01-09,2025-01-11,Cottage,Booking.com,15,2,5646.99,False,11293.98
B00063,2024-12-11,2025-01-09,2025-01-11,Cottage,Booking.com,29,2,5550.36,False,11100.72
B00064,2024-12-15,2025-01-09,2025-01-11,Dormitory,Booking.com,25,2,2157.42,True,4314.84
B00065,2024-12-31,2025-01-09,2025-01-11,Camping Tent,Direct,9,2,2734.96,False,5469.92
B00066,2024-12-23,2025-01-10,2025-01-12,Cottage,Direct,18,2,6605.74,False,13211.48
B00067,2024-12-28,2025-01-10,2025-01-11,Cottage,Booking.com,13,1,5708.04,True,5708.04
B00068,2024-12-30,2025-01-10,2025-01-13,Cottage,MakeMyTrip,11,3,6348.73,False,19046.19
B00069,2024-11-15,2025-01-10,2025-01-12,Cottage,Direct,56,2,6612.94,False,13225.88
B00070,2024-12-17,2025-01-10,2025-01-12,Cottage,Direct,24,2,6385.03,False,12770.06
B00071,2024-12-04,2025-01-10,2025-01-12,Cottage,Booking.com,37,2,5952.81,False,11905.62
B00072,2024-12-30,2025-01-10,2025-01-13,Villa,Direct,11,3,11833.34,False,35500.02
B00073,2024-12-25,2025-01-10,2025-01-11,Camping Tent,Direct,16,1,3367.65,False,3367.65
B00074,2025-01-03,2025-01-11,2025-01-12,Cottage,Direct,8,1,6558.87,False,6558.87
B00075,2025-01-02,2025-01-11,2025-01-13,Cottage,Direct,9,2,6236.16,False,12472.32
B00076,2025-01-01,2025-01-11,2025-01-13,Cottage,Booking.com,10,2,6131.76,False,12263.52
B00077,2024-12-24,2025-01-11,2025-01-12,Cottage,Booking.com,18,1,6189.78,False,6189.78
B00078,2024-12-24,2025-01-11,2025-01-13,Cottage,MakeMyTrip,18,2,6440.8,False,12881.6
B00079,2024-12-30,2025-01-11,2025-01-13,Dormitory,Direct,12,2,2685.45,False,5370.9
B00080,2024-12-24,2025-01-11,2025-01-13,Camping Tent,MakeMyTrip,18,2,3190.63,False,6381.26
B00081,2024-12-31,2025-01-12,2025-01-13,Cottage,Booking.com,12,1,6964.53,False,6964.53
B00082,2025-01-07,2025-01-12,2025-01-14,Cottage,Direct,5,2,6450.53,False,12901.06
B00083,2025-01-02,2025-01-12,2025-01-14,Cottage,MakeMyTrip,10,2,6162.19,False,12324.38
B00084,2025-01-04,2025-01-12,2025-01-14,Cottage,Direct,8,2,6247.53,False,12495.06
B00085,2025-01-08,2025-01-12,2025-01-14,Cottage,Direct,4,2,5461.77,False,10923.54
B00086,2024-12-25,2025-01-12,2025-01-16,Cottage,Agoda,18,4,6319.64,False,25278.56
B00087,2025-01-06,2025-01-12,2025-01-13,Cottage,Direct,6,1,6010.28,False,6010.28
B00088,2024-12-25,2025-01-12,2025-01-14,Villa,MakeMyTrip,18,2,12284.36,False,24568.72
B00089,2024-12-30,2025-01-12,2025-01-14,Dormitory,Agoda,13,2,2856.6,False,5713.2
B00090,2024-12-30,2025-01-12,2025-01-14,Camping Tent,MakeMyTrip,13,2,3406.07,False,6812.14
B00091,2024-12-16,2025-01-13,2025-01-15,Cottage,Direct,28,2,5529.07,False,11058.14
B00092,2025-01-11,2025-01-13,2025-01-16,Cottage,Direct,2,3,4650.67,False,13952.01
B00093,2024-12-28,2025-01-13,2025-01-14,Cottage,Direct,16,1,5628.91,False,5628.91
B00094,2024-11-26,2025-01-13,2025-01-15,Cottage,Booking.com,48,2,5377.49,False,10754.98
B00095,2024-12-31,2025-01-13,2025-01-14,Cottage,MakeMyTrip,13,1,5900.45,False,5900.45
B00096,2024-12-21,2025-01-13,2025-01-15,Camping Tent,Booking.com,23,2,2693.16,True,5386.32
B00097,2025-01-04,2025-01-14,2025-01-16,Cottage,Booking.com,10,2,5739.91,True,11479.82
B00098,2024-12-23,2025-01-14,2025-01-18,Cottage,MakeMyTrip,22,4,5616.46,False,22465.84
B00099,2024-12-01,2025-01-14,2025-01-15,Cottage,MakeMyTrip,44,1,5514.07,False,5514.07
B00100,2025-01-06,2025-01-14,2025-01-16,Cottage,Direct,8,2,6051.3,False,12102.6
B00101,2025-01-02,2025-01-14,2025-01-16,Cottage,Direct,12,2,5016.38,False,10032.76
B00102,2024-12-20,2025-01-14,2025-01-18,Dormitory,Agoda,25,4,2224.3,False,8897.2
B00103,2024-12-24,2025-01-14,2025-01-15,Camping Tent,Booking.com,21,1,3023.61,False,3023.61
B00104,2025-01-07,2025-01-14,2025-01-16,Camping Tent,Direct,7,2,2834.81,False,5669.62
B00105,2025-01-04,2025-01-15,2025-01-19,Cottage,MakeMyTrip,11,4,5604.36,False,22417.44
B00106,2024-12-31,2025-01-15,2025-01-16,Cottage,Agoda,15,1,5496.29,False,5496.29
B00107,2024-12-28,2025-01-15,2025-01-16,Cottage,Booking.com,18,1,5193.68,False,5193.68
B00108,2024-12-28,2025-01-15,2025-01-18,Cottage,Agoda,18,3,5340.96,False,16022.88
B00109,2024-12-22,2025-01-15,2025-01-16,Dormitory,MakeMyTrip,24,1,2219.36,False,2219.36
B00110,2025-01-04,2025-01-16,2025-01-17,Cottage,Direct,12,1,5576.43,False,5576.43
B00111,2024-12-18,2025-01-16,2025-01-17,Cottage,MakeMyTrip,29,1,5914.31,False,5914.31
B00112,2025-01-07,2025-01-16,2025-01-18,Cottage,Direct,9,2,5448.39,False,10896.78
B00113,2024-12-20,2025-01-16,2025-01-17,Villa,Booking.com,27,1,11524.87,False,11524.87
B00114,2024-12-15,2025-01-16,2025-01-18,Dormitory,MakeMyTrip,32,2,2243.09,False,4486.18
B00115,2025-01-13,2025-01-16,2025-01-18,Dormitory,Direct,3,2,2227.49,False,4454.98
B00116,2025-01-01,2025-01-16,2025-01-18,Camping Tent,MakeMyTrip,15,2,2872.76,False,5745.52
B00117,2025-01-04,2025-01-16,2025-01-19,Camping Tent,Booking.com,12,3,3364.52,False,10093.56
B00118,2025-01-07,2025-01-17,2025-01-18,Cottage,Booking.com,10,1,6115.73,False,6115.73
B00119,2024-12-31,2025-01-17,2025-01-19,Cottage,MakeMyTrip,17,2,5807.19,False,11614.38
B00120,2025-01-07,2025-01-17,2025-01-19,Cottage,Direct,10,2,6188.8,False,12377.6
B00121,2024-12-29,2025-01-17,2025-01-18,Cottage,Direct,19,1,5716.14,False,5716.14
B00122,2025-01-07,2025-01-17,2025-01-19,Villa,Booking.com,10,2,12853.35,False,25706.7
B00123,2025-01-03,2025-01-17,2025-01-18,Dormitory,Direct,14,1,2570.1,False,2570.1
B00124,2025-01-02,2025-01-17,2025-01-18,Camping Tent,MakeMyTrip,15,1,3344.75,True,3344.75
B00125,2025-01-08,2025-01-18,2025-01-19,Cottage,Direct,10,1,6634.7,False,6634.7
B00126,2025-01-03,2025-01-18,2025-01-20,Cottage,Booking.com,15,2,5545.94,True,11091.88
B00127,2025-01-08,2025-01-18,2025-01-19,Cottage,Direct,10,1,6122.78,False,6122.78
B00128,2025-01-01,2025-01-18,2025-01-21,Dormitory,Booking.com,17,3,2479.82,False,7439.46
B00129,2024-12-28,2025-01-18,2025-01-20,Camping Tent,MakeMyTrip,21,2,3283.83,False,6567.66
B00130,2025-01-11,2025-01-19,2025-01-20,Cottage,Direct,8,1,5917.03,False,5917.03
B00131,2024-12-26,2025-01-19,2025-01-21,Cottage,Direct,24,2,5776.47,False,11552.94
B00132,2025-01-11,2025-01-19,2025-01-22,Cottage,Direct,8,3,6123.68,True,18371.04
B00133,2024-12-23,2025-01-19,2025-01-20,Cottage,MakeMyTrip,27,1,5992.1,False,5992.1
B00134,2024-12-29,2025-01-19,2025-01-23,Cottage,Booking.com,21,4,6658.64,False,26634.56
B00135,2025-01-17,2025-01-19,2025-01-21,Camping Tent,Direct,2,2,3215.68,False,6431.36
B00136,2024-12-31,2025-01-20,2025-01-22,Cottage,Booking.com,20,2,5046.25,False,10092.5
B00137,2024-12-17,2025-01-20,2025-01-21,Cottage,Booking.com,34,1,5651.7,False,5651.7
B00138,2025-01-05,2025-01-20,2025-01-21,Cottage,Booking.com,15,1,5605.75,False,5605.75
B00139,2025-01-14,2025-01-20,2025-01-22,Dormitory,Direct,6,2,2228.47,False,4456.94
B00140,2025-01-18,2025-01-20,2025-01-21,Camping Tent,Direct,2,1,2767.37,False,2767.37
B00141,2025-01-09,2025-01-21,2025-01-22,Cottage,Booking.com,12,1,5487.0,False,5487.0
B00142,2025-01-08,2025-01-21,2025-01-23,Cottage,Booking.com,13,2,4753.97,False,9507.94
B00143,2024-12-24,2025-01-21,2025-01-23,Cottage,Booking.com,28,2,5483.12,False,10966.24
B00144,2024-12-31,2025-01-21,2025-01-23,Cottage,Booking.com,21,2,5260.73,True,10521.46
B00145,2025-01-08,2025-01-21,2025-01-22,Dormitory,Direct,13,1,2379.97,False,2379.97
B00146,2025-01-02,2025-01-22,2025-01-24,Cottage,Booking.com,20,2,5783.7,False,11567.4
B00147,2024-12-31,2025-01-22,2025-01-24,Cottage,MakeMyTrip,22,2,5177.74,True,10355.48
B00148,2025-01-06,2025-01-22,2025-01-24,Cottage,Direct,16,2,5306.54,False,10613.08
B00149,2025-01-04,2025-01-22,2025-01-23,Cottage,Booking.com,18,1,5244.75,False,5244.75
B00150,2024-12-02,2025-01-22,2025-01-24,Cottage,MakeMyTrip,51,2,5180.22,False,10360.44
B00151,2025-01-21,2025-01-22,2025-01-24,Dormitory,Direct,1,2,2231.28,True,4462.56
B00152,2024-12-21,2025-01-22,2025-01-23,Dormitory,MakeMyTrip,32,1,2465.49,False,2465.49
B00153,2025-01-02,2025-01-22,2025-01-26,Camping Tent,Booking.com,20,4,3007.85,False,12031.4
B00154,2024-12-24,2025-01-23,2025-01-27,Cottage,MakeMyTrip,30,4,5631.21,True,22524.84
B00155,2025-01-20,2025-01-23,2025-01-27,Cottage,Direct,3,4,5191.74,False,20766.96
B00156,2025-01-06,2025-01-23,2025-01-24,Cottage,Agoda,17,1,5366.37,False,5366.37
B00157,2024-12-24,2025-01-23,2025-01-26,Cottage,MakeMyTrip,30,3,5160.2,False,15480.6
B00158,2025-01-11,2025-01-23,2025-01-24,Cottage,MakeMyTrip,12,1,5502.14,False,5502.14
B00159,2024-12-30,2025-01-23,2025-01-24,Dormitory,Direct,24,1,2228.0,False,2228.0
B00160,2024-12-30,2025-01-23,2025-01-26,Dormitory,Booking.com,24,3,2267.81,False,6803.43
B00161,2024-11-24,2025-01-23,2025-01-25,Camping Tent,Direct,60,2,2778.14,False,5556.28
B00162,2025-01-15,2025-01-24,2025-01-26,Cottage,Direct,9,2,6541.54,False,13083.08
B00163,2025-01-12,2025-01-24,2025-01-26,Cottage,MakeMyTrip,12,2,6296.2,False,12592.4
B00164,2024-12-22,2025-01-24,2025-01-26,Cottage,Agoda,33,2,6241.55,True,12483.1
B00165,2024-12-29,2025-01-24,2025-01-28,Cottage,Direct,26,4,6083.9,False,24335.6
B00166,2024-12-24,2025-01-24,2025-01-26,Cottage,Booking.com,31,2,5677.46,False,11354.92
B00167,2025-01-17,2025-01-24,2025-01-25,Dormitory,Direct,7,1,2666.3,False,2666.3
B00168,2025-01-17,2025-01-24,2025-01-26,Camping Tent,Direct,7,2,3425.11,False,6850.22
B00169,2025-01-03,2025-01-24,2025-01-26,Camping Tent,Agoda,21,2,3410.7,False,6821.4
B00170,2025-01-09,2025-01-25,2025-01-28,Cottage,MakeMyTrip,16,3,5397.78,False,16193.34
B00171,2025-01-04,2025-01-25,2025-01-27,Cottage,Direct,21,2,5839.57,False,11679.14
B00172,2025-01-24,2025-01-25,2025-01-29,Cottage,Direct,1,4,5785.58,True,23142.32
B00173,2025-01-08,2025-01-25,2025-01-26,Cottage,MakeMyTrip,17,1,5942.8,True,5942.8
B00174,2025-01-02,2025-01-25,2025-01-27,Dormitory,Booking.com,23,2,2614.07,True,5228.14
B00175,2025-01-21,2025-01-25,2025-01-27,Dormitory,Direct,4,2,2654.22,False,5308.44
B00176,2025-01-08,2025-01-25,2025-01-26,Camping Tent,MakeMyTrip,17,1,3160.8,False,3160.8
B00177,2025-01-17,2025-01-25,2025-01-28,Camping Tent,Booking.com,8,3,3048.47,True,9145.41
B00178,2025-01-12,2025-01-26,2025-01-28,Cottage,Agoda,14,2,5642.39,False,11284.78
B00179,2025-01-19,2025-01-26,2025-01-27,Cottage,Direct,7,1,6422.28,False,6422.28
B00180,2025-01-04,2025-01-26,2025-01-28,Cottage,MakeMyTrip,22,2,5924.21,False,11848.42
B00181,2025-01-03,2025-01-26,2025-01-29,Cottage,MakeMyTrip,23,3,5986.76,False,17960.28
B00182,2025-01-12,2025-01-26,2025-01-28,Cottage,Agoda,14,2,6294.66,True,12589.32
B00183,2025-01-08,2025-01-26,2025-01-30,Cottage,Booking.com,18,4,6197.83,False,24791.32
B00184,2025-01-10,2025-01-26,2025-01-27,Cottage,MakeMyTrip,16,1,6403.41,False,6403.41
B00185,2025-01-02,2025-01-26,2025-01-27,Dormitory,Booking.com,24,1,2583.98,False,2583.98
B00186,2025-01-08,2025-01-26,2025-01-28,Dormitory,Booking.com,18,2,2619.18,False,5238.36
B00187,2024-12-28,2025-01-26,2025-01-27,Camping Tent,Agoda,29,1,3024.58,True,3024.58
B00188,2025-01-10,2025-01-26,2025-01-28,Camping Tent,Direct,16,2,3388.26,True,6776.52
B00189,2025-01-23,2025-01-27,2025-01-29,Cottage,Direct,4,2,5359.35,False,10718.7
B00190,2025-01-20,2025-01-27,2025-01-29,Cottage,Direct,7,2,5470.64,True,10941.28
B00191,2024-12-15,2025-01-27,2025-01-29,Cottage,MakeMyTrip,43,2,5449.94,False,10899.88
B00192,2025-01-13,2025-01-27,2025-01-30,Cottage,Booking.com,14,3,5526.96,True,16580.88
B00193,2025-01-18,2025-01-27,2025-01-28,Cottage,Direct,9,1,5366.71,False,5366.71
B00194,2025-01-18,2025-01-27,2025-01-28,Dormitory,Direct,9,1,2352.82,False,2352.82
B00195,2025-01-11,2025-01-27,2025-01-29,Camping Tent,MakeMyTrip,16,2,2986.23,True,5972.46
B00196,2025-01-16,2025-01-27,2025-01-28,Camping Tent,Direct,11,1,2954.19,False,2954.19
B00197,2024-12-26,2025-01-28,2025-01-31,Cottage,Agoda,33,3,5169.3,True,15507.9
B00198,2025-01-07,2025-01-28,2025-01-29,Cottage,Booking.com,21,1,4896.18,False,4896.18
B00199,2025-01-08,2025-01-28,2025-01-31,Cottage,MakeMyTrip,20,3,5356.4,False,16069.2
B00200,2025-01-13,2025-01-28,2025-01-31,Villa,MakeMyTrip,15,3,10494.47,False,31483.41
B00201,2024-12-27,2025-01-28,2025-01-30,Dormitory,Booking.com,32,2,2340.13,False,4680.26
B00202,2025-01-14,2025-01-28,2025-02-01,Camping Tent,MakeMyTrip,14,4,2696.22,False,10784.88
B00203,2025-01-28,2025-01-29,2025-01-31,Cottage,Direct,1,2,5524.56,False,11049.12
B00204,2025-01-20,2025-01-29,2025-01-30,Cottage,Direct,9,1,5522.29,False,5522.29
B00205,2025-01-21,2025-01-29,2025-01-30,Cottage,Direct,8,1,4790.97,False,4790.97
B00206,2025-01-16,2025-01-29,2025-01-31,Cottage,Direct,13,2,5258.59,False,10517.18
B00207,2025-01-07,2025-01-29,2025-01-31,Cottage,Direct,22,2,5862.23,False,11724.46
B00208,2024-12-24,2025-01-29,2025-01-31,Villa,Booking.com,36,2,10163.87,True,20327.74
B00209,2025-01-03,2025-01-30,2025-02-01,Cottage,MakeMyTrip,27,2,5317.4,False,10634.8
B00210,2025-01-10,2025-01-30,2025-02-01,Cottage,Agoda,20,2,5603.34,False,11206.68
B00211,2025-01-25,2025-01-30,2025-01-31,Cottage,Direct,5,1,5827.02,False,5827.02
B00212,2025-01-14,2025-01-30,2025-01-31,Cottage,MakeMyTrip,16,1,6113.58,False,6113.58
B00213,2025-01-03,2025-01-30,2025-01-31,Cottage,Booking.com,27,1,5491.58,False,5491.58
B00214,2025-01-18,2025-01-30,2025-01-31,Cottage,MakeMyTrip,12,1,5383.69,False,5383.69
B00215,2025-01-23,2025-01-31,2025-02-03,Cottage,Direct,8,3,6293.1,False,18879.3
B00216,2025-01-10,2025-01-31,2025-02-02,Cottage,Agoda,21,2,6410.92,False,12821.84
B00217,2025-01-17,2025-01-31,2025-02-03,Cottage,Direct,14,3,6387.71,False,19163.13
B00218,2025-01-08,2025-01-31,2025-02-01,Cottage,Direct,23,1,6123.51,False,6123.51
B00219,2025-01-14,2025-01-31,2025-02-02,Cottage,Direct,17,2,6115.27,False,12230.54
B00220,2025-01-17,2025-01-31,2025-02-01,Cottage,MakeMyTrip,14,1,5830.05,False,5830.05
B00221,2024-12-22,2025-01-31,2025-02-02,Cottage,MakeMyTrip,40,2,6427.37,False,12854.74
B00222,2024-12-27,2025-01-31,2025-02-01,Camping Tent,MakeMyTrip,35,1,3280.23,False,3280.23
B00223,2024-12-29,2025-02-01,2025-02-03,Cottage,Direct,34,2,5719.03,False,11438.06
B00224,2025-01-13,2025-02-01,2025-02-03,Cottage,Booking.com,19,2,6317.22,True,12634.44
B00225,2025-01-19,2025-02-01,2025-02-03,Cottage,MakeMyTrip,13,2,6066.96,False,12133.92
B00226,2025-01-23,2025-02-01,2025-02-03,Villa,Direct,9,2,11537.01,False,23074.02
B00227,2025-01-19,2025-02-01,2025-02-02,Dormitory,Booking.com,13,1,2546.83,False,2546.83
B00228,2025-01-20,2025-02-01,2025-02-02,Camping Tent,Agoda,12,1,2975.6,False,2975.6
B00229,2025-01-11,2025-02-02,2025-02-05,Cottage,Booking.com,22,3,6251.97,False,18755.91
B00230,2025-01-10,2025-02-02,2025-02-03,Cottage,MakeMyTrip,23,1,5987.49,False,5987.49
B00231,2025-01-28,2025-02-02,2025-02-03,Cottage,Direct,5,1,5874.35,True,5874.35
B00232,2025-01-16,2025-02-02,2025-02-03,Cottage,Direct,17,1,5863.99,False,5863.99
B00233,2025-01-19,2025-02-02,2025-02-04,Cottage,Direct,14,2,6039.52,False,12079.04
B00234,2025-01-14,2025-02-02,2025-02-04,Villa,Agoda,19,2,11788.27,False,23576.54
B00235,2025-01-23,2025-02-02,2025-02-03,Dormitory,Booking.com,10,1,2430.94,False,2430.94
B00236,2025-01-10,2025-02-02,2025-02-03,Camping Tent,MakeMyTrip,23,1,2923.84,False,2923.84
B00237,2025-01-19,2025-02-02,2025-02-03,Camping Tent,Direct,14,1,3191.14,False,3191.14
B00238,2025-01-27,2025-02-03,2025-02-04,Cottage,Direct,7,1,5127.38,False,5127.38
B00239,2025-01-20,2025-02-03,2025-02-04,Cottage,Booking.com,14,1,5331.48,False,5331.48
B00240,2025-01-04,2025-02-03,2025-02-06,Cottage,MakeMyTrip,30,3,5057.19,False,15171.57
B00241,2025-01-28,2025-02-03,2025-02-04,Cottage,Direct,6,1,5107.78,False,5107.78
B00242,2025-01-24,2025-02-03,2025-02-05,Cottage,MakeMyTrip,10,2,5580.78,False,11161.56
B00243,2025-01-12,2025-02-03,2025-02-05,Cottage,Direct,22,2,5226.09,False,10452.18
B00244,2025-01-21,2025-02-03,2025-02-05,Villa,MakeMyTrip,13,2,10969.07,False,21938.14
B00245,2025-01-31,2025-02-04,2025-02-07,Cottage,Direct,4,3,5709.61,False,17128.83
B00246,2025-01-16,2025-02-04,2025-02-07,Cottage,Booking.com,19,3,5178.91,False,15536.73
B00247,2025-01-20,2025-02-04,2025-02-05,Cottage,MakeMyTrip,15,1,5163.41,False,5163.41
B00248,2025-01-17,2025-02-04,2025-02-06,Cottage,Booking.com,18,2,5337.21,False,10674.42
B00249,2025-02-01,2025-02-05,2025-02-06,Cottage,Direct,4,1,4969.83,False,4969.83
B00250,2025-01-29,2025-02-05,2025-02-08,Cottage,Direct,7,3,5294.92,False,15884.76
B00251,2025-01-14,2025-02-05,2025-02-06,Cottage,Booking.com,22,1,5122.52,True,5122.52
B00252,2025-01-31,2025-02-05,2025-02-06,Dormitory,Direct,5,1,2129.99,False,2129.99
B00253,2025-01-29,2025-02-05,2025-02-07,Dormitory,Direct,7,2,2062.94,False,4125.88
B00254,2025-01-22,2025-02-05,2025-02-08,Camping Tent,Booking.com,14,3,2890.37,False,8671.11
B00255,2025-01-23,2025-02-05,2025-02-08,Camping Tent,MakeMyTrip,13,3,2948.86,False,8846.58
B00256,2025-01-25,2025-02-06,2025-02-09,Cottage,MakeMyTrip,12,3,5212.05,False,15636.15
B00257,2025-01-23,2025-02-06,2025-02-08,Cottage,Booking.com,14,2,5184.81,False,10369.62
B00258,2024-12-30,2025-02-06,2025-02-07,Cottage,MakeMyTrip,38,1,5294.82,False,5294.82
B00259,2025-01-21,2025-02-06,2025-02-08,Cottage,MakeMyTrip,16,2,5181.79,False,10363.58
B00260,2025-01-11,2025-02-06,2025-02-08,Cottage,Agoda,26,2,5534.52,False,11069.04
B00261,2025-01-18,2025-02-06,2025-02-07,Dormitory,Booking.com,19,1,2226.72,True,2226.72
B00262,2025-02-04,2025-02-07,2025-02-09,Cottage,Direct,3,2,6089.02,False,12178.04
B00263,2025-01-17,2025-02-07,2025-02-09,Cottage,Agoda,21,2,5639.09,False,11278.18
B00264,2025-01-14,2025-02-07,2025-02-10,Cottage,Booking.com,24,3,6207.26,False,18621.78
B00265,2025-01-28,2025-02-07,2025-02-09,Cottage,MakeMyTrip,10,2,5477.95,False,10955.9
B00266,2025-01-26,2025-02-07,2025-02-08,Cottage,Direct,12,1,5639.51,False,5639.51
B00267,2025-01-25,2025-02-07,2025-02-09,Cottage,MakeMyTrip,13,2,5816.83,False,11633.66
B00268,2025-02-03,2025-02-07,2025-02-08,Cottage,Direct,4,1,5900.52,False,5900.52
B00269,2025-01-12,2025-02-07,2025-02-10,Dormitory,MakeMyTrip,26,3,2380.91,True,7142.73
B00270,2025-01-22,2025-02-07,2025-02-09,Dormitory,Booking.com,16,2,2337.4,False,4674.8
B00271,2025-02-01,2025-02-07,2025-02-08,Camping Tent,Direct,6,1,3084.66,False,3084.66
B00272,2025-01-20,2025-02-08,2025-02-09,Cottage,Direct,19,1,5883.78,False,5883.78
B00273,2025-01-20,2025-02-08,2025-02-11,Cottage,MakeMyTrip,19,3,5678.39,False,17035.17
B00274,2025-01-20,2025-02-08,2025-02-10,Cottage,MakeMyTrip,19,2,6267.03,False,12534.06
B00275,2025-01-25,2025-02-08,2025-02-09,Cottage,MakeMyTrip,14,1,5631.55,False,5631.55
B00276,2025-01-18,2025-02-08,2025-02-11,Cottage,Agoda,21,3,6296.31,False,18888.93
B00277,2025-01-21,2025-02-08,2025-02-09,Cottage,Direct,18,1,5498.78,False,5498.78
B00278,2025-01-23,2025-02-08,2025-02-09,Villa,Booking.com,16,1,11914.51,False,11914.51
B00279,2025-01-27,2025-02-08,2025-02-09,Dormitory,Booking.com,12,1,2283.84,False,2283.84
B00280,2025-01-16,2025-02-08,2025-02-09,Camping Tent,MakeMyTrip,23,1,3032.78,True,3032.78
B00281,2025-02-02,2025-02-09,2025-02-10,Cottage,Direct,7,1,5811.81,False,5811.81
B00282,2025-01-28,2025-02-09,2025-02-10,Cottage,Booking.com,12,1,5855.49,False,5855.49
B00283,2025-02-08,2025-02-09,2025-02-13,Cottage,Direct,1,4,5848.68,False,23394.72
B00284,2025-01-28,2025-02-09,2025-02-11,Cottage,MakeMyTrip,12,2,6067.39,False,12134.78
B00285,2025-01-26,2025-02-09,2025-02-12,Cottage,Booking.com,14,3,5654.36,False,16963.08
B00286,2025-02-03,2025-02-09,2025-02-12,Villa,Direct,6,3,12014.39,False,36043.17
B00287,2025-01-20,2025-02-09,2025-02-10,Dormitory,MakeMyTrip,20,1,2489.52,False,2489.52
B00288,2025-01-18,2025-02-09,2025-02-10,Dormitory,Agoda,22,1,2375.38,False,2375.38
B00289,2025-01-24,2025-02-09,2025-02-11,Camping Tent,Agoda,16,2,3205.76,False,6411.52
B00290,2025-01-27,2025-02-09,2025-02-12,Camping Tent,MakeMyTrip,13,3,3349.61,False,10048.83
B00291,2025-02-04,2025-02-10,2025-02-12,Cottage,Direct,6,2,5065.17,False,10130.34
B00292,2025-01-29,2025-02-10,2025-02-12,Cottage,Direct,12,2,5325.72,False,10651.44
B00293,2025-01-26,2025-02-10,2025-02-12,Cottage,Direct,15,2,5162.44,False,10324.88
B00294,2025-02-01,2025-02-10,2025-02-13,Villa,Booking.com,9,3,10412.21,False,31236.63
B00295,2024-12-31,2025-02-11,2025-02-12,Cottage,Agoda,42,1,5280.1,False,5280.1
B00296,2025-01-03,2025-02-11,2025-02-13,Cottage,Direct,39,2,5031.62,False,10063.24
B00297,2025-01-30,2025-02-11,2025-02-12,Cottage,MakeMyTrip,12,1,4796.96,False,4796.96
B00298,2025-01-27,2025-02-11,2025-02-13,Cottage,Booking.com,15,2,5443.42,False,10886.84
B00299,2025-01-22,2025-02-11,2025-02-13,Villa,MakeMyTrip,20,2,10385.32,True,20770.64
B00300,2025-01-19,2025-02-11,2025-02-15,Dormitory,MakeMyTrip,23,4,2312.68,False,9250.72
B00301,2025-01-29,2025-02-12,2025-02-16,Cottage,MakeMyTrip,14,4,4977.31,False,19909.24
B00302,2025-02-07,2025-02-12,2025-02-13,Cottage,Direct,5,1,5506.92,False,5506.92
B00303,2025-01-22,2025-02-12,2025-02-13,Cottage,Direct,21,1,5337.58,True,5337.58
B00304,2025-02-10,2025-02-12,2025-02-14,Cottage,Direct,2,2,5207.71,False,10415.42
B00305,2025-01-26,2025-02-12,2025-02-15,Villa,MakeMyTrip,17,3,11599.57,False,34798.71
B00306,2025-01-16,2025-02-12,2025-02-13,Camping Tent,Booking.com,27,1,2979.29,False,2979.29
B00307,2025-01-14,2025-02-13,2025-02-16,Cottage,Agoda,30,3,4886.82,False,14660.46
B00308,2025-01-26,2025-02-13,2025-02-15,Cottage,MakeMyTrip,18,2,5564.53,False,11129.06
B00309,2025-02-04,2025-02-13,2025-02-15,Cottage,Booking.com,9,2,5220.27,False,10440.54
B00310,2025-02-04,2025-02-13,2025-02-14,Cottage,Booking.com,9,1,4854.13,False,4854.13
B00311,2025-02-03,2025-02-13,2025-02-14,Cottage,Direct,10,1,5225.78,False,5225.78
B00312,2025-02-03,2025-02-13,2025-02-15,Villa,Direct,10,2,11461.99,False,22923.98
B00313,2025-01-29,2025-02-13,2025-02-15,Camping Tent,Booking.com,15,2,2788.76,False,5577.52
B00314,2025-01-30,2025-02-14,2025-02-16,Cottage,Direct,15,2,6124.85,False,12249.7
B00315,2025-01-31,2025-02-14,2025-02-15,Cottage,Direct,14,1,5706.55,False,5706.55
B00316,2025-01-20,2025-02-14,2025-02-17,Cottage,MakeMyTrip,25,3,5758.92,False,17276.76
B00317,2025-02-06,2025-02-14,2025-02-17,Cottage,Agoda,8,3,5152.48,False,15457.44
B00318,2025-01-29,2025-02-14,2025-02-16,Cottage,MakeMyTrip,16,2,5721.92,False,11443.84
B00319,2025-01-24,2025-02-14,2025-02-15,Cottage,MakeMyTrip,21,1,5477.45,False,5477.45
B00320,2025-02-11,2025-02-14,2025-02-17,Villa,Direct,3,3,12090.11,False,36270.33
B00321,2025-02-11,2025-02-14,2025-02-15,Dormitory,Direct,3,1,2442.82,False,2442.82
B00322,2025-02-04,2025-02-14,2025-02-15,Camping Tent,MakeMyTrip,10,1,3107.24,False,3107.24
B00323,2025-01-31,2025-02-15,2025-02-18,Cottage,MakeMyTrip,15,3,6423.55,False,19270.65
B00324,2025-02-03,2025-02-15,2025-02-19,Cottage,Booking.com,12,4,5694.05,False,22776.2
B00325,2025-01-28,2025-02-15,2025-02-16,Dormitory,MakeMyTrip,18,1,2179.07,True,2179.07
B00326,2025-02-10,2025-02-15,2025-02-16,Camping Tent,Direct,5,1,2823.7,False,2823.7
B00327,2025-01-27,2025-02-16,2025-02-17,Cottage,MakeMyTrip,20,1,5269.43,False,5269.43
B00328,2025-01-15,2025-02-16,2025-02-20,Cottage,Direct,32,4,6122.09,False,24488.36
B00329,2025-02-03,2025-02-16,2025-02-17,Cottage,Direct,13,1,5859.06,False,5859.06
B00330,2025-02-09,2025-02-16,2025-02-19,Cottage,Direct,7,3,5623.36,False,16870.08
B00331,2025-02-10,2025-02-16,2025-02-18,Cottage,Direct,6,2,5967.3,False,11934.6
B00332,2025-01-26,2025-02-16,2025-02-18,Cottage,Agoda,21,2,6088.31,False,12176.62
B00333,2025-01-27,2025-02-16,2025-02-18,Villa,Booking.com,20,2,11403.05,True,22806.1
B00334,2025-02-13,2025-02-16,2025-02-18,Dormitory,Direct,3,2,2418.82,False,4837.64
B00335,2025-02-05,2025-02-16,2025-02-18,Camping Tent,Direct,11,2,3169.54,False,6339.08
B00336,2025-01-21,2025-02-17,2025-02-19,Cottage,MakeMyTrip,27,2,5285.57,False,10571.14
B00337,2025-02-09,2025-02-17,2025-02-19,Cottage,Direct,8,2,5539.1,True,11078.2
B00338,2025-02-05,2025-02-17,2025-02-20,Cottage,MakeMyTrip,12,3,5191.36,False,15574.08
B00339,2025-01-02,2025-02-17,2025-02-18,Cottage,Direct,46,1,5168.14,False,5168.14
B00340,2025-02-06,2025-02-17,2025-02-19,Dormitory,Booking.com,11,2,2161.48,False,4322.96
B00341,2025-01-24,2025-02-17,2025-02-20,Dormitory,Agoda,24,3,2242.74,False,6728.22
B00342,2025-02-02,2025-02-17,2025-02-19,Camping Tent,Direct,15,2,2683.96,False,5367.92
B00343,2025-01-31,2025-02-18,2025-02-20,Cottage,Direct,18,2,5005.81,False,10011.62
B00344,2025-02-11,2025-02-18,2025-02-20,Cottage,Direct,7,2,4990.09,False,9980.18
B00345,2025-01-30,2025-02-18,2025-02-20,Cottage,Booking.com,19,2,5210.51,False,10421.02
B00346,2025-02-03,2025-02-18,2025-02-19,Dormitory,MakeMyTrip,15,1,2106.11,False,2106.11
B00347,2025-02-06,2025-02-18,2025-02-19,Dormitory,Direct,12,1,2206.39,False,2206.39
B00348,2025-02-03,2025-02-18,2025-02-19,Camping Tent,Booking.com,15,1,2735.03,False,2735.03
B00349,2025-02-18,2025-02-19,2025-02-20,Cottage,Direct,1,1,5155.24,False,5155.24
B00350,2025-01-15,2025-02-19,2025-02-23,Cottage,MakeMyTrip,35,4,5119.15,False,20476.6
B00351,2025-01-31,2025-02-19,2025-02-20,Villa,MakeMyTrip,19,1,10038.15,False,10038.15
B00352,2025-01-26,2025-02-19,2025-02-20,Camping Tent,MakeMyTrip,24,1,2775.14,False,2775.14
B00353,2025-02-09,2025-02-19,2025-02-21,Camping Tent,Booking.com,10,2,2549.32,False,5098.64
B00354,2025-02-02,2025-02-20,2025-02-21,Cottage,Direct,18,1,5329.0,False,5329.0
B00355,2025-01-20,2025-02-20,2025-02-24,Cottage,Agoda,31,4,4587.72,False,18350.88
B00356,2025-02-11,2025-02-20,2025-02-21,Dormitory,Agoda,9,1,2185.04,False,2185.04
B00357,2025-02-11,2025-02-20,2025-02-23,Dormitory,Direct,9,3,2197.23,False,6591.69
B00358,2025-02-08,2025-02-21,2025-02-23,Cottage,Booking.com,13,2,6256.07,False,12512.14
B00359,2025-02-21,2025-02-21,2025-02-23,Cottage,Direct,0,2,5973.79,False,11947.58
B00360,2025-02-17,2025-02-21,2025-02-23,Villa,Direct,4,2,11415.33,False,22830.66
B00361,2025-01-31,2025-02-21,2025-02-23,Camping Tent,Agoda,21,2,3172.81,False,6345.62
B00362,2025-02-07,2025-02-22,2025-02-23,Cottage,Agoda,15,1,5408.23,False,5408.23
B00363,2025-01-24,2025-02-22,2025-02-23,Cottage,MakeMyTrip,29,1,5936.44,False,5936.44
B00364,2025-02-19,2025-02-22,2025-02-25,Cottage,Direct,3,3,5967.2,False,17901.6
B00365,2025-02-02,2025-02-22,2025-02-23,Cottage,MakeMyTrip,20,1,5735.96,False,5735.96
B00366,2025-02-08,2025-02-22,2025-02-25,Villa,MakeMyTrip,14,3,13287.85,False,39863.55
B00367,2025-01-28,2025-02-22,2025-02-24,Camping Tent,Booking.com,25,2,3220.24,False,6440.48
B00368,2025-02-05,2025-02-23,2025-02-24,Cottage,MakeMyTrip,18,1,6194.34,False,6194.34
B00369,2025-01-27,2025-02-23,2025-02-24,Cottage,MakeMyTrip,27,1,5846.07,False,5846.07
B00370,2025-02-19,2025-02-23,2025-02-26,Cottage,Direct,4,3,5938.02,False,17814.06
B00371,2025-02-19,2025-02-23,2025-02-26,Cottage,Direct,4,3,5733.67,False,17201.01
B00372,2025-02-08,2025-02-23,2025-02-24,Cottage,Booking.com,15,1,5716.71,False,5716.71
B00373,2025-01-26,2025-02-23,2025-02-25,Cottage,Agoda,28,2,5501.27,False,11002.54
B00374,2025-02-03,2025-02-23,2025-02-26,Villa,Booking.com,20,3,10987.15,False,32961.45
B00375,2025-02-10,2025-02-24,2025-02-28,Cottage,MakeMyTrip,14,4,5677.67,True,22710.68
B00376,2025-02-08,2025-02-24,2025-02-28,Cottage,Booking.com,16,4,5258.6,False,21034.4
B00377,2025-02-06,2025-02-24,2025-02-26,Cottage,MakeMyTrip,18,2,5606.2,False,11212.4
B00378,2025-02-01,2025-02-24,2025-02-25,Cottage,Booking.com,23,1,5383.86,False,5383.86
B00379,2025-02-09,2025-02-24,2025-02-25,Camping Tent,Booking.com,15,1,2819.66,False,2819.66
B00380,2025-01-15,2025-02-25,2025-02-27,Cottage,MakeMyTrip,41,2,5467.65,False,10935.3
B00381,2025-02-13,2025-02-25,2025-02-26,Cottage,Agoda,12,1,5063.29,False,5063.29
B00382,2025-02-10,2025-02-25,2025-02-26,Cottage,Direct,15,1,5118.51,False,5118.51
B00383,2025-02-06,2025-02-25,2025-02-26,Cottage,Agoda,19,1,5220.6,False,5220.6
B00384,2025-02-05,2025-02-25,2025-02-28,Villa,Direct,20,3,10812.94,False,32438.82
B00385,2025-02-09,2025-02-25,2025-02-28,Dormitory,Direct,16,3,2235.02,False,6705.06
B00386,2025-02-13,2025-02-26,2025-02-27,Cottage,Direct,13,1,4902.41,False,4902.41
B00387,2025-02-07,2025-02-26,2025-02-27,Cottage,Booking.com,19,1,4899.63,False,4899.63
B00388,2025-02-09,2025-02-26,2025-02-28,Cottage,Direct,17,2,4980.26,False,9960.52
B00389,2025-02-18,2025-02-26,2025-02-27,Cottage,Direct,8,1,5261.57,False,5261.57
B00390,2025-02-18,2025-02-26,2025-02-27,Dormitory,Direct,8,1,2307.16,True,2307.16
B00391,2025-02-10,2025-02-26,2025-02-28,Dormitory,MakeMyTrip,16,2,2177.59,False,4355.18
B00392,2025-02-07,2025-02-26,2025-02-28,Camping Tent,Booking.com,19,2,2917.34,True,5834.68
B00393,2025-02-21,2025-02-26,2025-02-27,Camping Tent,Direct,5,1,2744.08,True,2744.08
B00394,2025-02-19,2025-02-27,2025-02-28,Cottage,Direct,8,1,5210.11,False,5210.11
B00395,2025-01-30,2025-02-27,2025-03-01,Cottage,Agoda,28,2,5505.97,False,11011.94
B00396,2025-01-08,2025-02-27,2025-03-01,Cottage,Booking.com,50,2,5522.37,False,11044.74
B00397,2025-02-13,2025-02-27,2025-03-01,Cottage,MakeMyTrip,14,2,5004.51,False,10009.02
B00398,2025-02-25,2025-02-27,2025-02-28,Dormitory,Direct,2,1,2447.89,False,2447.89
B00399,2025-02-13,2025-02-27,2025-03-01,Camping Tent,Direct,14,2,2631.5,False,5263.0
B00400,2025-02-03,2025-02-28,2025-03-02,Cottage,Booking.com,25,2,5386.84,False,10773.68
B00401,2025-01-09,2025-02-28,2025-03-03,Cottage,Booking.com,50,3,5706.26,False,17118.78
B00402,2025-02-22,2025-02-28,2025-03-02,Cottage,Direct,6,2,5578.41,False,11156.82
B00403,2025-02-25,2025-03-01,2025-03-04,Cottage,Direct,4,3,5515.43,False,16546.29
B00404,2025-02-19,2025-03-01,2025-03-02,Cottage,Direct,10,1,5558.79,False,5558.79
B00405,2025-02-14,2025-03-01,2025-03-02,Cottage,MakeMyTrip,15,1,5231.83,True,5231.83
B00406,2025-02-18,2025-03-01,2025-03-04,Cottage,Agoda,11,3,5885.31,False,17655.93
B00407,2025-02-27,2025-03-01,2025-03-04,Cottage,Direct,2,3,5508.83,False,16526.49
B00408,2025-01-27,2025-03-01,2025-03-02,Cottage,Booking.com,33,1,5497.12,False,5497.12
B00409,2025-02-08,2025-03-01,2025-03-02,Villa,MakeMyTrip,21,1,11303.74,False,11303.74
B00410,2025-02-22,2025-03-01,2025-03-02,Camping Tent,Direct,7,1,2766.48,True,2766.48
B00411,2025-02-13,2025-03-02,2025-03-05,Cottage,Booking.com,17,3,6117.97,False,18353.91
B00412,2025-02-14,2025-03-02,2025-03-05,Cottage,Booking.com,16,3,5567.44,False,16702.32
B00413,2025-02-15,2025-03-02,2025-03-06,Cottage,Direct,15,4,5791.06,False,23164.24
B00414,2025-02-08,2025-03-02,2025-03-04,Cottage,Booking.com,22,2,5539.33,False,11078.66
B00415,2025-02-18,2025-03-02,2025-03-03,Cottage,Agoda,12,1,5351.49,True,5351.49
B00416,2025-02-21,2025-03-02,2025-03-05,Cottage,Direct,9,3,5490.91,True,16472.73
B00417,2025-02-21,2025-03-02,2025-03-03,Cottage,Booking.com,9,1,5899.67,True,5899.67
B00418,2025-02-12,2025-03-02,2025-03-03,Cottage,MakeMyTrip,18,1,5657.19,False,5657.19
B00419,2025-02-04,2025-03-02,2025-03-04,Villa,Direct,26,2,11200.55,False,22401.1
B00420,2025-02-27,2025-03-02,2025-03-04,Dormitory,Direct,3,2,2393.25,False,4786.5
B00421,2025-02-27,2025-03-02,2025-03-04,Camping Tent,Direct,3,2,2979.88,False,5959.76
B00422,2025-02-01,2025-03-03,2025-03-04,Cottage,Direct,30,1,5200.11,False,5200.11
B00423,2025-02-03,2025-03-03,2025-03-06,Cottage,MakeMyTrip,28,3,4972.81,False,14918.43
B00424,2025-02-21,2025-03-03,2025-03-04,Cottage,Booking.com,10,1,4804.03,True,4804.03
B00425,2025-02-19,2025-03-03,2025-03-05,Cottage,Booking.com,12,2,4779.51,False,9559.02
B00426,2025-02-19,2025-03-03,2025-03-06,Cottage,Agoda,12,3,5119.69,False,15359.07
B00427,2025-01-27,2025-03-03,2025-03-05,Camping Tent,Booking.com,35,2,2750.24,False,5500.48
B00428,2025-02-17,2025-03-03,2025-03-05,Camping Tent,Booking.com,14,2,2874.63,True,5749.26
B00429,2025-02-04,2025-03-04,2025-03-05,Cottage,Booking.com,28,1,4974.59,False,4974.59
B00430,2025-02-24,2025-03-04,2025-03-05,Cottage,Direct,8,1,5494.2,False,5494.2
B00431,2025-02-14,2025-03-04,2025-03-06,Cottage,MakeMyTrip,18,2,4954.43,False,9908.86
B00432,2025-01-26,2025-03-04,2025-03-05,Cottage,Agoda,37,1,5572.27,False,5572.27
B00433,2025-01-27,2025-03-04,2025-03-06,Dormitory,Booking.com,36,2,2226.33,True,4452.66
B00434,2025-02-15,2025-03-05,2025-03-06,Cottage,Agoda,18,1,4760.74,True,4760.74
B00435,2025-02-19,2025-03-05,2025-03-07,Cottage,MakeMyTrip,14,2,5057.27,False,10114.54
B00436,2025-02-18,2025-03-05,2025-03-07,Cottage,MakeMyTrip,15,2,5069.89,False,10139.78
B00437,2025-03-01,2025-03-05,2025-03-09,Cottage,Direct,4,4,4536.12,False,18144.48
B00438,2025-02-22,2025-03-05,2025-03-06,Cottage,Direct,11,1,4590.28,False,4590.28
B00439,2025-02-15,2025-03-05,2025-03-06,Cottage,Agoda,18,1,4775.26,False,4775.26
B00440,2025-02-21,2025-03-05,2025-03-07,Camping Tent,MakeMyTrip,12,2,2513.94,False,5027.88
B00441,2025-02-17,2025-03-05,2025-03-07,Camping Tent,Agoda,16,2,2904.24,False,5808.48
B00442,2025-02-12,2025-03-06,2025-03-08,Cottage,MakeMyTrip,22,2,5411.43,False,10822.86
B00443,2025-02-16,2025-03-06,2025-03-09,Villa,MakeMyTrip,18,3,9687.29,False,29061.87
B00444,2025-02-01,2025-03-06,2025-03-07,Dormitory,Booking.com,33,1,1944.52,False,1944.52
B00445,2025-02-08,2025-03-06,2025-03-10,Camping Tent,Booking.com,26,4,2728.9,False,10915.6
B00446,2025-02-10,2025-03-07,2025-03-09,Cottage,Agoda,25,2,5587.69,False,11175.38
B00447,2025-03-06,2025-03-07,2025-03-09,Cottage,Direct,1,2,5159.71,False,10319.42
B00448,2025-02-19,2025-03-07,2025-03-10,Cottage,MakeMyTrip,16,3,5419.64,True,16258.92
B00449,2025-02-17,2025-03-07,2025-03-10,Cottage,MakeMyTrip,18,3,5505.39,False,16516.17
B00450,2025-02-10,2025-03-07,2025-03-10,Cottage,Booking.com,25,3,5157.87,False,15473.61
B00451,2025-02-20,2025-03-07,2025-03-08,Cottage,Direct,15,1,5538.37,False,5538.37
B00452,2025-02-04,2025-03-07,2025-03-08,Villa,MakeMyTrip,31,1,11399.54,False,11399.54
B00453,2025-02-24,2025-03-07,2025-03-09,Dormitory,MakeMyTrip,11,2,2444.69,False,4889.38
B00454,2025-03-03,2025-03-07,2025-03-10,Camping Tent,Direct,4,3,2952.57,True,8857.71
B00455,2025-01-28,2025-03-07,2025-03-08,Camping Tent,Booking.com,38,1,3188.27,False,3188.27
B00456,2025-02-28,2025-03-08,2025-03-10,Cottage,Direct,8,2,5548.01,False,11096.02
B00457,2025-02-22,2025-03-08,2025-03-09,Cottage,Booking.com,14,1,6029.82,False,6029.82
B00458,2025-02-24,2025-03-08,2025-03-09,Cottage,MakeMyTrip,12,1,5375.01,False,5375.01
B00459,2025-02-26,2025-03-08,2025-03-10,Cottage,Direct,10,2,5868.46,False,11736.92
B00460,2025-02-18,2025-03-08,2025-03-12,Cottage,Direct,18,4,5643.05,False,22572.2
B00461,2025-02-22,2025-03-08,2025-03-10,Dormitory,MakeMyTrip,14,2,2361.41,False,4722.82
B00462,2025-02-15,2025-03-08,2025-03-12,Dormitory,Booking.com,21,4,2285.35,False,9141.4
B00463,2025-02-26,2025-03-09,2025-03-10,Cottage,MakeMyTrip,11,1,5241.6,False,5241.6
B00464,2025-02-26,2025-03-09,2025-03-11,Villa,Booking.com,11,2,10111.01,False,20222.02
B00465,2025-03-05,2025-03-09,2025-03-10,Dormitory,Direct,4,1,2321.12,True,2321.12
B00466,2025-02-18,2025-03-09,2025-03-10,Dormitory,Direct,19,1,2268.69,True,2268.69
B00467,2025-02-26,2025-03-10,2025-03-13,Cottage,Booking.com,12,3,5011.99,True,15035.97
B00468,2025-03-08,2025-03-10,2025-03-14,Cottage,Direct,2,4,4911.37,False,19645.48
B00469,2025-02-24,2025-03-10,2025-03-11,Cottage,Agoda,14,1,4562.22,False,4562.22
B00470,2025-03-03,2025-03-10,2025-03-12,Villa,Direct,7,2,9968.17,False,19936.34
B00471,2025-03-10,2025-03-11,2025-03-14,Cottage,Direct,1,3,4770.66,False,14311.98
B00472,2025-02-14,2025-03-11,2025-03-13,Dormitory,Direct,25,2,2121.79,False,4243.58
B00473,2025-02-19,2025-03-11,2025-03-14,Camping Tent,MakeMyTrip,20,3,2611.84,True,7835.52
B00474,2025-02-18,2025-03-12,2025-03-13,Cottage,MakeMyTrip,22,1,4956.73,False,4956.73
B00475,2025-03-02,2025-03-12,2025-03-13,Cottage,Booking.com,10,1,5119.91,False,5119.91
B00476,2025-02-28,2025-03-12,2025-03-14,Cottage,Direct,12,2,4638.91,False,9277.82
B00477,2025-03-01,2025-03-12,2025-03-16,Cottage,Direct,11,4,4871.32,False,19485.28
B00478,2025-02-25,2025-03-12,2025-03-15,Cottage,Agoda,15,3,4777.37,False,14332.11
B00479,2025-03-09,2025-03-12,2025-03-16,Villa,Direct,3,4,9551.67,False,38206.68
B00480,2025-03-03,2025-03-12,2025-03-14,Dormitory,MakeMyTrip,9,2,2128.34,False,4256.68
B00481,2025-03-01,2025-03-13,2025-03-16,Cottage,MakeMyTrip,12,3,4902.01,False,14706.03
B00482,2025-03-11,2025-03-13,2025-03-16,Cottage,Direct,2,3,5282.18,False,15846.54
B00483,2025-03-12,2025-03-13,2025-03-14,Cottage,Direct,1,1,4245.73,False,4245.73
B00484,2025-03-05,2025-03-13,2025-03-15,Camping Tent,Direct,8,2,2658.37,False,5316.74
B00485,2025-02-25,2025-03-14,2025-03-16,Cottage,Agoda,17,2,5435.01,False,10870.02
B00486,2025-02-13,2025-03-14,2025-03-17,Cottage,Direct,29,3,5212.68,False,15638.04
B00487,2025-02-17,2025-03-14,2025-03-17,Cottage,Direct,25,3,5313.46,False,15940.38
B00488,2025-02-21,2025-03-14,2025-03-15,Cottage,MakeMyTrip,21,1,5413.89,False,5413.89
B00489,2025-03-01,2025-03-14,2025-03-15,Dormitory,Booking.com,13,1,2316.08,False,2316.08
B00490,2025-02-21,2025-03-14,2025-03-16,Camping Tent,Direct,21,2,3268.03,False,6536.06
B00491,2025-02-23,2025-03-15,2025-03-17,Cottage,Agoda,20,2,5590.6,True,11181.2
B00492,2025-02-28,2025-03-15,2025-03-16,Cottage,MakeMyTrip,15,1,6083.93,False,6083.93
B00493,2025-03-06,2025-03-15,2025-03-18,Cottage,Direct,9,3,4978.25,True,14934.75
B00494,2025-02-22,2025-03-15,2025-03-16,Cottage,Booking.com,21,1,5388.38,False,5388.38
B00495,2025-02-23,2025-03-15,2025-03-19,Cottage,Booking.com,20,4,5168.22,False,20672.88
B00496,2025-02-27,2025-03-15,2025-03-17,Cottage,MakeMyTrip,16,2,5400.1,False,10800.2
B00497,2025-03-04,2025-03-15,2025-03-17,Cottage,Booking.com,11,2,5485.3,True,10970.6
B00498,2025-02-26,2025-03-15,2025-03-17,Camping Tent,Booking.com,17,2,3205.78,False,6411.56
B00499,2025-02-20,2025-03-16,2025-03-18,Cottage,Agoda,24,2,5234.11,False,10468.22
B00500,2025-03-13,2025-03-16,2025-03-17,Cottage,Direct,3,1,5848.08,False,5848.08
B00501,2025-03-11,2025-03-16,2025-03-17,Cottage,Direct,5,1,5324.02,False,5324.02
B00502,2025-02-27,2025-03-16,2025-03-18,Cottage,Agoda,17,2,4810.94,False,9621.88
B00503,2025-03-10,2025-03-16,2025-03-17,Cottage,Direct,6,1,5672.39,False,5672.39
B00504,2025-02-19,2025-03-16,2025-03-18,Cottage,Booking.com,25,2,5090.64,False,10181.28
B00505,2025-03-01,2025-03-16,2025-03-18,Cottage,MakeMyTrip,15,2,5558.16,True,11116.32
B00506,2025-03-01,2025-03-16,2025-03-17,Villa,Booking.com,15,1,10427.51,False,10427.51
B00507,2025-03-13,2025-03-16,2025-03-18,Camping Tent,Direct,3,2,3469.38,False,6938.76
B00508,2025-02-27,2025-03-17,2025-03-21,Cottage,Booking.com,18,4,5008.41,False,20033.64
B00509,2025-03-06,2025-03-17,2025-03-18,Cottage,Agoda,11,1,5069.01,False,5069.01
B00510,2025-02-05,2025-03-17,2025-03-19,Cottage,Booking.com,40,2,4888.72,False,9777.44
B00511,2025-02-05,2025-03-17,2025-03-19,Cottage,Booking.com,40,2,4757.21,False,9514.42
B00512,2025-03-10,2025-03-17,2025-03-19,Villa,Direct,7,2,10565.05,False,21130.1
B00513,2025-03-05,2025-03-17,2025-03-18,Dormitory,Direct,12,1,2191.7,False,2191.7
B00514,2025-03-06,2025-03-18,2025-03-22,Cottage,MakeMyTrip,12,4,4938.26,False,19753.04
B00515,2025-02-23,2025-03-18,2025-03-22,Cottage,Booking.com,23,4,4641.82,False,18567.28
B00516,2025-03-01,2025-03-18,2025-03-19,Cottage,Direct,17,1,5312.12,False,5312.12
B00517,2025-03-17,2025-03-18,2025-03-19,Cottage,Direct,1,1,4923.59,False,4923.59
B00518,2025-03-02,2025-03-18,2025-03-22,Villa,Direct,16,4,8331.21,False,33324.84
B00519,2025-02-22,2025-03-19,2025-03-20,Cottage,MakeMyTrip,25,1,4652.6,True,4652.6
B00520,2025-03-06,2025-03-19,2025-03-20,Cottage,MakeMyTrip,13,1,4842.34,True,4842.34
B00521,2025-03-02,2025-03-19,2025-03-20,Cottage,Direct,17,1,4781.04,False,4781.04
B00522,2025-03-09,2025-03-19,2025-03-21,Cottage,Booking.com,10,2,4498.97,False,8997.94
B00523,2025-02-21,2025-03-19,2025-03-20,Cottage,Direct,26,1,4981.05,False,4981.05
B00524,2025-02-19,2025-03-19,2025-03-21,Villa,MakeMyTrip,28,2,10207.83,True,20415.66
B00525,2025-03-10,2025-03-19,2025-03-20,Dormitory,Direct,9,1,1915.26,False,1915.26
B00526,2025-02-19,2025-03-19,2025-03-22,Dormitory,MakeMyTrip,28,3,2052.49,False,6157.47
B00527,2025-03-04,2025-03-20,2025-03-23,Cottage,Booking.com,16,3,5036.29,False,15108.87
B00528,2025-03-09,2025-03-20,2025-03-22,Cottage,MakeMyTrip,11,2,5202.69,False,10405.38
B00529,2025-03-17,2025-03-20,2025-03-21,Cottage,Direct,3,1,4582.57,False,4582.57
B00530,2025-03-04,2025-03-20,2025-03-21,Dormitory,Direct,16,1,2169.87,False,2169.87
B00531,2025-03-07,2025-03-20,2025-03-24,Camping Tent,MakeMyTrip,13,4,2757.31,False,11029.24
B00532,2025-03-03,2025-03-20,2025-03-21,Camping Tent,Booking.com,17,1,2848.46,True,2848.46
B00533,2025-03-11,2025-03-21,2025-03-23,Cottage,Direct,10,2,5432.1,False,10864.2
B00534,2025-03-07,2025-03-21,2025-03-23,Cottage,Direct,14,2,5644.39,False,11288.78
B00535,2025-03-09,2025-03-21,2025-03-25,Cottage,MakeMyTrip,12,4,5469.54,False,21878.16
B00536,2025-03-05,2025-03-21,2025-03-23,Cottage,Booking.com,16,2,5412.55,False,10825.1
B00537,2025-03-11,2025-03-21,2025-03-23,Villa,Booking.com,10,2,10228.53,False,20457.06
B00538,2025-03-09,2025-03-21,2025-03-23,Dormitory,MakeMyTrip,12,2,2138.89,False,4277.78
B00539,2025-03-10,2025-03-21,2025-03-23,Camping Tent,Booking.com,11,2,2900.44,False,5800.88
B00540,2025-03-01,2025-03-22,2025-03-24,Cottage,MakeMyTrip,21,2,5858.24,False,11716.48
B00541,2025-03-14,2025-03-22,2025-03-23,Cottage,Direct,8,1,5342.6,False,5342.6
B00542,2025-03-06,2025-03-22,2025-03-24,Cottage,MakeMyTrip,16,2,6284.02,False,12568.04
B00543,2025-03-13,2025-03-22,2025-03-24,Cottage,MakeMyTrip,9,2,5996.57,True,11993.14
B00544,2025-03-09,2025-03-22,2025-03-24,Cottage,Agoda,13,2,5743.69,False,11487.38
B00545,2025-02-15,2025-03-22,2025-03-24,Cottage,Booking.com,35,2,5660.89,False,11321.78
B00546,2025-03-16,2025-03-22,2025-03-24,Villa,Direct,6,2,10765.61,False,21531.22
B00547,2025-03-08,2025-03-22,2025-03-24,Camping Tent,Direct,14,2,3120.18,False,6240.36
B00548,2025-02-09,2025-03-22,2025-03-24,Camping Tent,Booking.com,41,2,2864.72,False,5729.44
B00549,2025-03-13,2025-03-23,2025-03-27,Cottage,Direct,10,4,5838.94,False,23355.76
B00550,2025-02-21,2025-03-23,2025-03-26,Cottage,MakeMyTrip,30,3,5407.2,False,16221.6
B00551,2025-03-06,2025-03-23,2025-03-25,Cottage,Direct,17,2,5584.59,True,11169.18
B00552,2025-03-16,2025-03-23,2025-03-25,Villa,Direct,7,2,11170.86,True,22341.72
B00553,2025-03-06,2025-03-23,2025-03-25,Dormitory,MakeMyTrip,17,2,2341.36,False,4682.72
B00554,2025-03-14,2025-03-24,2025-03-25,Cottage,Agoda,10,1,4804.64,False,4804.64
B00555,2025-03-12,2025-03-24,2025-03-28,Cottage,Booking.com,12,4,5238.83,False,20955.32
B00556,2025-03-07,2025-03-24,2025-03-25,Cottage,Agoda,17,1,4854.04,False,4854.04
B00557,2025-03-16,2025-03-24,2025-03-26,Cottage,Direct,8,2,4310.67,False,8621.34
B00558,2025-03-09,2025-03-24,2025-03-26,Cottage,MakeMyTrip,15,2,5289.83,False,10579.66
B00559,2025-03-14,2025-03-24,2025-03-25,Villa,Direct,10,1,9134.48,False,9134.48
B00560,2025-03-10,2025-03-24,2025-03-26,Camping Tent,MakeMyTrip,14,2,2732.05,False,5464.1
B00561,2025-03-16,2025-03-25,2025-03-27,Cottage,Direct,9,2,4870.84,False,9741.68
B00562,2025-03-13,2025-03-25,2025-03-26,Cottage,Direct,12,1,4934.06,True,4934.06
B00563,2025-02-24,2025-03-25,2025-03-27,Cottage,Booking.com,29,2,4360.53,True,8721.06
B00564,2025-03-17,2025-03-25,2025-03-28,Cottage,Direct,8,3,4997.43,False,14992.29
B00565,2025-03-22,2025-03-25,2025-03-26,Cottage,Direct,3,1,5228.46,False,5228.46
B00566,2025-02-05,2025-03-25,2025-03-26,Cottage,MakeMyTrip,48,1,4736.57,False,4736.57
B00567,2025-03-21,2025-03-26,2025-03-29,Cottage,Direct,5,3,5180.02,False,15540.06
B00568,2025-03-16,2025-03-26,2025-03-27,Cottage,MakeMyTrip,10,1,4847.58,False,4847.58
B00569,2025-03-23,2025-03-26,2025-03-28,Cottage,Direct,3,2,4844.21,False,9688.42
B00570,2025-02-21,2025-03-26,2025-03-29,Cottage,Direct,33,3,4705.66,False,14116.98
B00571,2025-03-16,2025-03-26,2025-03-28,Villa,Direct,10,2,9934.33,False,19868.66
B00572,2025-03-12,2025-03-27,2025-03-28,Cottage,Booking.com,15,1,5022.7,False,5022.7
B00573,2025-03-05,2025-03-27,2025-03-30,Cottage,MakeMyTrip,22,3,5138.08,False,15414.24
B00574,2025-03-06,2025-03-27,2025-03-29,Camping Tent,MakeMyTrip,21,2,2852.02,False,5704.04
B00575,2025-03-14,2025-03-28,2025-03-30,Cottage,Booking.com,14,2,4979.98,False,9959.96
B00576,2025-03-19,2025-03-28,2025-03-29,Cottage,Direct,9,1,5419.23,False,5419.23
B00577,2025-03-20,2025-03-28,2025-03-29,Cottage,Booking.com,8,1,5210.74,False,5210.74
B00578,2025-03-15,2025-03-28,2025-03-29,Cottage,Booking.com,13,1,5360.79,False,5360.79
B00579,2025-03-10,2025-03-28,2025-03-29,Cottage,Booking.com,18,1,5349.59,False,5349.59
B00580,2025-03-12,2025-03-28,2025-04-01,Cottage,Direct,16,4,5932.47,False,23729.88
B00581,2025-03-19,2025-03-28,2025-03-29,Cottage,Booking.com,9,1,4880.73,False,4880.73
B00582,2025-03-10,2025-03-28,2025-04-01,Dormitory,Booking.com,18,4,2496.58,False,9986.32
B00583,2025-03-06,2025-03-28,2025-03-30,Camping Tent,Agoda,22,2,3057.8,False,6115.6
B00584,2025-03-06,2025-03-28,2025-03-30,Camping Tent,Booking.com,22,2,2944.21,False,5888.42
B00585,2025-03-09,2025-03-29,2025-03-30,Cottage,MakeMyTrip,20,1,5557.48,False,5557.48
B00586,2025-03-12,2025-03-29,2025-03-30,Cottage,MakeMyTrip,17,1,5795.67,False,5795.67
B00587,2025-03-11,2025-03-29,2025-03-31,Cottage,MakeMyTrip,18,2,5311.29,False,10622.58
B00588,2025-03-13,2025-03-29,2025-03-31,Cottage,MakeMyTrip,16,2,5303.93,False,10607.86
B00589,2025-03-19,2025-03-29,2025-03-31,Cottage,Direct,10,2,5892.23,False,11784.46
B00590,2025-03-16,2025-03-29,2025-03-30,Dormitory,Booking.com,13,1,2274.1,False,2274.1
B00591,2025-03-17,2025-03-29,2025-04-01,Camping Tent,Agoda,12,3,2839.74,True,8519.22
B00592,2025-03-05,2025-03-29,2025-04-01,Camping Tent,MakeMyTrip,24,3,2997.25,False,8991.75
B00593,2025-03-18,2025-03-30,2025-04-01,Cottage,MakeMyTrip,12,2,5354.46,False,10708.92
B00594,2025-03-03,2025-03-30,2025-04-01,Cottage,MakeMyTrip,27,2,5696.45,False,11392.9
B00595,2025-03-14,2025-03-30,2025-03-31,Cottage,Booking.com,16,1,5240.16,False,5240.16
B00596,2025-03-07,2025-03-30,2025-04-02,Cottage,Direct,23,3,5673.77,False,17021.31
B00597,2025-02-24,2025-03-30,2025-03-31,Cottage,Booking.com,34,1,5249.28,False,5249.28
B00598,2025-03-08,2025-03-30,2025-04-01,Cottage,Direct,22,2,5366.14,False,10732.28
B00599,2025-03-23,2025-03-30,2025-04-02,Cottage,Direct,7,3,4943.51,False,14830.53
B00600,2025-03-08,2025-03-30,2025-03-31,Cottage,Booking.com,22,1,5251.35,False,5251.35
B00601,2025-03-21,2025-03-30,2025-04-01,Dormitory,Agoda,9,2,2230.98,False,4461.96
B00602,2025-03-12,2025-03-30,2025-04-02,Dormitory,Agoda,18,3,2335.11,False,7005.33
B00603,2025-03-24,2025-03-30,2025-04-01,Camping Tent,Direct,6,2,2844.76,False,5689.52
B00604,2025-03-21,2025-03-31,2025-04-02,Cottage,MakeMyTrip,10,2,4615.87,False,9231.74
B00605,2025-03-29,2025-03-31,2025-04-02,Cottage,Direct,2,2,4923.59,False,9847.18
B00606,2025-03-01,2025-03-31,2025-04-02,Cottage,MakeMyTrip,30,2,5200.23,False,10400.46
B00607,2025-03-13,2025-04-01,2025-04-02,Cottage,Booking.com,19,1,4441.27,False,4441.27
B00608,2025-03-19,2025-04-01,2025-04-05,Dormitory,Booking.com,13,4,1973.12,False,7892.48
B00609,2025-03-12,2025-04-01,2025-04-04,Dormitory,Direct,20,3,1973.96,False,5921.88
B00610,2025-03-14,2025-04-02,2025-04-03,Cottage,MakeMyTrip,19,1,4255.72,False,4255.72
B00611,2025-03-30,2025-04-02,2025-04-04,Cottage,Direct,3,2,4699.62,False,9399.24
B00612,2025-03-18,2025-04-02,2025-04-04,Cottage,Booking.com,15,2,5075.69,False,10151.38
B00613,2025-03-04,2025-04-02,2025-04-05,Cottage,MakeMyTrip,29,3,4769.72,False,14309.16
B00614,2025-03-09,2025-04-02,2025-04-04,Cottage,Booking.com,24,2,4785.94,False,9571.88
B00615,2025-03-27,2025-04-02,2025-04-04,Cottage,Direct,6,2,4716.11,False,9432.22
B00616,2025-02-27,2025-04-02,2025-04-05,Cottage,Agoda,34,3,5076.42,False,15229.26
B00617,2025-03-17,2025-04-02,2025-04-03,Villa,Direct,16,1,9475.73,False,9475.73
B00618,2025-03-11,2025-04-02,2025-04-04,Dormitory,MakeMyTrip,22,2,2091.75,False,4183.5
B00619,2025-03-25,2025-04-02,2025-04-05,Camping Tent,Direct,8,3,2368.67,False,7106.01
B00620,2025-03-18,2025-04-03,2025-04-07,Cottage,Booking.com,16,4,4642.68,False,18570.72
B00621,2025-03-29,2025-04-03,2025-04-04,Cottage,Direct,5,1,4654.95,False,4654.95
B00622,2025-03-25,2025-04-03,2025-04-06,Cottage,Direct,9,3,4916.55,False,14749.65
B00623,2025-03-26,2025-04-03,2025-04-06,Cottage,Direct,8,3,4855.45,False,14566.35
B00624,2025-03-23,2025-04-03,2025-04-04,Villa,Agoda,11,1,9153.83,False,9153.83
B00625,2025-03-13,2025-04-03,2025-04-05,Camping Tent,Booking.com,21,2,2590.05,False,5180.1
B00626,2025-03-26,2025-04-04,2025-04-06,Cottage,Direct,9,2,4997.39,False,9994.78
B00627,2025-03-01,2025-04-04,2025-04-08,Cottage,Direct,34,4,5196.34,False,20785.36
B00628,2025-03-23,2025-04-04,2025-04-07,Cottage,Agoda,12,3,5347.43,False,16042.29
B00629,2025-03-17,2025-04-04,2025-04-05,Cottage,Direct,18,1,5344.31,False,5344.31
B00630,2025-03-19,2025-04-04,2025-04-06,Cottage,Booking.com,16,2,4874.51,False,9749.02
B00631,2025-03-14,2025-04-04,2025-04-07,Cottage,Agoda,21,3,5507.41,False,16522.23
B00632,2025-03-27,2025-04-04,2025-04-06,Villa,Direct,8,2,10480.43,False,20960.86
B00633,2025-03-31,2025-04-04,2025-04-05,Camping Tent,Direct,4,1,3083.31,True,3083.31
B00634,2025-03-25,2025-04-04,2025-04-06,Camping Tent,Direct,10,2,2724.74,False,5449.48
B00635,2025-03-31,2025-04-05,2025-04-08,Cottage,Direct,5,3,4949.45,False,14848.35
B00636,2025-03-15,2025-04-05,2025-04-07,Cottage,MakeMyTrip,21,2,5480.06,False,10960.12
B00637,2025-03-15,2025-04-05,2025-04-07,Cottage,Agoda,21,2,5258.69,False,10517.38
B00638,2025-03-25,2025-04-05,2025-04-06,Cottage,Direct,11,1,5536.05,False,5536.05
B00639,2025-03-23,2025-04-05,2025-04-06,Cottage,Direct,13,1,5192.54,False,5192.54
B00640,2025-03-20,2025-04-05,2025-04-08,Cottage,Direct,16,3,5302.92,False,15908.76
B00641,2025-03-16,2025-04-05,2025-04-07,Cottage,Agoda,20,2,5214.16,False,10428.32
B00642,2025-03-27,2025-04-05,2025-04-07,Villa,MakeMyTrip,9,2,10262.9,False,20525.8
B00643,2025-03-12,2025-04-05,2025-04-07,Dormitory,Direct,24,2,2373.8,False,4747.6
B00644,2025-03-26,2025-04-05,2025-04-07,Camping Tent,Booking.com,10,2,2767.75,False,5535.5
B00645,2025-03-27,2025-04-06,2025-04-09,Cottage,Direct,10,3,4879.12,False,14637.36
B00646,2025-03-23,2025-04-06,2025-04-07,Cottage,MakeMyTrip,14,1,5237.67,False,5237.67
B00647,2025-03-22,2025-04-06,2025-04-09,Cottage,MakeMyTrip,15,3,5303.88,False,15911.64
B00648,2025-03-12,2025-04-06,2025-04-09,Villa,Direct,25,3,10666.19,False,31998.57
B00649,2025-03-17,2025-04-06,2025-04-10,Camping Tent,MakeMyTrip,20,4,2757.25,False,11029.0
B00650,2025-03-16,2025-04-06,2025-04-08,Camping Tent,MakeMyTrip,21,2,2912.64,False,5825.28
B00651,2025-04-06,2025-04-07,2025-04-09,Cottage,Direct,1,2,4136.8,False,8273.6
B00652,2025-03-17,2025-04-07,2025-04-08,Cottage,Agoda,21,1,4806.78,False,4806.78
B00653,2025-03-31,2025-04-07,2025-04-09,Cottage,Direct,7,2,5022.37,False,10044.74
B00654,2025-03-07,2025-04-07,2025-04-11,Dormitory,Agoda,31,4,1972.72,True,7890.88
B00655,2025-04-02,2025-04-07,2025-04-09,Camping Tent,Direct,5,2,2354.56,False,4709.12
B00656,2025-03-28,2025-04-08,2025-04-12,Cottage,Direct,11,4,4533.0,False,18132.0
B00657,2025-03-25,2025-04-08,2025-04-11,Cottage,Agoda,14,3,4610.3,False,13830.9
B00658,2025-03-28,2025-04-08,2025-04-10,Dormitory,MakeMyTrip,11,2,1960.29,False,3920.58
B00659,2025-03-26,2025-04-08,2025-04-10,Camping Tent,Direct,13,2,2539.48,False,5078.96
B00660,2025-03-28,2025-04-08,2025-04-11,Camping Tent,Booking.com,11,3,2714.12,False,8142.36
B00661,2025-03-17,2025-04-09,2025-04-10,Cottage,MakeMyTrip,23,1,4631.18,False,4631.18
B00662,2025-03-27,2025-04-09,2025-04-11,Cottage,MakeMyTrip,13,2,4850.93,False,9701.86
B00663,2025-03-14,2025-04-09,2025-04-12,Cottage,Booking.com,26,3,4837.43,False,14512.29
B00664,2025-04-05,2025-04-09,2025-04-11,Dormitory,Direct,4,2,1904.82,False,3809.64
B00665,2025-04-01,2025-04-10,2025-04-11,Cottage,Direct,9,1,4845.46,False,4845.46
B00666,2025-03-20,2025-04-10,2025-04-11,Cottage,MakeMyTrip,21,1,4266.42,False,4266.42
B00667,2025-03-27,2025-04-10,2025-04-12,Cottage,Agoda,14,2,4625.7,False,9251.4
B00668,2025-03-19,2025-04-10,2025-04-12,Cottage,Direct,22,2,5003.66,False,10007.32
B00669,2025-04-02,2025-04-10,2025-04-12,Cottage,Direct,8,2,5050.97,False,10101.94
B00670,2025-03-19,2025-04-10,2025-04-12,Cottage,Booking.com,22,2,4905.75,False,9811.5
B00671,2025-04-04,2025-04-10,2025-04-11,Dormitory,Direct,6,1,1944.09,False,1944.09
B00672,2025-03-28,2025-04-11,2025-04-12,Cottage,Direct,14,1,5227.24,False,5227.24
B00673,2025-04-03,2025-04-11,2025-04-12,Cottage,Direct,8,1,5309.67,False,5309.67
B00674,2025-04-04,2025-04-11,2025-04-12,Camping Tent,Direct,7,1,2875.21,False,2875.21
B00675,2025-03-22,2025-04-12,2025-04-15,Cottage,MakeMyTrip,21,3,4867.19,False,14601.57
B00676,2025-03-30,2025-04-12,2025-04-13,Cottage,Direct,13,1,5201.48,False,5201.48
B00677,2025-02-26,2025-04-12,2025-04-14,Cottage,MakeMyTrip,45,2,4976.75,False,9953.5
B00678,2025-03-30,2025-04-13,2025-04-14,Cottage,Booking.com,14,1,5244.31,False,5244.31
B00679,2025-03-04,2025-04-13,2025-04-16,Cottage,Booking.com,40,3,5206.45,False,15619.35
B00680,2025-04-03,2025-04-13,2025-04-16,Cottage,Direct,10,3,5105.51,False,15316.53
B00681,2025-04-08,2025-04-13,2025-04-15,Cottage,Direct,5,2,4890.49,False,9780.98
B00682,2025-03-26,2025-04-13,2025-04-15,Villa,Booking.com,18,2,11578.82,False,23157.64
B00683,2025-04-10,2025-04-13,2025-04-15,Dormitory,Direct,3,2,2088.15,False,4176.3
B00684,2025-04-08,2025-04-13,2025-04-15,Dormitory,Direct,5,2,2165.62,False,4331.24
B00685,2025-03-31,2025-04-13,2025-04-14,Camping Tent,Booking.com,13,1,2875.99,False,2875.99
B00686,2025-04-09,2025-04-14,2025-04-16,Cottage,Direct,5,2,4459.87,False,8919.74
B00687,2025-03-20,2025-04-14,2025-04-17,Cottage,MakeMyTrip,25,3,4561.14,False,13683.42
B00688,2025-03-27,2025-04-14,2025-04-17,Villa,Direct,18,3,9582.91,False,28748.73
B00689,2025-03-28,2025-04-14,2025-04-16,Dormitory,Booking.com,17,2,1962.54,False,3925.08
B00690,2025-04-10,2025-04-15,2025-04-17,Cottage,Direct,5,2,4985.71,False,9971.42
B00691,2025-03-22,2025-04-15,2025-04-17,Cottage,MakeMyTrip,24,2,5101.93,False,10203.86
B00692,2025-03-13,2025-04-15,2025-04-19,Cottage,Direct,33,4,4440.85,False,17763.4
B00693,2025-04-06,2025-04-15,2025-04-17,Villa,Direct,9,2,9801.75,False,19603.5
B00694,2025-03-30,2025-04-15,2025-04-17,Camping Tent,Agoda,16,2,2460.51,False,4921.02
B00695,2025-03-29,2025-04-16,2025-04-20,Cottage,MakeMyTrip,18,4,4696.17,False,18784.68
B00696,2025-04-05,2025-04-16,2025-04-18,Cottage,MakeMyTrip,11,2,4595.34,False,9190.68
B00697,2025-03-17,2025-04-16,2025-04-19,Cottage,Direct,30,3,4525.86,False,13577.58
B00698,2025-04-08,2025-04-16,2025-04-19,Cottage,Direct,8,3,4914.03,False,14742.09
B00699,2025-04-04,2025-04-16,2025-04-18,Cottage,Booking.com,12,2,4810.71,False,9621.42
B00700,2025-04-07,2025-04-16,2025-04-19,Villa,MakeMyTrip,9,3,9649.34,False,28948.02
B00701,2025-04-06,2025-04-16,2025-04-19,Dormitory,Direct,10,3,1849.96,False,5549.88
B00702,2025-04-01,2025-04-16,2025-04-18,Dormitory,Agoda,15,2,2029.71,False,4059.42
B00703,2025-04-01,2025-04-17,2025-04-19,Cottage,Direct,16,2,4931.82,False,9863.64
B00704,2025-03-08,2025-04-17,2025-04-19,Cottage,Booking.com,40,2,4619.06,False,9238.12
B00705,2025-02-21,2025-04-17,2025-04-18,Cottage,Booking.com,55,1,4350.01,False,4350.01
B00706,2025-04-17,2025-04-17,2025-04-20,Villa,Direct,0,3,8650.66,False,25951.98
B00707,2025-03-24,2025-04-17,2025-04-19,Dormitory,Direct,24,2,1955.38,False,3910.76
B00708,2025-03-18,2025-04-18,2025-04-20,Cottage,MakeMyTrip,31,2,5310.35,False,10620.7
B00709,2025-04-01,2025-04-18,2025-04-21,Cottage,MakeMyTrip,17,3,4972.96,False,14918.88
B00710,2025-04-02,2025-04-18,2025-04-20,Cottage,Booking.com,16,2,5402.34,False,10804.68
B00711,2025-04-03,2025-04-18,2025-04-21,Cottage,MakeMyTrip,15,3,5219.07,True,15657.21
B00712,2025-04-11,2025-04-18,2025-04-19,Villa,Direct,7,1,10658.95,False,10658.95
B00713,2025-03-26,2025-04-18,2025-04-20,Dormitory,Direct,23,2,2235.38,False,4470.76
B00714,2025-04-04,2025-04-19,2025-04-21,Cottage,Direct,15,2,5052.11,False,10104.22
B00715,2025-04-14,2025-04-19,2025-04-21,Cottage,Direct,5,2,5098.86,False,10197.72
B00716,2025-03-30,2025-04-19,2025-04-21,Camping Tent,Booking.com,20,2,2953.35,True,5906.7
B00717,2025-04-09,2025-04-19,2025-04-22,Camping Tent,Booking.com,10,3,2751.57,False,8254.71
B00718,2025-03-19,2025-04-20,2025-04-22,Cottage,MakeMyTrip,32,2,5023.93,True,10047.86
B00719,2025-03-28,2025-04-20,2025-04-22,Cottage,Booking.com,23,2,5237.71,False,10475.42
B00720,2025-04-02,2025-04-20,2025-04-21,Cottage,MakeMyTrip,18,1,5208.19,False,5208.19
B00721,2025-04-07,2025-04-20,2025-04-22,Cottage,Agoda,13,2,5296.23,False,10592.46
B00722,2025-04-05,2025-04-20,2025-04-21,Cottage,Direct,15,1,5157.4,False,5157.4
B00723,2025-04-03,2025-04-20,2025-04-21,Villa,Direct,17,1,9645.1,False,9645.1
B00724,2025-03-31,2025-04-20,2025-04-23,Dormitory,Agoda,20,3,2266.46,False,6799.38
B00725,2025-03-28,2025-04-21,2025-04-25,Cottage,Booking.com,24,4,4638.56,True,18554.24
B00726,2025-04-12,2025-04-21,2025-04-22,Cottage,Agoda,9,1,4391.84,True,4391.84
B00727,2025-04-07,2025-04-21,2025-04-24,Cottage,Agoda,14,3,4705.32,False,14115.96
B00728,2025-04-04,2025-04-22,2025-04-25,Cottage,Booking.com,18,3,4594.58,False,13783.74
B00729,2025-04-09,2025-04-22,2025-04-24,Dormitory,Booking.com,13,2,1949.59,False,3899.18
B00730,2025-04-08,2025-04-23,2025-04-24,Cottage,Booking.com,15,1,4541.52,False,4541.52
B00731,2025-04-03,2025-04-23,2025-04-25,Cottage,Direct,20,2,4913.79,False,9827.58
B00732,2025-04-10,2025-04-23,2025-04-26,Cottage,Booking.com,13,3,4858.99,True,14576.97
B00733,2025-04-11,2025-04-23,2025-04-25,Cottage,Direct,12,2,4795.75,True,9591.5
B00734,2025-04-08,2025-04-23,2025-04-25,Dormitory,MakeMyTrip,15,2,2247.1,False,4494.2
B00735,2025-04-07,2025-04-24,2025-04-27,Cottage,Direct,17,3,4563.98,False,13691.94
B00736,2025-04-17,2025-04-24,2025-04-26,Cottage,Direct,7,2,4468.51,False,8937.02
B00737,2025-04-03,2025-04-24,2025-04-26,Cottage,MakeMyTrip,21,2,4180.06,False,8360.12
B00738,2025-04-12,2025-04-24,2025-04-26,Cottage,Agoda,12,2,4319.79,True,8639.58
B00739,2025-04-04,2025-04-24,2025-04-26,Camping Tent,MakeMyTrip,20,2,2554.62,False,5109.24
B00740,2025-04-07,2025-04-25,2025-04-26,Cottage,Booking.com,18,1,4848.59,False,4848.59
B00741,2025-04-10,2025-04-25,2025-04-27,Cottage,Booking.com,15,2,5860.07,False,11720.14
B00742,2025-04-04,2025-04-25,2025-04-26,Cottage,Booking.com,21,1,5383.46,False,5383.46
B00743,2025-03-22,2025-04-25,2025-04-27,Dormitory,Booking.com,34,2,2185.96,True,4371.92
B00744,2025-04-15,2025-04-25,2025-04-27,Camping Tent,Agoda,10,2,2969.47,False,5938.94
B00745,2025-04-09,2025-04-25,2025-04-27,Camping Tent,Agoda,16,2,2650.27,False,5300.54
B00746,2025-04-14,2025-04-26,2025-04-28,Cottage,Direct,12,2,5425.3,False,10850.6
B00747,2025-04-12,2025-04-26,2025-04-28,Cottage,MakeMyTrip,14,2,5491.9,False,10983.8
B00748,2025-03-30,2025-04-26,2025-04-27,Cottage,Booking.com,27,1,4793.92,False,4793.92
B00749,2025-03-24,2025-04-26,2025-04-29,Dormitory,Direct,33,3,2352.25,False,7056.75
B00750,2025-04-18,2025-04-26,2025-04-27,Camping Tent,MakeMyTrip,8,1,2597.64,False,2597.64
B00751,2025-04-22,2025-04-27,2025-04-29,Cottage,Direct,5,2,5662.18,False,11324.36
B00752,2025-04-17,2025-04-27,2025-04-29,Cottage,Direct,10,2,4762.39,False,9524.78
B00753,2025-04-18,2025-04-27,2025-04-29,Cottage,Booking.com,9,2,4893.28,False,9786.56
B00754,2025-04-06,2025-04-27,2025-04-30,Villa,Booking.com,21,3,9921.58,False,29764.74
B00755,2025-04-17,2025-04-27,2025-04-28,Dormitory,MakeMyTrip,10,1,2376.19,False,2376.19
B00756,2025-04-24,2025-04-27,2025-04-28,Camping Tent,Direct,3,1,2808.31,True,2808.31
B00757,2025-04-17,2025-04-28,2025-04-30,Cottage,Agoda,11,2,4820.88,False,9641.76
B00758,2025-04-19,2025-04-28,2025-04-30,Cottage,Direct,9,2,4487.86,False,8975.72
B00759,2025-04-12,2025-04-28,2025-04-29,Cottage,Booking.com,16,1,4544.3,False,4544.3
B00760,2025-04-20,2025-04-28,2025-04-30,Dormitory,Direct,8,2,1900.75,False,3801.5
B00761,2025-04-16,2025-04-28,2025-04-29,Dormitory,Booking.com,12,1,1939.38,False,1939.38
B00762,2025-03-31,2025-04-29,2025-05-01,Cottage,Direct,29,2,4879.98,False,9759.96
B00763,2025-03-16,2025-04-29,2025-05-01,Cottage,MakeMyTrip,44,2,4627.93,True,9255.86
B00764,2025-04-05,2025-04-29,2025-05-01,Cottage,MakeMyTrip,24,2,4457.03,False,8914.06
B00765,2025-03-21,2025-04-29,2025-05-01,Cottage,Booking.com,39,2,4635.44,False,9270.88
B00766,2025-04-03,2025-04-29,2025-05-02,Cottage,Booking.com,26,3,4657.97,False,13973.91
B00767,2025-04-21,2025-04-29,2025-05-02,Cottage,Booking.com,8,3,4383.71,False,13151.13
B00768,2025-04-24,2025-04-29,2025-05-02,Dormitory,Direct,5,3,1736.7,False,5210.1
B00769,2025-04-06,2025-04-29,2025-04-30,Camping Tent,MakeMyTrip,23,1,2604.55,False,2604.55
B00770,2025-03-23,2025-04-30,2025-05-02,Cottage,Direct,38,2,4543.85,False,9087.7
B00771,2025-03-29,2025-04-30,2025-05-02,Cottage,Booking.com,32,2,4465.6,False,8931.2
B00772,2025-04-24,2025-04-30,2025-05-02,Dormitory,Direct,6,2,1966.66,False,3933.32
B00773,2025-04-06,2025-04-30,2025-05-03,Camping Tent,MakeMyTrip,24,3,2476.3,False,7428.9
B00774,2025-04-26,2025-05-01,2025-05-02,Cottage,Direct,5,1,4814.62,False,4814.62
B00775,2025-04-18,2025-05-01,2025-05-02,Villa,MakeMyTrip,13,1,9381.42,False,9381.42
B00776,2025-03-28,2025-05-01,2025-05-04,Dormitory,MakeMyTrip,34,3,1980.05,False,5940.15
B00777,2025-04-12,2025-05-01,2025-05-04,Camping Tent,MakeMyTrip,19,3,2542.71,False,7628.13
B00778,2025-04-23,2025-05-01,2025-05-04,Camping Tent,Direct,8,3,2642.72,False,7928.16
B00779,2025-04-10,2025-05-02,2025-05-04,Cottage,Booking.com,22,2,5068.05,False,10136.1
B00780,2025-04-20,2025-05-02,2025-05-03,Cottage,Direct,12,1,5285.86,False,5285.86
B00781,2025-04-10,2025-05-02,2025-05-04,Cottage,Booking.com,22,2,5285.3,True,10570.6
B00782,2025-04-26,2025-05-02,2025-05-06,Cottage,Direct,6,4,5494.09,False,21976.36
B00783,2025-04-14,2025-05-02,2025-05-03,Cottage,Agoda,18,1,5004.05,False,5004.05
B00784,2025-05-01,2025-05-02,2025-05-04,Cottage,Direct,1,2,4728.21,False,9456.42
B00785,2025-04-21,2025-05-02,2025-05-03,Dormitory,Direct,11,1,2313.51,False,2313.51
B00786,2025-04-15,2025-05-02,2025-05-05,Camping Tent,Agoda,17,3,2818.31,True,8454.93
B00787,2025-04-02,2025-05-03,2025-05-05,Cottage,Booking.com,31,2,5359.25,False,10718.5
B00788,2025-04-20,2025-05-03,2025-05-06,Cottage,Agoda,13,3,5679.12,False,17037.36
B00789,2025-04-11,2025-05-03,2025-05-06,Cottage,Direct,22,3,5264.46,False,15793.38
B00790,2025-04-10,2025-05-03,2025-05-04,Cottage,Booking.com,23,1,5319.11,False,5319.11
B00791,2025-04-24,2025-05-03,2025-05-05,Cottage,Direct,9,2,5607.86,False,11215.72
B00792,2025-04-21,2025-05-03,2025-05-05,Cottage,Agoda,12,2,5254.78,False,10509.56
B00793,2025-04-25,2025-05-03,2025-05-04,Dormitory,MakeMyTrip,8,1,2258.69,True,2258.69
B00794,2025-04-23,2025-05-03,2025-05-06,Dormitory,Booking.com,10,3,2193.29,False,6579.87
B00795,2025-04-24,2025-05-03,2025-05-06,Camping Tent,MakeMyTrip,9,3,2950.04,False,8850.12
B00796,2025-05-03,2025-05-04,2025-05-06,Cottage,Direct,1,2,5391.8,False,10783.6
B00797,2025-04-10,2025-05-04,2025-05-06,Cottage,MakeMyTrip,24,2,5344.33,False,10688.66
B00798,2025-04-11,2025-05-04,2025-05-07,Cottage,Agoda,23,3,4934.91,False,14804.73
B00799,2025-04-23,2025-05-04,2025-05-06,Cottage,MakeMyTrip,11,2,5144.61,False,10289.22
B00800,2025-04-24,2025-05-04,2025-05-08,Cottage,MakeMyTrip,10,4,6152.6,False,24610.4
B00801,2025-04-05,2025-05-04,2025-05-07,Cottage,Direct,29,3,5445.78,False,16337.34
B00802,2025-04-20,2025-05-04,2025-05-06,Camping Tent,Direct,14,2,3210.36,False,6420.72
B00803,2025-04-20,2025-05-05,2025-05-06,Cottage,Booking.com,15,1,4757.37,True,4757.37
B00804,2025-03-24,2025-05-05,2025-05-06,Cottage,Agoda,42,1,4536.02,False,4536.02
B00805,2025-04-21,2025-05-05,2025-05-08,Cottage,MakeMyTrip,14,3,5117.64,False,15352.92
B00806,2025-05-01,2025-05-05,2025-05-08,Cottage,Direct,4,3,4634.2,False,13902.6
B00807,2025-04-20,2025-05-05,2025-05-07,Cottage,MakeMyTrip,15,2,4923.88,False,9847.76
B00808,2025-04-17,2025-05-05,2025-05-06,Villa,Direct,18,1,10172.88,False,10172.88
B00809,2025-04-10,2025-05-05,2025-05-06,Dormitory,MakeMyTrip,25,1,2019.21,False,2019.21
B00810,2025-04-18,2025-05-05,2025-05-09,Camping Tent,Booking.com,17,4,2683.12,False,10732.48
B00811,2025-04-13,2025-05-06,2025-05-07,Cottage,MakeMyTrip,23,1,4343.03,False,4343.03
B00812,2025-04-13,2025-05-06,2025-05-07,Cottage,Direct,23,1,4379.54,False,4379.54
B00813,2025-04-16,2025-05-06,2025-05-09,Cottage,MakeMyTrip,20,3,4899.96,False,14699.88
B00814,2025-03-29,2025-05-06,2025-05-07,Dormitory,Direct,38,1,1834.76,False,1834.76
B00815,2025-04-10,2025-05-06,2025-05-07,Camping Tent,Booking.com,26,1,2296.99,False,2296.99
B00816,2025-04-19,2025-05-07,2025-05-09,Cottage,MakeMyTrip,18,2,5069.28,True,10138.56
B00817,2025-04-15,2025-05-07,2025-05-09,Cottage,Agoda,22,2,4496.08,False,8992.16
B00818,2025-04-23,2025-05-07,2025-05-08,Villa,Direct,14,1,9826.61,False,9826.61
B00819,2025-04-27,2025-05-08,2025-05-09,Cottage,Booking.com,11,1,4789.79,False,4789.79
B00820,2025-04-05,2025-05-08,2025-05-11,Cottage,Direct,33,3,4763.4,False,14290.2
B00821,2025-04-27,2025-05-08,2025-05-12,Cottage,MakeMyTrip,11,4,4913.13,False,19652.52
B00822,2025-04-29,2025-05-08,2025-05-10,Villa,Booking.com,9,2,9954.57,False,19909.14
B00823,2025-04-25,2025-05-08,2025-05-11,Dormitory,Direct,13,3,2099.4,False,6298.2
B00824,2025-04-08,2025-05-09,2025-05-10,Cottage,MakeMyTrip,31,1,4931.61,False,4931.61
B00825,2025-04-19,2025-05-09,2025-05-10,Cottage,Direct,20,1,4868.39,False,4868.39
B00826,2025-04-13,2025-05-09,2025-05-10,Cottage,Booking.com,26,1,5280.36,False,5280.36
B00827,2025-05-01,2025-05-09,2025-05-12,Cottage,Direct,8,3,5434.61,False,16303.83
B00828,2025-04-16,2025-05-09,2025-05-11,Cottage,Booking.com,23,2,5816.25,False,11632.5
B00829,2025-04-20,2025-05-09,2025-05-12,Cottage,Direct,19,3,5589.76,False,16769.28
B00830,2025-05-02,2025-05-10,2025-05-11,Cottage,Direct,8,1,5070.25,False,5070.25
B00831,2025-05-04,2025-05-10,2025-05-11,Cottage,Direct,6,1,5624.87,False,5624.87
B00832,2025-04-23,2025-05-10,2025-05-12,Cottage,Booking.com,17,2,5784.09,False,11568.18
B00833,2025-04-17,2025-05-10,2025-05-12,Cottage,Direct,23,2,5198.79,False,10397.58
B00834,2025-04-16,2025-05-10,2025-05-11,Villa,Booking.com,24,1,10929.22,False,10929.22
B00835,2025-05-05,2025-05-10,2025-05-11,Dormitory,Direct,5,1,2351.24,False,2351.24
B00836,2025-04-14,2025-05-10,2025-05-13,Dormitory,Booking.com,26,3,2159.75,False,6479.25
B00837,2025-05-01,2025-05-11,2025-05-12,Cottage,Direct,10,1,5691.85,False,5691.85
B00838,2025-04-14,2025-05-11,2025-05-12,Cottage,MakeMyTrip,27,1,5574.72,True,5574.72
B00839,2025-04-29,2025-05-11,2025-05-14,Cottage,Direct,12,3,5049.46,False,15148.38
B00840,2025-04-29,2025-05-11,2025-05-12,Cottage,Direct,12,1,5991.42,False,5991.42
B00841,2025-04-26,2025-05-11,2025-05-12,Cottage,MakeMyTrip,15,1,5335.43,False,5335.43
B00842,2025-05-05,2025-05-11,2025-05-12,Villa,Direct,6,1,10621.86,False,10621.86
B00843,2025-04-22,2025-05-11,2025-05-13,Dormitory,Booking.com,19,2,2204.75,False,4409.5
B00844,2025-05-05,2025-05-11,2025-05-12,Dormitory,Direct,6,1,2071.17,False,2071.17
B00845,2025-04-27,2025-05-11,2025-05-13,Camping Tent,MakeMyTrip,14,2,2766.52,False,5533.04
B00846,2025-04-21,2025-05-12,2025-05-13,Cottage,Booking.com,21,1,5107.42,False,5107.42
B00847,2025-04-26,2025-05-12,2025-05-14,Cottage,Booking.com,16,2,4544.06,False,9088.12
B00848,2025-04-30,2025-05-12,2025-05-14,Cottage,Direct,12,2,4871.73,False,9743.46
B00849,2025-04-18,2025-05-12,2025-05-14,Cottage,Direct,24,2,4789.94,False,9579.88
B00850,2025-05-03,2025-05-12,2025-05-13,Dormitory,Booking.com,9,1,1887.36,False,1887.36
B00851,2025-04-24,2025-05-13,2025-05-14,Cottage,Agoda,19,1,4656.42,True,4656.42
B00852,2025-05-01,2025-05-13,2025-05-16,Cottage,MakeMyTrip,12,3,5148.49,True,15445.47
B00853,2025-04-20,2025-05-13,2025-05-16,Cottage,Agoda,23,3,4756.08,False,14268.24
B00854,2025-04-24,2025-05-13,2025-05-14,Cottage,MakeMyTrip,19,1,4596.46,True,4596.46
B00855,2025-04-04,2025-05-13,2025-05-15,Cottage,MakeMyTrip,39,2,4968.44,False,9936.88
B00856,2025-04-21,2025-05-13,2025-05-14,Villa,Booking.com,22,1,9765.2,False,9765.2
B00857,2025-04-29,2025-05-13,2025-05-15,Camping Tent,Booking.com,14,2,2796.28,False,5592.56
B00858,2025-05-04,2025-05-14,2025-05-16,Cottage,Direct,10,2,5051.88,False,10103.76
B00859,2025-05-01,2025-05-14,2025-05-16,Cottage,Booking.com,13,2,4566.67,False,9133.34
B00860,2025-04-27,2025-05-15,2025-05-18,Cottage,Direct,18,3,4644.69,False,13934.07
B00861,2025-05-05,2025-05-15,2025-05-16,Cottage,MakeMyTrip,10,1,4620.5,False,4620.5
B00862,2025-05-02,2025-05-15,2025-05-16,Cottage,MakeMyTrip,13,1,4697.11,False,4697.11
B00863,2025-04-24,2025-05-15,2025-05-18,Cottage,MakeMyTrip,21,3,4156.59,False,12469.77
B00864,2025-05-01,2025-05-15,2025-05-16,Dormitory,Booking.com,14,1,2091.37,False,2091.37
B00865,2025-05-04,2025-05-15,2025-05-18,Dormitory,Agoda,11,3,1911.92,False,5735.76
B00866,2025-05-14,2025-05-15,2025-05-16,Camping Tent,Direct,1,1,2478.26,False,2478.26
B00867,2025-04-26,2025-05-15,2025-05-16,Camping Tent,Agoda,19,1,2659.59,False,2659.59
B00868,2025-05-02,2025-05-16,2025-05-17,Cottage,Booking.com,14,1,5033.06,True,5033.06
B00869,2025-05-02,2025-05-16,2025-05-19,Cottage,Direct,14,3,5369.37,True,16108.11
B00870,2025-05-09,2025-05-16,2025-05-18,Dormitory,Direct,7,2,2277.56,False,4555.12
B00871,2025-04-25,2025-05-16,2025-05-18,Camping Tent,MakeMyTrip,21,2,3074.6,False,6149.2
B00872,2025-05-05,2025-05-16,2025-05-18,Camping Tent,Booking.com,11,2,2569.44,False,5138.88
B00873,2025-04-29,2025-05-17,2025-05-20,Cottage,Agoda,18,3,5594.21,False,16782.63
B00874,2025-05-12,2025-05-17,2025-05-19,Cottage,Direct,5,2,5155.16,False,10310.32
B00875,2025-05-12,2025-05-17,2025-05-19,Cottage,Direct,5,2,5372.91,False,10745.82
B00876,2025-04-30,2025-05-17,2025-05-19,Cottage,MakeMyTrip,17,2,5057.96,False,10115.92
B00877,2025-05-02,2025-05-17,2025-05-21,Cottage,Direct,15,4,5379.69,False,21518.76
B00878,2025-05-06,2025-05-17,2025-05-18,Villa,Direct,11,1,10374.33,False,10374.33
B00879,2025-05-16,2025-05-17,2025-05-19,Dormitory,Direct,1,2,2248.7,True,4497.4
B00880,2025-05-14,2025-05-17,2025-05-19,Camping Tent,Direct,3,2,2832.69,False,5665.38
B00881,2025-05-04,2025-05-17,2025-05-19,Camping Tent,MakeMyTrip,13,2,2870.24,True,5740.48
B00882,2025-03-30,2025-05-18,2025-05-21,Cottage,Agoda,49,3,5218.63,False,15655.89
B00883,2025-05-09,2025-05-18,2025-05-20,Cottage,Booking.com,9,2,5561.08,False,11122.16
B00884,2025-05-02,2025-05-18,2025-05-19,Cottage,Booking.com,16,1,5399.01,True,5399.01
B00885,2025-04-25,2025-05-18,2025-05-21,Cottage,Booking.com,23,3,5149.86,False,15449.58
B00886,2025-05-17,2025-05-18,2025-05-22,Dormitory,Direct,1,4,2484.74,False,9938.96
B00887,2025-04-20,2025-05-19,2025-05-21,Cottage,MakeMyTrip,29,2,5014.47,False,10028.94
B00888,2025-05-03,2025-05-19,2025-05-21,Dormitory,MakeMyTrip,16,2,2115.76,False,4231.52
B00889,2025-05-02,2025-05-20,2025-05-24,Cottage,MakeMyTrip,18,4,4573.32,False,18293.28
B00890,2025-05-18,2025-05-20,2025-05-23,Cottage,Direct,2,3,4774.13,False,14322.39
B00891,2025-05-04,2025-05-20,2025-05-21,Cottage,Booking.com,16,1,5289.24,False,5289.24
B00892,2025-04-04,2025-05-20,2025-05-21,Cottage,MakeMyTrip,46,1,4898.27,False,4898.27
B00893,2025-04-25,2025-05-20,2025-05-22,Camping Tent,MakeMyTrip,25,2,2645.26,False,5290.52
B00894,2025-05-19,2025-05-21,2025-05-22,Cottage,Direct,2,1,5055.35,False,5055.35
B00895,2025-04-17,2025-05-21,2025-05-23,Cottage,Direct,34,2,4760.06,False,9520.12
B00896,2025-04-18,2025-05-21,2025-05-22,Cottage,MakeMyTrip,33,1,4783.03,False,4783.03
B00897,2025-05-02,2025-05-21,2025-05-22,Camping Tent,Direct,19,1,2523.26,False,2523.26
B00898,2025-05-07,2025-05-22,2025-05-25,Cottage,Agoda,15,3,4616.98,False,13850.94
B00899,2025-04-27,2025-05-22,2025-05-24,Cottage,Booking.com,25,2,4373.92,False,8747.84
B00900,2025-04-22,2025-05-22,2025-05-25,Cottage,Booking.com,30,3,4695.54,False,14086.62
B00901,2025-05-19,2025-05-22,2025-05-25,Dormitory,Direct,3,3,2209.27,False,6627.81
B00902,2025-05-03,2025-05-22,2025-05-23,Camping Tent,Direct,19,1,2738.0,True,2738.0
B00903,2025-05-01,2025-05-23,2025-05-24,Cottage,MakeMyTrip,22,1,5598.37,False,5598.37
B00904,2025-05-09,2025-05-23,2025-05-25,Cottage,MakeMyTrip,14,2,4895.29,False,9790.58
B00905,2025-05-05,2025-05-23,2025-05-24,Cottage,Direct,18,1,5307.88,False,5307.88
B00906,2025-05-11,2025-05-23,2025-05-24,Cottage,Booking.com,12,1,5627.99,False,5627.99
B00907,2025-05-02,2025-05-23,2025-05-26,Cottage,MakeMyTrip,21,3,5105.55,False,15316.65
B00908,2025-05-14,2025-05-23,2025-05-25,Cottage,Agoda,9,2,5170.47,False,10340.94
B00909,2025-04-21,2025-05-23,2025-05-25,Cottage,Booking.com,32,2,5543.85,True,11087.7
B00910,2025-05-12,2025-05-23,2025-05-25,Villa,Agoda,11,2,10671.5,False,21343.0
B00911,2025-05-17,2025-05-23,2025-05-26,Dormitory,Direct,6,3,2293.93,False,6881.79
B00912,2025-04-11,2025-05-23,2025-05-27,Dormitory,Booking.com,42,4,2329.41,False,9317.64
B00913,2025-05-09,2025-05-24,2025-05-26,Cottage,MakeMyTrip,15,2,5452.92,False,10905.84
B00914,2025-05-13,2025-05-24,2025-05-26,Cottage,Direct,11,2,4903.73,False,9807.46
B00915,2025-05-06,2025-05-24,2025-05-25,Cottage,Direct,18,1,5457.27,False,5457.27
B00916,2025-05-03,2025-05-24,2025-05-25,Villa,Booking.com,21,1,10750.54,False,10750.54
B00917,2025-05-07,2025-05-24,2025-05-28,Dormitory,Agoda,17,4,2118.55,False,8474.2
B00918,2025-05-12,2025-05-25,2025-05-27,Cottage,Agoda,13,2,5304.22,False,10608.44
B00919,2025-04-30,2025-05-25,2025-05-26,Cottage,MakeMyTrip,25,1,5653.15,False,5653.15
B00920,2025-05-10,2025-05-25,2025-05-27,Cottage,Booking.com,15,2,5209.35,False,10418.7
B00921,2025-04-26,2025-05-25,2025-05-27,Cottage,MakeMyTrip,29,2,5252.86,False,10505.72
B00922,2025-05-11,2025-05-25,2025-05-27,Cottage,MakeMyTrip,14,2,5395.11,True,10790.22
B00923,2025-05-04,2025-05-25,2025-05-28,Dormitory,MakeMyTrip,21,3,2332.07,False,6996.21
B00924,2025-05-09,2025-05-25,2025-05-26,Camping Tent,MakeMyTrip,16,1,2813.07,False,2813.07
B00925,2025-05-10,2025-05-26,2025-05-28,Cottage,Booking.com,16,2,4751.94,True,9503.88
B00926,2025-04-16,2025-05-26,2025-05-28,Cottage,MakeMyTrip,40,2,4990.47,False,9980.94
B00927,2025-05-10,2025-05-26,2025-05-28,Cottage,Booking.com,16,2,4601.26,False,9202.52
B00928,2025-05-24,2025-05-26,2025-05-28,Cottage,Direct,2,2,4903.08,False,9806.16
B00929,2025-05-08,2025-05-26,2025-05-29,Cottage,Booking.com,18,3,4704.27,False,14112.81
B00930,2025-05-18,2025-05-26,2025-05-29,Dormitory,Direct,8,3,1978.52,False,5935.56
B00931,2025-05-13,2025-05-27,2025-05-29,Cottage,Booking.com,14,2,4728.94,False,9457.88
B00932,2025-05-14,2025-05-27,2025-05-29,Cottage,Direct,13,2,4798.71,False,9597.42
B00933,2025-05-13,2025-05-27,2025-05-28,Cottage,MakeMyTrip,14,1,5014.9,False,5014.9
B00934,2025-04-30,2025-05-27,2025-05-31,Cottage,Booking.com,27,4,4868.41,False,19473.64
B00935,2025-05-11,2025-05-27,2025-05-28,Cottage,Booking.com,16,1,5221.13,False,5221.13
B00936,2025-05-16,2025-05-27,2025-05-29,Cottage,MakeMyTrip,11,2,5280.17,False,10560.34
B00937,2025-05-17,2025-05-27,2025-05-28,Villa,Direct,10,1,9980.91,False,9980.91
B00938,2025-05-03,2025-05-28,2025-05-30,Cottage,Booking.com,25,2,4734.66,True,9469.32
B00939,2025-05-26,2025-05-28,2025-05-31,Cottage,Direct,2,3,4194.4,False,12583.2
B00940,2025-05-07,2025-05-28,2025-06-01,Cottage,Booking.com,21,4,4597.77,False,18391.08
B00941,2025-05-19,2025-05-28,2025-05-29,Cottage,Direct,9,1,4656.27,False,4656.27
B00942,2025-05-07,2025-05-28,2025-05-30,Dormitory,Direct,21,2,1917.33,False,3834.66
B00943,2025-05-06,2025-05-28,2025-05-31,Dormitory,Booking.com,22,3,2028.03,True,6084.09
B00944,2025-05-22,2025-05-29,2025-05-31,Cottage,Direct,7,2,4706.43,False,9412.86
B00945,2025-05-09,2025-05-29,2025-06-01,Cottage,Agoda,20,3,4796.53,True,14389.59
B00946,2025-05-12,2025-05-29,2025-05-30,Villa,MakeMyTrip,17,1,8960.14,False,8960.14
B00947,2025-05-20,2025-05-29,2025-05-31,Camping Tent,Direct,9,2,2755.14,False,5510.28
B00948,2025-05-01,2025-05-30,2025-05-31,Cottage,MakeMyTrip,29,1,5364.44,True,5364.44
B00949,2025-05-15,2025-05-30,2025-06-02,Cottage,MakeMyTrip,15,3,5277.69,False,15833.07
B00950,2025-05-13,2025-05-30,2025-06-01,Camping Tent,Direct,17,2,2857.94,False,5715.88
B00951,2025-05-16,2025-05-30,2025-06-01,Camping Tent,MakeMyTrip,14,2,2948.22,False,5896.44
B00952,2025-05-20,2025-05-31,2025-06-01,Cottage,Agoda,11,1,5031.33,False,5031.33
B00953,2025-05-17,2025-05-31,2025-06-01,Cottage,Agoda,14,1,5742.71,False,5742.71
B00954,2025-05-09,2025-05-31,2025-06-02,Cottage,Direct,22,2,5447.27,False,10894.54
B00955,2025-05-16,2025-05-31,2025-06-02,Cottage,Booking.com,15,2,5513.66,False,11027.32
B00956,2025-05-22,2025-05-31,2025-06-02,Cottage,MakeMyTrip,9,2,5569.55,False,11139.1
B00957,2025-05-19,2025-05-31,2025-06-02,Cottage,Booking.com,12,2,5336.96,False,10673.92
B00958,2025-05-27,2025-05-31,2025-06-04,Villa,Direct,4,4,11145.02,False,44580.08
B00959,2025-05-23,2025-05-31,2025-06-02,Camping Tent,MakeMyTrip,8,2,2867.32,True,5734.64
B00960,2025-05-09,2025-06-01,2025-06-02,Cottage,MakeMyTrip,23,1,5789.82,False,5789.82
B00961,2025-05-01,2025-06-01,2025-06-03,Cottage,MakeMyTrip,31,2,4902.52,False,9805.04
B00962,2025-05-15,2025-06-01,2025-06-02,Cottage,Booking.com,17,1,6173.99,False,6173.99
B00963,2025-05-29,2025-06-01,2025-06-04,Cottage,Direct,3,3,5469.52,False,16408.56
B00964,2025-05-24,2025-06-01,2025-06-05,Cottage,Booking.com,8,4,6267.29,False,25069.16
B00965,2025-05-07,2025-06-01,2025-06-05,Cottage,MakeMyTrip,25,4,6040.85,False,24163.4
B00966,2025-04-20,2025-06-01,2025-06-03,Villa,MakeMyTrip,42,2,11503.81,False,23007.62
B00967,2025-05-30,2025-06-01,2025-06-02,Camping Tent,Direct,2,1,3241.88,False,3241.88
B00968,2025-05-07,2025-06-01,2025-06-03,Camping Tent,Booking.com,25,2,3158.66,False,6317.32
B00969,2025-05-16,2025-06-02,2025-06-04,Cottage,Booking.com,17,2,4955.04,False,9910.08
B00970,2025-04-30,2025-06-02,2025-06-03,Cottage,Agoda,33,1,5071.63,False,5071.63
B00971,2025-05-21,2025-06-02,2025-06-06,Cottage,MakeMyTrip,12,4,5232.23,False,20928.92
B00972,2025-05-23,2025-06-02,2025-06-05,Cottage,Direct,10,3,4538.32,False,13614.96
B00973,2025-05-17,2025-06-02,2025-06-05,Cottage,Booking.com,16,3,5259.42,True,15778.26
B00974,2025-05-16,2025-06-02,2025-06-03,Villa,Booking.com,17,1,10005.23,False,10005.23
B00975,2025-05-16,2025-06-02,2025-06-05,Camping Tent,Booking.com,17,3,2813.01,False,8439.03
B00976,2025-05-08,2025-06-03,2025-06-04,Cottage,MakeMyTrip,26,1,5381.48,False,5381.48
B00977,2025-05-10,2025-06-03,2025-06-04,Cottage,Direct,24,1,5407.13,False,5407.13
B00978,2025-05-22,2025-06-03,2025-06-04,Cottage,Direct,12,1,5072.48,False,5072.48
B00979,2025-04-26,2025-06-03,2025-06-06,Cottage,MakeMyTrip,38,3,4812.27,False,14436.81
B00980,2025-05-30,2025-06-03,2025-06-04,Dormitory,Direct,4,1,2325.08,False,2325.08
B00981,2025-05-24,2025-06-03,2025-06-04,Dormitory,MakeMyTrip,10,1,2066.84,False,2066.84
B00982,2025-05-23,2025-06-03,2025-06-04,Camping Tent,Direct,11,1,2791.67,False,2791.67
B00983,2025-05-02,2025-06-04,2025-06-05,Cottage,Agoda,33,1,5482.95,False,5482.95
B00984,2025-05-30,2025-06-04,2025-06-05,Cottage,Direct,5,1,4867.53,False,4867.53
B00985,2025-05-23,2025-06-04,2025-06-05,Cottage,Direct,12,1,5733.32,False,5733.32
B00986,2025-05-08,2025-06-04,2025-06-05,Villa,MakeMyTrip,27,1,10448.27,True,10448.27
B00987,2025-05-23,2025-06-04,2025-06-07,Dormitory,Direct,12,3,2246.3,False,6738.9
B00988,2025-05-27,2025-06-04,2025-06-06,Dormitory,Direct,8,2,2500.0,False,5000.0
B00989,2025-05-23,2025-06-04,2025-06-05,Camping Tent,Agoda,12,1,2597.23,False,2597.23
B00990,2025-05-24,2025-06-05,2025-06-06,Cottage,Booking.com,12,1,4974.76,False,4974.76
B00991,2025-05-20,2025-06-05,2025-06-08,Cottage,Booking.com,16,3,5464.73,False,16394.19
B00992,2025-05-19,2025-06-05,2025-06-06,Cottage,Booking.com,17,1,5604.31,False,5604.31
B00993,2025-05-16,2025-06-05,2025-06-08,Cottage,Booking.com,20,3,5268.17,False,15804.51
B00994,2025-05-24,2025-06-05,2025-06-06,Cottage,Booking.com,12,1,5529.63,False,5529.63
B00995,2025-06-03,2025-06-05,2025-06-08,Cottage,Direct,2,3,5180.6,False,15541.8
B00996,2025-05-16,2025-06-05,2025-06-09,Cottage,Booking.com,20,4,5329.56,False,21318.24
B00997,2025-05-19,2025-06-05,2025-06-08,Villa,MakeMyTrip,17,3,10828.06,False,32484.18
B00998,2025-05-11,2025-06-05,2025-06-07,Camping Tent,Booking.com,25,2,2864.64,False,5729.28
B00999,2025-05-21,2025-06-05,2025-06-07,Camping Tent,Direct,15,2,2767.1,False,5534.2
B01000,2025-05-19,2025-06-06,2025-06-09,Cottage,Booking.com,18,3,5961.4,False,17884.2
B01001,2025-05-14,2025-06-06,2025-06-08,Cottage,Agoda,23,2,5782.11,False,11564.22
B01002,2025-05-27,2025-06-06,2025-06-08,Cottage,Direct,10,2,6585.69,False,13171.38
B01003,2025-06-04,2025-06-06,2025-06-09,Dormitory,Direct,2,3,2520.32,False,7560.96
B01004,2025-05-14,2025-06-06,2025-06-07,Camping Tent,Booking.com,23,1,2785.84,False,2785.84
B01005,2025-05-16,2025-06-06,2025-06-09,Camping Tent,Agoda,21,3,2956.6,False,8869.8
B01006,2025-06-05,2025-06-07,2025-06-09,Cottage,Direct,2,2,6345.89,False,12691.78
B01007,2025-05-26,2025-06-07,2025-06-08,Cottage,Direct,12,1,5172.11,False,5172.11
B01008,2025-05-24,2025-06-07,2025-06-08,Cottage,Direct,14,1,5340.15,False,5340.15
B01009,2025-06-01,2025-06-07,2025-06-08,Cottage,Direct,6,1,5987.42,True,5987.42
B01010,2025-05-20,2025-06-07,2025-06-09,Cottage,Booking.com,18,2,5700.7,True,11401.4
B01011,2025-05-11,2025-06-07,2025-06-08,Cottage,Booking.com,27,1,6078.18,False,6078.18
B01012,2025-05-28,2025-06-07,2025-06-10,Villa,Direct,10,3,12006.74,False,36020.22
B01013,2025-05-28,2025-06-07,2025-06-09,Dormitory,MakeMyTrip,10,2,2652.24,False,5304.48
B01014,2025-05-24,2025-06-07,2025-06-09,Camping Tent,Booking.com,14,2,3090.01,True,6180.02
B01015,2025-06-04,2025-06-07,2025-06-09,Camping Tent,Direct,3,2,3234.43,True,6468.86
B01016,2025-05-14,2025-06-08,2025-06-10,Cottage,Agoda,25,2,5288.47,False,10576.94
B01017,2025-06-05,2025-06-08,2025-06-09,Cottage,Direct,3,1,6073.01,False,6073.01
B01018,2025-05-25,2025-06-08,2025-06-09,Cottage,Agoda,14,1,5874.29,False,5874.29
B01019,2025-05-06,2025-06-08,2025-06-10,Cottage,Direct,33,2,5343.86,False,10687.72
B01020,2025-05-17,2025-06-08,2025-06-11,Cottage,MakeMyTrip,22,3,5647.43,True,16942.29
B01021,2025-05-22,2025-06-08,2025-06-09,Cottage,MakeMyTrip,17,1,5581.47,False,5581.47
B01022,2025-05-21,2025-06-08,2025-06-10,Villa,Booking.com,18,2,10900.88,False,21801.76
B01023,2025-05-22,2025-06-08,2025-06-09,Dormitory,MakeMyTrip,17,1,2604.6,False,2604.6
B01024,2025-06-05,2025-06-09,2025-06-10,Cottage,Direct,4,1,5306.57,False,5306.57
B01025,2025-05-31,2025-06-09,2025-06-10,Cottage,Direct,9,1,5082.74,False,5082.74
B01026,2025-05-21,2025-06-09,2025-06-12,Cottage,Booking.com,19,3,5313.51,False,15940.53
B01027,2025-05-21,2025-06-09,2025-06-12,Cottage,Agoda,19,3,5371.76,False,16115.28
B01028,2025-06-05,2025-06-09,2025-06-12,Cottage,Direct,4,3,5735.56,False,17206.68
B01029,2025-06-02,2025-06-09,2025-06-10,Cottage,Direct,7,1,5115.82,False,5115.82
B01030,2025-05-28,2025-06-09,2025-06-10,Cottage,Direct,12,1,5005.46,False,5005.46
B01031,2025-06-04,2025-06-09,2025-06-11,Camping Tent,Direct,5,2,2676.32,False,5352.64
B01032,2025-06-04,2025-06-10,2025-06-11,Cottage,Direct,6,1,5305.91,False,5305.91
B01033,2025-05-22,2025-06-10,2025-06-11,Dormitory,MakeMyTrip,19,1,2074.58,False,2074.58
B01034,2025-05-17,2025-06-10,2025-06-11,Camping Tent,Agoda,24,1,2560.26,True,2560.26
B01035,2025-05-28,2025-06-11,2025-06-14,Cottage,Booking.com,14,3,5088.98,False,15266.94
B01036,2025-05-29,2025-06-11,2025-06-13,Cottage,MakeMyTrip,13,2,5272.0,False,10544.0
B01037,2025-05-28,2025-06-11,2025-06-14,Cottage,Direct,14,3,5452.9,False,16358.7
B01038,2025-06-04,2025-06-11,2025-06-13,Cottage,Direct,7,2,5178.24,False,10356.48
B01039,2025-05-27,2025-06-11,2025-06-13,Cottage,Direct,15,2,5071.03,False,10142.06
B01040,2025-05-27,2025-06-11,2025-06-14,Cottage,Booking.com,15,3,5573.53,True,16720.59
B01041,2025-05-31,2025-06-11,2025-06-13,Dormitory,MakeMyTrip,11,2,2132.96,False,4265.92
B01042,2025-05-18,2025-06-11,2025-06-13,Camping Tent,Agoda,24,2,2737.27,False,5474.54
B01043,2025-05-25,2025-06-12,2025-06-14,Cottage,MakeMyTrip,18,2,5330.18,False,10660.36
B01044,2025-06-10,2025-06-12,2025-06-13,Cottage,Direct,2,1,4869.97,False,4869.97
B01045,2025-05-21,2025-06-12,2025-06-14,Cottage,Agoda,22,2,4962.4,True,9924.8
B01046,2025-06-04,2025-06-12,2025-06-14,Cottage,Direct,8,2,4853.1,False,9706.2
B01047,2025-06-12,2025-06-12,2025-06-14,Cottage,Direct,0,2,4879.8,False,9759.6
B01048,2025-06-07,2025-06-12,2025-06-15,Cottage,Direct,5,3,5089.77,False,15269.31
B01049,2025-06-07,2025-06-12,2025-06-15,Camping Tent,Direct,5,3,2654.35,False,7963.05
B01050,2025-06-11,2025-06-12,2025-06-16,Camping Tent,Direct,1,4,2592.16,False,10368.64
B01051,2025-05-24,2025-06-13,2025-06-15,Cottage,Booking.com,20,2,5552.12,False,11104.24
B01052,2025-06-07,2025-06-13,2025-06-14,Cottage,Direct,6,1,5613.41,False,5613.41
B01053,2025-06-03,2025-06-13,2025-06-14,Cottage,MakeMyTrip,10,1,5411.03,False,5411.03
B01054,2025-05-15,2025-06-13,2025-06-15,Cottage,Booking.com,29,2,5824.17,True,11648.34
B01055,2025-05-05,2025-06-13,2025-06-15,Cottage,Agoda,39,2,6125.78,False,12251.56
B01056,2025-05-24,2025-06-13,2025-06-16,Dormitory,Booking.com,20,3,2534.37,False,7603.11
B01057,2025-05-29,2025-06-13,2025-06-14,Camping Tent,Agoda,15,1,3090.48,True,3090.48
B01058,2025-05-30,2025-06-14,2025-06-15,Cottage,Booking.com,15,1,5767.26,False,5767.26
B01059,2025-05-24,2025-06-14,2025-06-15,Cottage,Direct,21,1,5795.53,False,5795.53
B01060,2025-06-02,2025-06-14,2025-06-16,Cottage,Booking.com,12,2,6539.62,False,13079.24
B01061,2025-05-23,2025-06-14,2025-06-15,Cottage,MakeMyTrip,22,1,5660.6,False,5660.6
B01062,2025-05-30,2025-06-14,2025-06-16,Cottage,MakeMyTrip,15,2,6259.03,False,12518.06
B01063,2025-05-29,2025-06-14,2025-06-17,Cottage,Direct,16,3,5816.31,False,17448.93
B01064,2025-05-30,2025-06-14,2025-06-17,Cottage,Booking.com,15,3,5994.54,True,17983.62
B01065,2025-05-26,2025-06-14,2025-06-16,Dormitory,Booking.com,19,2,2572.65,False,5145.3
B01066,2025-05-02,2025-06-14,2025-06-16,Dormitory,Agoda,43,2,2360.23,False,4720.46
B01067,2025-05-24,2025-06-14,2025-06-15,Camping Tent,MakeMyTrip,21,1,3212.87,False,3212.87
B01068,2025-05-28,2025-06-15,2025-06-18,Cottage,Booking.com,18,3,5494.69,False,16484.07
B01069,2025-05-31,2025-06-15,2025-06-17,Cottage,Direct,15,2,6007.59,False,12015.18
B01070,2025-06-02,2025-06-15,2025-06-17,Cottage,Booking.com,13,2,5941.12,False,11882.24
B01071,2025-06-03,2025-06-15,2025-06-16,Cottage,MakeMyTrip,12,1,6257.24,False,6257.24
B01072,2025-05-26,2025-06-15,2025-06-19,Cottage,Agoda,20,4,5975.61,False,23902.44
B01073,2025-06-06,2025-06-15,2025-06-19,Cottage,Direct,9,4,5641.58,False,22566.32
B01074,2025-05-31,2025-06-15,2025-06-16,Cottage,Direct,15,1,5966.66,False,5966.66
B01075,2025-06-03,2025-06-15,2025-06-16,Dormitory,MakeMyTrip,12,1,2569.39,False,2569.39
B01076,2025-05-28,2025-06-15,2025-06-17,Camping Tent,MakeMyTrip,18,2,2768.91,False,5537.82
B01077,2025-06-02,2025-06-16,2025-06-18,Cottage,MakeMyTrip,14,2,5073.13,True,10146.26
B01078,2025-06-06,2025-06-16,2025-06-19,Cottage,MakeMyTrip,10,3,5479.52,False,16438.56
B01079,2025-05-27,2025-06-16,2025-06-18,Dormitory,MakeMyTrip,20,2,2127.0,True,4254.0
B01080,2025-05-28,2025-06-16,2025-06-17,Camping Tent,Booking.com,19,1,2926.46,False,2926.46
B01081,2025-05-29,2025-06-17,2025-06-19,Cottage,MakeMyTrip,19,2,5348.59,False,10697.18
B01082,2025-05-29,2025-06-17,2025-06-19,Cottage,Agoda,19,2,5067.13,False,10134.26
B01083,2025-05-21,2025-06-17,2025-06-19,Dormitory,Agoda,27,2,2049.03,False,4098.06
B01084,2025-06-06,2025-06-17,2025-06-19,Camping Tent,Booking.com,11,2,3116.67,True,6233.34
B01085,2025-06-04,2025-06-17,2025-06-18,Camping Tent,Booking.com,13,1,2699.48,False,2699.48
B01086,2025-06-11,2025-06-18,2025-06-19,Cottage,Direct,7,1,5398.18,False,5398.18
B01087,2025-06-05,2025-06-18,2025-06-19,Cottage,Agoda,13,1,5561.02,False,5561.02
B01088,2025-06-05,2025-06-18,2025-06-22,Cottage,MakeMyTrip,13,4,5055.34,True,20221.36
B01089,2025-06-11,2025-06-18,2025-06-20,Dormitory,Direct,7,2,2009.23,False,4018.46
B01090,2025-06-04,2025-06-18,2025-06-20,Camping Tent,Direct,14,2,2882.5,False,5765.0
B01091,2025-05-31,2025-06-18,2025-06-20,Camping Tent,MakeMyTrip,18,2,2709.71,False,5419.42
B01092,2025-05-27,2025-06-19,2025-06-20,Cottage,MakeMyTrip,23,1,5449.71,True,5449.71
B01093,2025-06-06,2025-06-19,2025-06-20,Cottage,Booking.com,13,1,5360.97,False,5360.97
B01094,2025-06-06,2025-06-19,2025-06-21,Cottage,MakeMyTrip,13,2,5011.05,False,10022.1
B01095,2025-05-28,2025-06-19,2025-06-23,Dormitory,Booking.com,22,4,2013.04,True,8052.16
B01096,2025-05-25,2025-06-19,2025-06-20,Dormitory,Booking.com,25,1,2309.68,False,2309.68
B01097,2025-06-11,2025-06-19,2025-06-21,Camping Tent,Direct,8,2,2847.42,False,5694.84
B01098,2025-06-15,2025-06-20,2025-06-22,Cottage,Direct,5,2,6180.73,False,12361.46
B01099,2025-06-10,2025-06-20,2025-06-23,Cottage,MakeMyTrip,10,3,6436.46,False,19309.38
B01100,2025-05-22,2025-06-20,2025-06-23,Villa,Booking.com,29,3,12943.16,False,38829.48
B01101,2025-05-29,2025-06-20,2025-06-22,Dormitory,Agoda,22,2,2297.94,True,4595.88
B01102,2025-06-05,2025-06-20,2025-06-22,Camping Tent,Booking.com,15,2,3031.69,True,6063.38
B01103,2025-06-15,2025-06-20,2025-06-22,Camping Tent,Direct,5,2,3069.74,False,6139.48
B01104,2025-06-05,2025-06-21,2025-06-25,Cottage,Booking.com,16,4,5980.89,False,23923.56
B01105,2025-06-15,2025-06-21,2025-06-24,Cottage,Direct,6,3,5544.13,False,16632.39
B01106,2025-05-25,2025-06-21,2025-06-23,Cottage,Booking.com,27,2,5903.36,False,11806.72
B01107,2025-06-05,2025-06-21,2025-06-22,Cottage,Agoda,16,1,6061.1,False,6061.1
B01108,2025-05-26,2025-06-21,2025-06-23,Cottage,Booking.com,26,2,5867.39,False,11734.78
B01109,2025-06-07,2025-06-21,2025-06-24,Cottage,Booking.com,14,3,5640.52,False,16921.56
B01110,2025-06-04,2025-06-21,2025-06-22,Villa,MakeMyTrip,17,1,12672.77,False,12672.77
B01111,2025-06-12,2025-06-21,2025-06-23,Dormitory,Direct,9,2,2536.78,False,5073.56
B01112,2025-06-19,2025-06-22,2025-06-25,Cottage,Direct,3,3,6141.82,False,18425.46
B01113,2025-06-04,2025-06-22,2025-06-23,Cottage,MakeMyTrip,18,1,5670.2,False,5670.2
B01114,2025-06-17,2025-06-22,2025-06-23,Cottage,Direct,5,1,5735.28,False,5735.28
B01115,2025-06-07,2025-06-22,2025-06-23,Cottage,Direct,15,1,5280.15,False,5280.15
B01116,2025-06-08,2025-06-22,2025-06-24,Cottage,Booking.com,14,2,5711.85,False,11423.7
B01117,2025-06-02,2025-06-22,2025-06-25,Villa,MakeMyTrip,20,3,12329.7,False,36989.1
B01118,2025-06-06,2025-06-22,2025-06-24,Dormitory,Direct,16,2,2490.74,False,4981.48
B01119,2025-06-18,2025-06-22,2025-06-25,Dormitory,Direct,4,3,2487.64,True,7462.92
B01120,2025-06-10,2025-06-22,2025-06-23,Camping Tent,MakeMyTrip,12,1,3220.29,False,3220.29
B01121,2025-05-30,2025-06-23,2025-06-25,Cottage,Booking.com,24,2,5347.54,False,10695.08
B01122,2025-06-12,2025-06-23,2025-06-25,Cottage,Booking.com,11,2,4844.45,False,9688.9
B01123,2025-06-16,2025-06-23,2025-06-25,Cottage,Direct,7,2,5025.65,False,10051.3
B01124,2025-06-14,2025-06-23,2025-06-26,Cottage,Direct,9,3,5317.48,False,15952.44
B01125,2025-06-12,2025-06-23,2025-06-24,Camping Tent,MakeMyTrip,11,1,3064.24,False,3064.24
B01126,2025-06-19,2025-06-24,2025-06-25,Cottage,Direct,5,1,5215.34,False,5215.34
B01127,2025-06-06,2025-06-24,2025-06-26,Cottage,Booking.com,18,2,5166.01,False,10332.02
B01128,2025-06-08,2025-06-24,2025-06-25,Cottage,MakeMyTrip,16,1,4784.71,False,4784.71
B01129,2025-06-15,2025-06-24,2025-06-27,Cottage,Direct,9,3,5015.18,False,15045.54
B01130,2025-06-01,2025-06-24,2025-06-26,Cottage,MakeMyTrip,23,2,5089.67,False,10179.34
B01131,2025-06-20,2025-06-24,2025-06-25,Camping Tent,Direct,4,1,2699.61,False,2699.61
B01132,2025-06-05,2025-06-25,2025-06-26,Cottage,Direct,20,1,5451.39,True,5451.39
B01133,2025-06-23,2025-06-25,2025-06-27,Cottage,Direct,2,2,5278.93,False,10557.86
B01134,2025-06-10,2025-06-25,2025-06-27,Cottage,MakeMyTrip,15,2,4860.07,False,9720.14
B01135,2025-06-13,2025-06-25,2025-06-26,Dormitory,Booking.com,12,1,2335.34,False,2335.34
B01136,2025-06-13,2025-06-25,2025-06-26,Camping Tent,Booking.com,12,1,2789.17,False,2789.17
B01137,2025-06-24,2025-06-26,2025-06-29,Cottage,Direct,2,3,5062.78,False,15188.34
B01138,2025-06-14,2025-06-26,2025-06-30,Cottage,Direct,12,4,5549.67,False,22198.68
B01139,2025-06-04,2025-06-26,2025-06-28,Villa,MakeMyTrip,22,2,9813.13,False,19626.26
B01140,2025-06-02,2025-06-26,2025-06-27,Dormitory,Booking.com,24,1,2333.25,True,2333.25
B01141,2025-06-16,2025-06-26,2025-06-30,Dormitory,Direct,10,4,2019.16,False,8076.64
B01142,2025-06-23,2025-06-26,2025-06-28,Camping Tent,Direct,3,2,2837.71,False,5675.42
B01143,2025-06-21,2025-06-26,2025-06-27,Camping Tent,Direct,5,1,2781.16,False,2781.16
B01144,2025-06-19,2025-06-27,2025-06-30,Cottage,Booking.com,8,3,5984.65,False,17953.95
B01145,2025-06-13,2025-06-27,2025-06-29,Cottage,MakeMyTrip,14,2,5553.32,False,11106.64
B01146,2025-06-10,2025-06-27,2025-06-28,Cottage,Agoda,17,1,5336.49,False,5336.49
B01147,2025-06-02,2025-06-27,2025-06-28,Cottage,Agoda,25,1,6000.14,False,6000.14
B01148,2025-06-12,2025-06-27,2025-06-28,Cottage,Booking.com,15,1,6148.19,False,6148.19
B01149,2025-06-02,2025-06-27,2025-06-30,Cottage,Booking.com,25,3,5763.78,False,17291.34
B01150,2025-06-14,2025-06-27,2025-06-28,Cottage,Agoda,13,1,6349.24,True,6349.24
B01151,2025-06-16,2025-06-27,2025-06-28,Cottage,Booking.com,11,1,5500.63,False,5500.63
B01152,2025-05-11,2025-06-27,2025-06-30,Villa,Direct,47,3,11356.84,False,34070.52
B01153,2025-06-12,2025-06-27,2025-06-28,Dormitory,Direct,15,1,2536.63,False,2536.63
B01154,2025-06-15,2025-06-27,2025-06-29,Camping Tent,MakeMyTrip,12,2,3039.05,False,6078.1
B01155,2025-06-26,2025-06-28,2025-06-29,Cottage,Direct,2,1,5694.12,False,5694.12
B01156,2025-06-20,2025-06-28,2025-06-29,Cottage,Direct,8,1,6192.27,False,6192.27
B01157,2025-06-14,2025-06-28,2025-06-30,Cottage,MakeMyTrip,14,2,5765.78,False,11531.56
B01158,2025-06-23,2025-06-28,2025-06-29,Cottage,Direct,5,1,6659.85,False,6659.85
B01159,2025-06-05,2025-06-28,2025-07-01,Cottage,Agoda,23,3,5939.08,True,17817.24
B01160,2025-06-22,2025-06-28,2025-06-29,Cottage,Direct,6,1,5542.88,False,5542.88
B01161,2025-06-10,2025-06-28,2025-07-02,Cottage,Booking.com,18,4,5674.35,False,22697.4
B01162,2025-06-19,2025-06-28,2025-06-29,Villa,Direct,9,1,11522.64,False,11522.64
B01163,2025-06-21,2025-06-28,2025-07-01,Dormitory,Direct,7,3,2363.57,False,7090.71
B01164,2025-06-21,2025-06-29,2025-07-03,Cottage,Direct,8,4,5915.18,False,23660.72
B01165,2025-06-12,2025-06-29,2025-06-30,Cottage,Booking.com,17,1,6253.68,False,6253.68
B01166,2025-06-21,2025-06-29,2025-07-01,Cottage,Direct,8,2,5322.83,False,10645.66
B01167,2025-06-15,2025-06-29,2025-07-01,Cottage,Direct,14,2,5836.96,False,11673.92
B01168,2025-06-01,2025-06-29,2025-07-02,Cottage,Agoda,28,3,5502.73,False,16508.19
B01169,2025-06-08,2025-06-29,2025-07-01,Cottage,MakeMyTrip,21,2,5737.92,True,11475.84
B01170,2025-06-16,2025-06-29,2025-06-30,Villa,Booking.com,13,1,11981.92,False,11981.92
B01171,2025-06-14,2025-06-29,2025-07-01,Dormitory,Booking.com,15,2,2435.46,True,4870.92
B01172,2025-06-21,2025-06-29,2025-06-30,Dormitory,Direct,8,1,2397.9,False,2397.9
B01173,2025-06-24,2025-06-29,2025-06-30,Camping Tent,Direct,5,1,3172.9,False,3172.9
B01174,2025-05-31,2025-06-30,2025-07-01,Cottage,Direct,30,1,5251.96,False,5251.96
B01175,2025-06-26,2025-06-30,2025-07-02,Cottage,Direct,4,2,5051.31,False,10102.62
B01176,2025-06-22,2025-06-30,2025-07-02,Cottage,Direct,8,2,5354.52,False,10709.04
B01177,2025-06-12,2025-06-30,2025-07-02,Cottage,Agoda,18,2,5137.2,False,10274.4
B01178,2025-06-11,2025-06-30,2025-07-02,Villa,Direct,19,2,10145.53,False,20291.06
B01179,2025-06-11,2025-06-30,2025-07-02,Dormitory,MakeMyTrip,19,2,2143.4,False,4286.8
B01180,2025-06-04,2025-07-01,2025-07-03,Cottage,Booking.com,27,2,5045.76,True,10091.52
B01181,2025-06-04,2025-07-01,2025-07-02,Cottage,MakeMyTrip,27,1,5762.71,False,5762.71
B01182,2025-06-14,2025-07-01,2025-07-03,Dormitory,Direct,17,2,2398.61,False,4797.22
B01183,2025-06-08,2025-07-01,2025-07-03,Camping Tent,Agoda,23,2,3064.45,False,6128.9
B01184,2025-06-24,2025-07-02,2025-07-03,Cottage,Direct,8,1,5508.52,True,5508.52
B01185,2025-06-07,2025-07-02,2025-07-06,Cottage,Agoda,25,4,5573.8,False,22295.2
B01186,2025-06-22,2025-07-02,2025-07-04,Cottage,MakeMyTrip,10,2,5363.39,False,10726.78
B01187,2025-06-07,2025-07-02,2025-07-04,Cottage,Booking.com,25,2,5457.24,True,10914.48
B01188,2025-06-22,2025-07-02,2025-07-04,Camping Tent,MakeMyTrip,10,2,2984.34,False,5968.68
B01189,2025-06-12,2025-07-03,2025-07-05,Cottage,MakeMyTrip,21,2,5759.53,False,11519.06
B01190,2025-07-02,2025-07-03,2025-07-06,Cottage,Direct,1,3,5466.1,False,16398.3
B01191,2025-06-20,2025-07-03,2025-07-06,Cottage,Agoda,13,3,5790.08,False,17370.24
B01192,2025-06-18,2025-07-03,2025-07-04,Cottage,Booking.com,15,1,5464.02,False,5464.02
B01193,2025-06-19,2025-07-03,2025-07-04,Cottage,MakeMyTrip,14,1,5780.56,False,5780.56
B01194,2025-06-21,2025-07-03,2025-07-04,Cottage,Direct,12,1,5447.07,False,5447.07
B01195,2025-06-09,2025-07-03,2025-07-07,Dormitory,Booking.com,24,4,2325.79,False,9303.16
B01196,2025-06-16,2025-07-04,2025-07-06,Cottage,Direct,18,2,6364.49,False,12728.98
B01197,2025-06-14,2025-07-04,2025-07-06,Cottage,MakeMyTrip,20,2,6365.64,True,12731.28
B01198,2025-06-22,2025-07-04,2025-07-08,Cottage,MakeMyTrip,12,4,5990.05,False,23960.2
B01199,2025-06-18,2025-07-04,2025-07-05,Cottage,MakeMyTrip,16,1,5952.54,False,5952.54
B01200,2025-06-26,2025-07-04,2025-07-05,Cottage,Direct,8,1,5905.46,False,5905.46
B01201,2025-06-24,2025-07-04,2025-07-08,Cottage,Direct,10,4,6276.9,False,25107.6
B01202,2025-06-08,2025-07-04,2025-07-05,Dormitory,MakeMyTrip,26,1,2759.16,False,2759.16
B01203,2025-06-17,2025-07-04,2025-07-05,Camping Tent,Booking.com,17,1,3648.5,False,3648.5
B01204,2025-06-18,2025-07-04,2025-07-07,Camping Tent,Booking.com,16,3,3469.65,False,10408.95
B01205,2025-06-23,2025-07-05,2025-07-08,Cottage,MakeMyTrip,12,3,6217.82,True,18653.46
B01206,2025-06-18,2025-07-05,2025-07-06,Cottage,Direct,17,1,6425.06,False,6425.06
B01207,2025-06-23,2025-07-05,2025-07-08,Cottage,Booking.com,12,3,5767.67,True,17303.01
B01208,2025-06-15,2025-07-05,2025-07-06,Cottage,Agoda,20,1,5994.45,False,5994.45
B01209,2025-06-26,2025-07-05,2025-07-06,Cottage,Booking.com,9,1,5875.36,False,5875.36
B01210,2025-06-23,2025-07-05,2025-07-07,Dormitory,Agoda,12,2,2833.43,True,5666.86
B01211,2025-06-27,2025-07-05,2025-07-06,Dormitory,Direct,8,1,2704.09,False,2704.09
B01212,2025-06-28,2025-07-05,2025-07-08,Camping Tent,Direct,7,3,3596.27,False,10788.81
B01213,2025-07-03,2025-07-06,2025-07-10,Cottage,Direct,3,4,6228.9,True,24915.6
B01214,2025-06-21,2025-07-06,2025-07-09,Cottage,Booking.com,15,3,6356.29,False,19068.87
B01215,2025-06-07,2025-07-06,2025-07-08,Cottage,Booking.com,29,2,6365.56,True,12731.12
B01216,2025-06-22,2025-07-06,2025-07-09,Cottage,Direct,14,3,6573.36,False,19720.08
B01217,2025-06-09,2025-07-06,2025-07-07,Cottage,Direct,27,1,6726.38,False,6726.38
B01218,2025-06-14,2025-07-06,2025-07-07,Cottage,Direct,22,1,5667.1,False,5667.1
B01219,2025-06-29,2025-07-06,2025-07-07,Villa,Direct,7,1,12310.12,False,12310.12
B01220,2025-06-16,2025-07-06,2025-07-08,Dormitory,Booking.com,20,2,2655.8,False,5311.6
B01221,2025-06-28,2025-07-06,2025-07-07,Dormitory,Direct,8,1,2767.26,False,2767.26
B01222,2025-06-15,2025-07-07,2025-07-09,Cottage,Agoda,22,2,5712.01,False,11424.02
B01223,2025-06-03,2025-07-07,2025-07-10,Cottage,Agoda,34,3,6122.73,False,18368.19
B01224,2025-06-28,2025-07-07,2025-07-09,Cottage,MakeMyTrip,9,2,6006.77,False,12013.54
B01225,2025-06-22,2025-07-07,2025-07-09,Villa,Booking.com,15,2,11343.03,True,22686.06
B01226,2025-06-28,2025-07-07,2025-07-09,Dormitory,Direct,9,2,2387.52,False,4775.04
B01227,2025-06-23,2025-07-07,2025-07-08,Dormitory,Booking.com,14,1,2491.6,False,2491.6
B01228,2025-06-09,2025-07-07,2025-07-09,Camping Tent,Booking.com,28,2,2940.98,False,5881.96
B01229,2025-06-07,2025-07-07,2025-07-09,Camping Tent,Direct,30,2,2949.77,False,5899.54
B01230,2025-06-28,2025-07-08,2025-07-10,Cottage,Direct,10,2,5289.17,False,10578.34
B01231,2025-06-20,2025-07-08,2025-07-10,Cottage,Booking.com,18,2,5519.96,True,11039.92
B01232,2025-07-03,2025-07-08,2025-07-09,Cottage,Direct,5,1,5973.68,False,5973.68
B01233,2025-06-23,2025-07-08,2025-07-09,Cottage,Booking.com,15,1,5874.45,False,5874.45
B01234,2025-06-03,2025-07-08,2025-07-09,Cottage,Booking.com,35,1,5604.46,False,5604.46
B01235,2025-06-14,2025-07-08,2025-07-09,Villa,Direct,24,1,11139.06,False,11139.06
B01236,2025-06-05,2025-07-08,2025-07-10,Camping Tent,Agoda,33,2,3182.49,False,6364.98
B01237,2025-06-21,2025-07-08,2025-07-09,Camping Tent,MakeMyTrip,17,1,3022.48,False,3022.48
B01238,2025-06-26,2025-07-09,2025-07-10,Cottage,Agoda,13,1,5429.02,False,5429.02
B01239,2025-06-20,2025-07-09,2025-07-10,Cottage,Agoda,19,1,5942.09,False,5942.09
B01240,2025-07-02,2025-07-09,2025-07-11,Cottage,Direct,7,2,5860.39,False,11720.78
B01241,2025-06-24,2025-07-09,2025-07-12,Dormitory,Booking.com,15,3,2310.2,False,6930.6
B01242,2025-06-29,2025-07-10,2025-07-12,Cottage,Direct,11,2,5057.85,False,10115.7
B01243,2025-07-06,2025-07-10,2025-07-12,Cottage,Direct,4,2,5423.71,False,10847.42
B01244,2025-06-24,2025-07-10,2025-07-11,Cottage,Booking.com,16,1,5533.03,False,5533.03
B01245,2025-06-23,2025-07-10,2025-07-12,Cottage,MakeMyTrip,17,2,5508.94,False,11017.88
B01246,2025-07-04,2025-07-10,2025-07-11,Dormitory,Direct,6,1,2392.8,False,2392.8
B01247,2025-06-18,2025-07-10,2025-07-11,Camping Tent,Booking.com,22,1,3109.91,False,3109.91
B01248,2025-06-27,2025-07-11,2025-07-13,Cottage,MakeMyTrip,14,2,6680.95,False,13361.9
B01249,2025-06-30,2025-07-11,2025-07-14,Cottage,Booking.com,11,3,6167.33,False,18501.99
B01250,2025-07-08,2025-07-11,2025-07-12,Cottage,Direct,3,1,6928.18,False,6928.18
B01251,2025-07-03,2025-07-11,2025-07-13,Cottage,Direct,8,2,6297.3,False,12594.6
B01252,2025-06-13,2025-07-11,2025-07-14,Cottage,MakeMyTrip,28,3,6728.55,False,20185.65
B01253,2025-07-09,2025-07-11,2025-07-15,Cottage,Direct,2,4,6200.8,False,24803.2
B01254,2025-06-04,2025-07-11,2025-07-15,Villa,Booking.com,37,4,13439.41,False,53757.64
B01255,2025-06-03,2025-07-11,2025-07-12,Camping Tent,Agoda,38,1,3161.48,True,3161.48
B01256,2025-06-29,2025-07-12,2025-07-14,Cottage,Booking.com,13,2,6143.46,False,12286.92
B01257,2025-06-20,2025-07-12,2025-07-15,Cottage,Agoda,22,3,6490.07,True,19470.21
B01258,2025-06-24,2025-07-12,2025-07-16,Cottage,MakeMyTrip,18,4,5813.35,True,23253.4
B01259,2025-07-04,2025-07-12,2025-07-14,Cottage,Booking.com,8,2,6194.71,False,12389.42
B01260,2025-06-23,2025-07-12,2025-07-13,Cottage,Booking.com,19,1,5584.88,True,5584.88
B01261,2025-06-30,2025-07-12,2025-07-15,Dormitory,Direct,12,3,2739.26,False,8217.78
B01262,2025-06-30,2025-07-13,2025-07-17,Cottage,Booking.com,13,4,6106.72,True,24426.88
B01263,2025-07-07,2025-07-13,2025-07-15,Cottage,Direct,6,2,6252.62,False,12505.24
B01264,2025-06-30,2025-07-13,2025-07-15,Cottage,Agoda,13,2,6637.05,False,13274.1
B01265,2025-06-12,2025-07-13,2025-07-14,Cottage,Agoda,31,1,6228.4,True,6228.4
B01266,2025-07-01,2025-07-13,2025-07-16,Cottage,Direct,12,3,6458.68,False,19376.04
B01267,2025-07-05,2025-07-13,2025-07-15,Cottage,Direct,8,2,6056.01,False,12112.02
B01268,2025-07-04,2025-07-13,2025-07-16,Villa,Direct,9,3,13024.66,False,39073.98
B01269,2025-07-01,2025-07-13,2025-07-15,Dormitory,MakeMyTrip,12,2,2733.81,True,5467.62
B01270,2025-06-22,2025-07-13,2025-07-17,Dormitory,Direct,21,4,2594.98,False,10379.92
B01271,2025-07-06,2025-07-13,2025-07-15,Camping Tent,Direct,7,2,3342.24,True,6684.48
B01272,2025-07-10,2025-07-13,2025-07-14,Camping Tent,Direct,3,1,3289.62,False,3289.62
B01273,2025-06-30,2025-07-14,2025-07-17,Cottage,Booking.com,14,3,5912.35,False,17737.05
B01274,2025-06-05,2025-07-14,2025-07-16,Cottage,Direct,39,2,5559.25,False,11118.5
B01275,2025-06-16,2025-07-14,2025-07-15,Cottage,MakeMyTrip,28,1,5222.83,False,5222.83
B01276,2025-06-12,2025-07-14,2025-07-15,Dormitory,Direct,32,1,2468.61,False,2468.61
B01277,2025-06-26,2025-07-14,2025-07-16,Camping Tent,MakeMyTrip,18,2,3060.3,False,6120.6
B01278,2025-07-08,2025-07-14,2025-07-17,Camping Tent,Direct,6,3,3018.93,False,9056.79
B01279,2025-06-08,2025-07-15,2025-07-17,Cottage,Direct,37,2,5086.65,True,10173.3
B01280,2025-07-04,2025-07-15,2025-07-18,Cottage,Booking.com,11,3,5118.04,False,15354.12
B01281,2025-07-04,2025-07-15,2025-07-19,Cottage,Agoda,11,4,5293.7,False,21174.8
B01282,2025-06-28,2025-07-15,2025-07-17,Dormitory,Booking.com,17,2,2146.97,False,4293.94
B01283,2025-07-10,2025-07-15,2025-07-18,Camping Tent,Direct,5,3,3018.88,False,9056.64
B01284,2025-06-26,2025-07-16,2025-07-18,Cottage,Booking.com,20,2,5765.89,True,11531.78
B01285,2025-07-08,2025-07-16,2025-07-19,Cottage,Booking.com,8,3,5729.32,False,17187.96
B01286,2025-07-04,2025-07-16,2025-07-17,Cottage,MakeMyTrip,12,1,5678.16,True,5678.16
B01287,2025-07-04,2025-07-16,2025-07-17,Dormitory,MakeMyTrip,12,1,2271.2,False,2271.2
B01288,2025-07-04,2025-07-17,2025-07-20,Cottage,Direct,13,3,5348.95,False,16046.85
B01289,2025-06-27,2025-07-17,2025-07-20,Cottage,MakeMyTrip,20,3,5764.03,False,17292.09
B01290,2025-07-07,2025-07-17,2025-07-20,Cottage,MakeMyTrip,10,3,5723.94,False,17171.82
B01291,2025-07-08,2025-07-17,2025-07-18,Cottage,Direct,9,1,5742.85,False,5742.85
B01292,2025-06-17,2025-07-17,2025-07-20,Villa,MakeMyTrip,30,3,10804.03,False,32412.09
B01293,2025-07-12,2025-07-17,2025-07-19,Dormitory,Direct,5,2,2347.44,True,4694.88
B01294,2025-07-11,2025-07-17,2025-07-19,Camping Tent,Direct,6,2,3116.76,False,6233.52
B01295,2025-07-04,2025-07-18,2025-07-19,Cottage,Booking.com,14,1,6214.64,False,6214.64
B01296,2025-07-15,2025-07-18,2025-07-20,Cottage,Direct,3,2,6462.5,False,12925.0
B01297,2025-07-10,2025-07-18,2025-07-20,Cottage,Direct,8,2,6467.77,False,12935.54
B01298,2025-07-03,2025-07-18,2025-07-21,Cottage,Booking.com,15,3,6176.25,True,18528.75
B01299,2025-07-05,2025-07-18,2025-07-20,Cottage,Booking.com,13,2,6809.07,False,13618.14
B01300,2025-07-14,2025-07-18,2025-07-22,Cottage,Direct,4,4,6523.05,True,26092.2
B01301,2025-07-04,2025-07-18,2025-07-20,Villa,Booking.com,14,2,12303.2,True,24606.4
B01302,2025-07-03,2025-07-18,2025-07-19,Dormitory,Booking.com,15,1,2694.87,False,2694.87
B01303,2025-06-10,2025-07-18,2025-07-20,Camping Tent,Agoda,38,2,3423.58,False,6847.16
B01304,2025-06-29,2025-07-19,2025-07-22,Cottage,Booking.com,20,3,6828.49,False,20485.47
B01305,2025-06-30,2025-07-19,2025-07-21,Cottage,Booking.com,19,2,5985.41,False,11970.82
B01306,2025-07-15,2025-07-19,2025-07-23,Cottage,Direct,4,4,6007.52,False,24030.08
B01307,2025-07-10,2025-07-19,2025-07-21,Cottage,Direct,9,2,6577.43,False,13154.86
B01308,2025-06-27,2025-07-19,2025-07-21,Villa,Direct,22,2,12736.14,False,25472.28
B01309,2025-06-20,2025-07-19,2025-07-22,Dormitory,Booking.com,29,3,2910.68,False,8732.04
B01310,2025-07-10,2025-07-19,2025-07-20,Dormitory,Direct,9,1,2417.85,False,2417.85
B01311,2025-07-10,2025-07-19,2025-07-21,Camping Tent,Agoda,9,2,3467.3,False,6934.6
B01312,2025-06-29,2025-07-20,2025-07-21,Cottage,Agoda,21,1,6086.29,False,6086.29
B01313,2025-07-06,2025-07-20,2025-07-22,Cottage,Direct,14,2,6489.61,False,12979.22
B01314,2025-06-23,2025-07-20,2025-07-22,Cottage,MakeMyTrip,27,2,6541.8,False,13083.6
B01315,2025-07-20,2025-07-20,2025-07-22,Cottage,Direct,0,2,6318.22,False,12636.44
B01316,2025-07-04,2025-07-20,2025-07-22,Cottage,Agoda,16,2,6520.17,False,13040.34
B01317,2025-06-27,2025-07-20,2025-07-22,Villa,Direct,23,2,13013.39,False,26026.78
B01318,2025-06-23,2025-07-20,2025-07-21,Dormitory,Booking.com,27,1,2899.88,False,2899.88
B01319,2025-07-06,2025-07-20,2025-07-21,Dormitory,Direct,14,1,2442.3,False,2442.3
B01320,2025-07-04,2025-07-20,2025-07-21,Camping Tent,Booking.com,16,1,3463.06,False,3463.06
B01321,2025-07-06,2025-07-21,2025-07-23,Cottage,Direct,15,2,5658.86,True,11317.72
B01322,2025-07-17,2025-07-21,2025-07-25,Cottage,Direct,4,4,6349.45,False,25397.8
B01323,2025-06-25,2025-07-21,2025-07-22,Cottage,Direct,26,1,5218.9,False,5218.9
B01324,2025-07-15,2025-07-21,2025-07-23,Cottage,Direct,6,2,6109.94,False,12219.88
B01325,2025-07-03,2025-07-21,2025-07-23,Cottage,Booking.com,18,2,5511.65,True,11023.3
B01326,2025-07-13,2025-07-21,2025-07-22,Cottage,Direct,8,1,5752.34,False,5752.34
B01327,2025-07-01,2025-07-21,2025-07-23,Dormitory,Booking.com,20,2,2239.78,False,4479.56
B01328,2025-07-06,2025-07-21,2025-07-22,Camping Tent,MakeMyTrip,15,1,3203.33,False,3203.33
B01329,2025-07-14,2025-07-22,2025-07-25,Cottage,Direct,8,3,6022.95,False,18068.85
B01330,2025-06-18,2025-07-22,2025-07-24,Cottage,Agoda,34,2,5502.56,False,11005.12
B01331,2025-07-19,2025-07-22,2025-07-24,Cottage,Direct,3,2,5885.48,False,11770.96
B01332,2025-06-20,2025-07-22,2025-07-26,Dormitory,Agoda,32,4,2412.36,False,9649.44
B01333,2025-07-12,2025-07-22,2025-07-25,Camping Tent,Direct,10,3,3102.87,False,9308.61
B01334,2025-07-14,2025-07-23,2025-07-24,Cottage,MakeMyTrip,9,1,5744.53,False,5744.53
B01335,2025-06-30,2025-07-23,2025-07-25,Cottage,Agoda,23,2,5308.15,False,10616.3
B01336,2025-07-02,2025-07-23,2025-07-26,Cottage,Agoda,21,3,5768.32,True,17304.96
B01337,2025-06-18,2025-07-23,2025-07-26,Cottage,Booking.com,35,3,5842.48,False,17527.44
B01338,2025-06-26,2025-07-23,2025-07-25,Cottage,MakeMyTrip,27,2,5791.9,False,11583.8
B01339,2025-07-08,2025-07-23,2025-07-25,Villa,MakeMyTrip,15,2,10929.8,False,21859.6
B01340,2025-07-07,2025-07-23,2025-07-25,Dormitory,Booking.com,16,2,2316.32,False,4632.64
B01341,2025-07-01,2025-07-24,2025-07-25,Cottage,Direct,23,1,5704.57,False,5704.57
B01342,2025-07-05,2025-07-24,2025-07-28,Cottage,Booking.com,19,4,5916.67,False,23666.68
B01343,2025-07-14,2025-07-24,2025-07-26,Cottage,MakeMyTrip,10,2,6051.93,False,12103.86
B01344,2025-07-09,2025-07-24,2025-07-26,Cottage,MakeMyTrip,15,2,5612.13,False,11224.26
B01345,2025-06-28,2025-07-24,2025-07-25,Villa,Booking.com,26,1,12408.9,False,12408.9
B01346,2025-06-26,2025-07-24,2025-07-27,Dormitory,Agoda,28,3,1965.98,False,5897.94
B01347,2025-07-02,2025-07-24,2025-07-25,Camping Tent,MakeMyTrip,22,1,2757.18,False,2757.18
B01348,2025-07-16,2025-07-25,2025-07-27,Cottage,Agoda,9,2,6318.37,True,12636.74
B01349,2025-07-11,2025-07-25,2025-07-26,Cottage,Booking.com,14,1,6228.63,False,6228.63
B01350,2025-07-12,2025-07-25,2025-07-27,Cottage,Booking.com,13,2,5931.9,False,11863.8
B01351,2025-07-14,2025-07-25,2025-07-27,Cottage,Direct,11,2,6048.05,False,12096.1
B01352,2025-07-10,2025-07-25,2025-07-29,Cottage,MakeMyTrip,15,4,6232.82,False,24931.28
B01353,2025-06-15,2025-07-25,2025-07-27,Villa,Booking.com,40,2,13476.35,False,26952.7
B01354,2025-07-07,2025-07-25,2025-07-26,Camping Tent,Direct,18,1,3669.17,False,3669.17
B01355,2025-07-19,2025-07-26,2025-07-28,Cottage,Direct,7,2,5904.55,False,11809.1
B01356,2025-07-10,2025-07-26,2025-07-27,Cottage,Booking.com,16,1,6769.63,False,6769.63
B01357,2025-07-06,2025-07-26,2025-07-27,Cottage,Booking.com,20,1,6288.0,False,6288.0
B01358,2025-07-17,2025-07-26,2025-07-29,Cottage,MakeMyTrip,9,3,6017.38,False,18052.14
B01359,2025-07-21,2025-07-26,2025-07-28,Cottage,Direct,5,2,6540.02,False,13080.04
B01360,2025-07-19,2025-07-26,2025-07-27,Cottage,Direct,7,1,6661.14,False,6661.14
B01361,2025-07-17,2025-07-26,2025-07-27,Villa,Direct,9,1,12745.58,False,12745.58
B01362,2025-07-08,2025-07-26,2025-07-30,Dormitory,Booking.com,18,4,2704.46,False,10817.84
B01363,2025-07-01,2025-07-26,2025-07-27,Dormitory,Booking.com,25,1,2696.22,False,2696.22
B01364,2025-07-17,2025-07-27,2025-07-30,Cottage,Agoda,10,3,6724.32,False,20172.96
B01365,2025-07-06,2025-07-27,2025-07-29,Cottage,MakeMyTrip,21,2,6317.06,False,12634.12
B01366,2025-07-17,2025-07-27,2025-07-29,Cottage,Direct,10,2,6315.15,False,12630.3
B01367,2025-07-09,2025-07-27,2025-07-30,Cottage,MakeMyTrip,18,3,5710.06,False,17130.18
B01368,2025-07-09,2025-07-27,2025-07-30,Cottage,Direct,18,3,5983.38,False,17950.14
B01369,2025-06-25,2025-07-27,2025-07-31,Cottage,Agoda,32,4,6032.04,False,24128.16
B01370,2025-07-05,2025-07-27,2025-07-29,Villa,MakeMyTrip,22,2,12008.39,False,24016.78
B01371,2025-07-07,2025-07-27,2025-07-28,Dormitory,MakeMyTrip,20,1,2577.91,False,2577.91
B01372,2025-07-25,2025-07-27,2025-07-29,Camping Tent,Direct,2,2,3501.27,False,7002.54
B01373,2025-07-15,2025-07-27,2025-07-28,Camping Tent,Booking.com,12,1,3292.35,False,3292.35
B01374,2025-07-15,2025-07-28,2025-07-31,Cottage,Booking.com,13,3,5732.53,False,17197.59
B01375,2025-07-01,2025-07-28,2025-07-31,Cottage,Direct,27,3,5761.44,False,17284.32
B01376,2025-07-15,2025-07-28,2025-07-29,Cottage,Agoda,13,1,5156.04,False,5156.04
B01377,2025-07-02,2025-07-28,2025-07-29,Cottage,Direct,26,1,5556.8,False,5556.8
B01378,2025-07-08,2025-07-28,2025-07-31,Cottage,Booking.com,20,3,5505.21,False,16515.63
B01379,2025-06-30,2025-07-28,2025-08-01,Dormitory,Agoda,28,4,2527.15,False,10108.6
B01380,2025-07-16,2025-07-28,2025-07-29,Camping Tent,MakeMyTrip,12,1,2890.64,False,2890.64
B01381,2025-07-12,2025-07-28,2025-07-30,Camping Tent,MakeMyTrip,16,2,2758.71,False,5517.42
B01382,2025-07-20,2025-07-29,2025-07-31,Cottage,Booking.com,9,2,5447.71,False,10895.42
B01383,2025-07-14,2025-07-29,2025-07-31,Cottage,Booking.com,15,2,5775.07,False,11550.14
B01384,2025-07-16,2025-07-29,2025-07-30,Cottage,Direct,13,1,5683.38,False,5683.38
B01385,2025-07-16,2025-07-29,2025-08-01,Cottage,MakeMyTrip,13,3,6044.84,False,18134.52
B01386,2025-07-17,2025-07-29,2025-08-02,Cottage,MakeMyTrip,12,4,5344.52,False,21378.08
B01387,2025-07-09,2025-07-29,2025-07-30,Cottage,Booking.com,20,1,5275.73,False,5275.73
B01388,2025-06-15,2025-07-29,2025-07-31,Villa,MakeMyTrip,44,2,11545.13,False,23090.26
B01389,2025-07-23,2025-07-29,2025-07-31,Dormitory,Direct,6,2,2393.74,False,4787.48
B01390,2025-07-20,2025-07-29,2025-08-02,Dormitory,Direct,9,4,2489.1,False,9956.4
B01391,2025-07-06,2025-07-29,2025-07-30,Camping Tent,Booking.com,23,1,2905.1,False,2905.1
B01392,2025-07-18,2025-07-29,2025-08-01,Camping Tent,Direct,11,3,3075.84,False,9227.52
B01393,2025-07-03,2025-07-30,2025-08-02,Cottage,Agoda,27,3,5396.3,False,16188.9
B01394,2025-07-19,2025-07-30,2025-08-03,Cottage,Agoda,11,4,5083.34,True,20333.36
B01395,2025-07-14,2025-07-31,2025-08-01,Cottage,MakeMyTrip,17,1,5434.37,False,5434.37
B01396,2025-07-14,2025-07-31,2025-08-02,Cottage,Direct,17,2,5613.49,False,11226.98
B01397,2025-06-27,2025-07-31,2025-08-02,Cottage,Direct,34,2,5547.99,False,11095.98
B01398,2025-07-15,2025-07-31,2025-08-03,Cottage,Direct,16,3,5494.32,True,16482.96
B01399,2025-06-22,2025-07-31,2025-08-03,Cottage,Booking.com,39,3,5703.89,False,17111.67
B01400,2025-07-19,2025-07-31,2025-08-01,Cottage,MakeMyTrip,12,1,5510.68,False,5510.68
B01401,2025-07-22,2025-07-31,2025-08-02,Cottage,Direct,9,2,5497.62,False,10995.24
B01402,2025-07-23,2025-07-31,2025-08-03,Dormitory,Direct,8,3,2585.7,False,7757.1
B01403,2025-07-27,2025-07-31,2025-08-04,Dormitory,Direct,4,4,2301.97,False,9207.88
B01404,2025-07-19,2025-08-01,2025-08-03,Cottage,Direct,13,2,5758.41,False,11516.82
B01405,2025-07-26,2025-08-01,2025-08-02,Cottage,Direct,6,1,6013.91,False,6013.91
B01406,2025-07-18,2025-08-01,2025-08-03,Cottage,Booking.com,14,2,7171.06,False,14342.12
B01407,2025-07-12,2025-08-01,2025-08-03,Cottage,Booking.com,20,2,6868.13,False,13736.26
B01408,2025-07-30,2025-08-01,2025-08-02,Cottage,Direct,2,1,6130.4,False,6130.4
B01409,2025-07-10,2025-08-01,2025-08-02,Cottage,MakeMyTrip,22,1,6500.16,False,6500.16
B01410,2025-07-24,2025-08-01,2025-08-04,Cottage,Direct,8,3,6156.46,False,18469.38
B01411,2025-06-28,2025-08-01,2025-08-02,Cottage,Agoda,34,1,6716.87,False,6716.87
B01412,2025-07-19,2025-08-01,2025-08-03,Villa,Agoda,13,2,12009.24,False,24018.48
B01413,2025-07-20,2025-08-01,2025-08-03,Dormitory,Direct,12,2,2574.81,False,5149.62
B01414,2025-07-14,2025-08-01,2025-08-04,Camping Tent,MakeMyTrip,18,3,3480.51,False,10441.53
B01415,2025-07-07,2025-08-01,2025-08-04,Camping Tent,MakeMyTrip,25,3,3540.67,False,10622.01
B01416,2025-07-20,2025-08-02,2025-08-04,Cottage,Direct,13,2,7195.14,False,14390.28
B01417,2025-07-22,2025-08-02,2025-08-04,Cottage,MakeMyTrip,11,2,6634.31,False,13268.62
B01418,2025-07-28,2025-08-02,2025-08-04,Cottage,Direct,5,2,6492.88,False,12985.76
B01419,2025-07-10,2025-08-02,2025-08-03,Cottage,Agoda,23,1,6642.54,False,6642.54
B01420,2025-07-15,2025-08-02,2025-08-03,Dormitory,Agoda,18,1,2779.73,False,2779.73
B01421,2025-07-18,2025-08-02,2025-08-04,Dormitory,Direct,15,2,2501.34,False,5002.68
B01422,2025-07-13,2025-08-02,2025-08-04,Camping Tent,MakeMyTrip,20,2,3455.48,False,6910.96
B01423,2025-07-16,2025-08-03,2025-08-04,Cottage,MakeMyTrip,18,1,6550.78,False,6550.78
B01424,2025-07-05,2025-08-03,2025-08-04,Cottage,Booking.com,29,1,6836.95,False,6836.95
B01425,2025-07-15,2025-08-03,2025-08-05,Cottage,Direct,19,2,6387.4,False,12774.8
B01426,2025-07-29,2025-08-03,2025-08-04,Cottage,Direct,5,1,6384.53,False,6384.53
B01427,2025-07-15,2025-08-03,2025-08-06,Cottage,Booking.com,19,3,6255.62,False,18766.86
B01428,2025-07-13,2025-08-03,2025-08-05,Villa,Booking.com,21,2,12663.65,False,25327.3
B01429,2025-07-29,2025-08-03,2025-08-06,Dormitory,Direct,5,3,2872.53,False,8617.59
B01430,2025-07-19,2025-08-03,2025-08-04,Camping Tent,Booking.com,15,1,3354.45,False,3354.45
B01431,2025-07-16,2025-08-04,2025-08-06,Cottage,MakeMyTrip,19,2,5819.86,True,11639.72
B01432,2025-07-14,2025-08-04,2025-08-05,Cottage,Booking.com,21,1,6020.47,False,6020.47
B01433,2025-07-28,2025-08-04,2025-08-06,Cottage,Direct,7,2,5442.7,False,10885.4
B01434,2025-07-16,2025-08-04,2025-08-05,Cottage,Booking.com,19,1,6067.46,False,6067.46
B01435,2025-08-02,2025-08-04,2025-08-07,Dormitory,Direct,2,3,2349.3,False,7047.9
B01436,2025-07-09,2025-08-04,2025-08-05,Camping Tent,Booking.com,26,1,3043.03,True,3043.03
B01437,2025-06-28,2025-08-05,2025-08-08,Cottage,Booking.com,38,3,5978.53,False,17935.59
B01438,2025-07-02,2025-08-05,2025-08-07,Dormitory,MakeMyTrip,34,2,2555.34,False,5110.68
B01439,2025-07-15,2025-08-05,2025-08-07,Dormitory,Direct,21,2,2276.06,False,4552.12
B01440,2025-06-11,2025-08-06,2025-08-07,Cottage,MakeMyTrip,56,1,5645.61,False,5645.61
B01441,2025-07-30,2025-08-06,2025-08-09,Cottage,Direct,7,3,5550.05,True,16650.15
B01442,2025-08-05,2025-08-06,2025-08-08,Cottage,Direct,1,2,5345.53,False,10691.06
B01443,2025-07-09,2025-08-06,2025-08-08,Cottage,MakeMyTrip,28,2,5972.65,False,11945.3
B01444,2025-08-03,2025-08-06,2025-08-08,Cottage,Direct,3,2,5491.86,False,10983.72
B01445,2025-08-03,2025-08-06,2025-08-08,Dormitory,Direct,3,2,2317.35,False,4634.7
B01446,2025-07-31,2025-08-06,2025-08-07,Camping Tent,Direct,6,1,3154.59,False,3154.59
B01447,2025-07-30,2025-08-07,2025-08-08,Cottage,Direct,8,1,5552.42,False,5552.42
B01448,2025-07-25,2025-08-07,2025-08-11,Cottage,Booking.com,13,4,6116.1,False,24464.4
B01449,2025-08-02,2025-08-07,2025-08-08,Cottage,Direct,5,1,5902.8,False,5902.8
B01450,2025-08-02,2025-08-07,2025-08-09,Dormitory,Direct,5,2,2300.15,False,4600.3
B01451,2025-07-30,2025-08-07,2025-08-10,Dormitory,Direct,8,3,2527.53,False,7582.59
B01452,2025-07-22,2025-08-07,2025-08-09,Camping Tent,MakeMyTrip,16,2,3081.43,False,6162.86
B01453,2025-07-24,2025-08-08,2025-08-09,Cottage,Booking.com,15,1,6041.85,False,6041.85
B01454,2025-07-27,2025-08-08,2025-08-12,Cottage,Direct,12,4,5894.06,False,23576.24
B01455,2025-07-07,2025-08-08,2025-08-09,Cottage,Booking.com,32,1,6020.99,False,6020.99
B01456,2025-07-27,2025-08-08,2025-08-10,Cottage,MakeMyTrip,12,2,6362.68,False,12725.36
B01457,2025-07-20,2025-08-08,2025-08-11,Cottage,Direct,19,3,5370.08,True,16110.24
B01458,2025-07-20,2025-08-08,2025-08-09,Cottage,MakeMyTrip,19,1,6413.21,False,6413.21
B01459,2025-08-01,2025-08-08,2025-08-10,Dormitory,Direct,7,2,2698.05,False,5396.1
B01460,2025-07-28,2025-08-08,2025-08-09,Camping Tent,Booking.com,11,1,3522.11,False,3522.11
B01461,2025-07-31,2025-08-09,2025-08-10,Cottage,Direct,9,1,6275.41,False,6275.41
B01462,2025-07-26,2025-08-09,2025-08-12,Cottage,MakeMyTrip,14,3,6307.72,False,18923.16
B01463,2025-07-14,2025-08-09,2025-08-13,Cottage,Booking.com,26,4,6295.2,False,25180.8
B01464,2025-07-22,2025-08-09,2025-08-10,Cottage,Booking.com,18,1,6556.42,False,6556.42
B01465,2025-08-02,2025-08-09,2025-08-13,Cottage,Direct,7,4,6626.72,False,26506.88
B01466,2025-07-25,2025-08-09,2025-08-10,Cottage,Agoda,15,1,5868.13,True,5868.13
B01467,2025-07-29,2025-08-09,2025-08-11,Cottage,Booking.com,11,2,6721.03,False,13442.06
B01468,2025-07-28,2025-08-09,2025-08-11,Villa,Booking.com,12,2,12800.47,False,25600.94
B01469,2025-07-09,2025-08-09,2025-08-11,Dormitory,Booking.com,31,2,2781.06,False,5562.12
B01470,2025-06-30,2025-08-09,2025-08-11,Camping Tent,Booking.com,40,2,3544.69,False,7089.38
B01471,2025-07-10,2025-08-10,2025-08-12,Cottage,MakeMyTrip,31,2,6688.4,False,13376.8
B01472,2025-07-24,2025-08-10,2025-08-14,Cottage,Booking.com,17,4,5976.5,True,23906.0
B01473,2025-07-18,2025-08-10,2025-08-11,Cottage,Booking.com,23,1,6215.56,False,6215.56
B01474,2025-07-31,2025-08-10,2025-08-11,Cottage,Agoda,10,1,6299.14,False,6299.14
B01475,2025-07-21,2025-08-10,2025-08-12,Cottage,Direct,20,2,6040.86,False,12081.72
B01476,2025-07-09,2025-08-10,2025-08-12,Cottage,MakeMyTrip,32,2,6918.39,True,13836.78
B01477,2025-07-23,2025-08-10,2025-08-11,Cottage,MakeMyTrip,18,1,6581.66,True,6581.66
B01478,2025-08-03,2025-08-10,2025-08-13,Villa,Direct,7,3,13052.73,False,39158.19
B01479,2025-07-08,2025-08-10,2025-08-11,Camping Tent,MakeMyTrip,33,1,3377.63,False,3377.63
B01480,2025-07-30,2025-08-10,2025-08-12,Camping Tent,Direct,11,2,3373.98,False,6747.96
B01481,2025-07-18,2025-08-11,2025-08-13,Cottage,MakeMyTrip,24,2,5580.19,False,11160.38
B01482,2025-07-31,2025-08-11,2025-08-12,Cottage,Direct,11,1,6422.69,False,6422.69
B01483,2025-07-21,2025-08-11,2025-08-15,Cottage,MakeMyTrip,21,4,5617.87,False,22471.48
B01484,2025-07-28,2025-08-11,2025-08-12,Cottage,MakeMyTrip,14,1,5743.03,False,5743.03
B01485,2025-07-05,2025-08-11,2025-08-12,Cottage,Agoda,37,1,5304.54,True,5304.54
B01486,2025-07-22,2025-08-11,2025-08-13,Villa,Booking.com,20,2,10949.49,False,21898.98
B01487,2025-07-22,2025-08-11,2025-08-12,Dormitory,Booking.com,20,1,2588.81,False,2588.81
B01488,2025-07-15,2025-08-12,2025-08-15,Cottage,Direct,28,3,5916.47,False,17749.41
B01489,2025-07-25,2025-08-12,2025-08-15,Cottage,Agoda,18,3,5689.57,True,17068.71
B01490,2025-07-22,2025-08-12,2025-08-14,Cottage,MakeMyTrip,21,2,5550.73,False,11101.46
B01491,2025-07-14,2025-08-12,2025-08-16,Cottage,MakeMyTrip,29,4,5831.37,False,23325.48
B01492,2025-07-26,2025-08-12,2025-08-14,Cottage,MakeMyTrip,17,2,6283.8,True,12567.6
B01493,2025-07-25,2025-08-12,2025-08-14,Cottage,Direct,18,2,5709.78,False,11419.56
B01494,2025-08-08,2025-08-12,2025-08-15,Cottage,Direct,4,3,5461.54,False,16384.62
B01495,2025-07-25,2025-08-12,2025-08-13,Dormitory,Booking.com,18,1,2504.22,False,2504.22
B01496,2025-08-04,2025-08-12,2025-08-14,Camping Tent,Direct,8,2,3123.57,False,6247.14
B01497,2025-07-24,2025-08-13,2025-08-14,Cottage,Direct,20,1,6017.11,False,6017.11
B01498,2025-07-23,2025-08-13,2025-08-15,Cottage,Direct,21,2,5392.93,False,10785.86
B01499,2025-08-05,2025-08-13,2025-08-16,Cottage,Direct,8,3,5614.6,False,16843.8
B01500,2025-08-05,2025-08-13,2025-08-14,Cottage,Direct,8,1,5625.2,False,5625.2
B01501,2025-07-26,2025-08-13,2025-08-15,Cottage,Booking.com,18,2,5776.77,True,11553.54
B01502,2025-07-25,2025-08-13,2025-08-15,Villa,Booking.com,19,2,11234.41,False,22468.82
B01503,2025-07-26,2025-08-13,2025-08-14,Dormitory,Direct,18,1,2261.39,False,2261.39
B01504,2025-07-21,2025-08-13,2025-08-14,Dormitory,Booking.com,23,1,2331.16,False,2331.16
B01505,2025-07-30,2025-08-13,2025-08-16,Camping Tent,Booking.com,14,3,3154.64,False,9463.92
B01506,2025-08-12,2025-08-14,2025-08-18,Cottage,Direct,2,4,5113.78,False,20455.12
B01507,2025-07-25,2025-08-14,2025-08-17,Cottage,MakeMyTrip,20,3,5604.44,False,16813.32
B01508,2025-08-04,2025-08-14,2025-08-15,Cottage,Booking.com,10,1,5787.01,False,5787.01
B01509,2025-08-02,2025-08-14,2025-08-17,Cottage,Direct,12,3,5639.85,False,16919.55
B01510,2025-07-26,2025-08-14,2025-08-16,Cottage,Direct,19,2,6051.93,False,12103.86
B01511,2025-07-30,2025-08-14,2025-08-15,Cottage,Direct,15,1,5645.61,False,5645.61
B01512,2025-07-30,2025-08-14,2025-08-16,Dormitory,Direct,15,2,2278.03,False,4556.06
B01513,2025-07-23,2025-08-14,2025-08-17,Camping Tent,Booking.com,22,3,2957.1,True,8871.3
B01514,2025-08-13,2025-08-15,2025-08-16,Cottage,Direct,2,1,6270.8,False,6270.8
B01515,2025-08-05,2025-08-15,2025-08-18,Cottage,Direct,10,3,6131.02,False,18393.06
B01516,2025-07-19,2025-08-15,2025-08-18,Cottage,MakeMyTrip,27,3,6479.76,False,19439.28
B01517,2025-07-29,2025-08-15,2025-08-17,Cottage,MakeMyTrip,17,2,6357.8,False,12715.6
B01518,2025-08-10,2025-08-15,2025-08-16,Cottage,Direct,5,1,5651.37,False,5651.37
B01519,2025-08-09,2025-08-15,2025-08-17,Dormitory,Direct,6,2,2942.42,False,5884.84
B01520,2025-07-22,2025-08-15,2025-08-16,Dormitory,MakeMyTrip,24,1,2566.12,False,2566.12
B01521,2025-07-13,2025-08-15,2025-08-17,Camping Tent,Agoda,33,2,3457.49,False,6914.98
B01522,2025-07-15,2025-08-15,2025-08-17,Camping Tent,MakeMyTrip,31,2,3379.14,False,6758.28
B01523,2025-07-21,2025-08-16,2025-08-19,Cottage,MakeMyTrip,26,3,6512.76,False,19538.28
B01524,2025-07-28,2025-08-16,2025-08-17,Cottage,MakeMyTrip,19,1,6573.47,False,6573.47
B01525,2025-08-06,2025-08-16,2025-08-18,Cottage,Direct,10,2,6171.11,True,12342.22
B01526,2025-08-15,2025-08-16,2025-08-19,Cottage,Direct,1,3,6267.5,False,18802.5
B01527,2025-07-29,2025-08-16,2025-08-19,Cottage,Direct,18,3,6330.43,False,18991.29
B01528,2025-07-30,2025-08-16,2025-08-17,Cottage,Booking.com,17,1,5887.33,False,5887.33
B01529,2025-08-06,2025-08-16,2025-08-17,Cottage,Booking.com,10,1,5890.81,False,5890.81
B01530,2025-08-07,2025-08-16,2025-08-19,Dormitory,Direct,9,3,2673.02,False,8019.06
B01531,2025-08-11,2025-08-16,2025-08-18,Camping Tent,Direct,5,2,3381.28,False,6762.56
B01532,2025-08-03,2025-08-16,2025-08-18,Camping Tent,MakeMyTrip,13,2,3706.63,False,7413.26
B01533,2025-08-06,2025-08-17,2025-08-18,Cottage,MakeMyTrip,11,1,6019.24,True,6019.24
B01534,2025-06-25,2025-08-17,2025-08-20,Cottage,Agoda,53,3,6505.84,False,19517.52
B01535,2025-07-11,2025-08-17,2025-08-21,Cottage,Direct,37,4,6231.28,True,24925.12
B01536,2025-07-30,2025-08-17,2025-08-20,Cottage,Direct,18,3,6478.98,False,19436.94
B01537,2025-08-04,2025-08-17,2025-08-19,Villa,MakeMyTrip,13,2,12383.71,False,24767.42
B01538,2025-08-06,2025-08-17,2025-08-19,Dormitory,Direct,11,2,2657.4,False,5314.8
B01539,2025-08-03,2025-08-17,2025-08-19,Dormitory,Direct,14,2,2760.87,False,5521.74
B01540,2025-08-15,2025-08-17,2025-08-19,Camping Tent,Direct,2,2,3532.05,False,7064.1
B01541,2025-08-05,2025-08-18,2025-08-19,Cottage,Booking.com,13,1,5414.37,True,5414.37
B01542,2025-07-24,2025-08-18,2025-08-21,Cottage,MakeMyTrip,25,3,5523.38,False,16570.14
B01543,2025-06-16,2025-08-18,2025-08-20,Cottage,Agoda,63,2,5266.61,False,10533.22
B01544,2025-07-24,2025-08-18,2025-08-19,Cottage,MakeMyTrip,25,1,5816.47,False,5816.47
B01545,2025-08-07,2025-08-18,2025-08-19,Cottage,Agoda,11,1,6160.83,False,6160.83
B01546,2025-08-08,2025-08-18,2025-08-19,Camping Tent,MakeMyTrip,10,1,2994.23,False,2994.23
B01547,2025-08-08,2025-08-19,2025-08-22,Cottage,Booking.com,11,3,5724.35,False,17173.05
B01548,2025-07-31,2025-08-19,2025-08-22,Cottage,Booking.com,19,3,6003.54,False,18010.62
B01549,2025-07-20,2025-08-19,2025-08-20,Cottage,Booking.com,30,1,5421.38,False,5421.38
B01550,2025-08-16,2025-08-19,2025-08-21,Cottage,Direct,3,2,5446.99,False,10893.98
B01551,2025-07-30,2025-08-19,2025-08-20,Dormitory,Booking.com,20,1,2594.99,False,2594.99
B01552,2025-07-26,2025-08-19,2025-08-21,Camping Tent,MakeMyTrip,24,2,2841.4,False,5682.8
B01553,2025-08-08,2025-08-19,2025-08-21,Camping Tent,Direct,11,2,3027.32,False,6054.64
B01554,2025-07-27,2025-08-20,2025-08-22,Cottage,Direct,24,2,5477.63,False,10955.26
B01555,2025-07-09,2025-08-20,2025-08-22,Cottage,MakeMyTrip,42,2,6230.49,False,12460.98
B01556,2025-07-27,2025-08-20,2025-08-23,Cottage,Booking.com,24,3,5959.53,False,17878.59
B01557,2025-08-12,2025-08-20,2025-08-22,Cottage,Direct,8,2,5877.1,False,11754.2
B01558,2025-07-28,2025-08-20,2025-08-23,Cottage,Booking.com,23,3,5768.26,False,17304.78
B01559,2025-07-25,2025-08-20,2025-08-23,Cottage,Direct,26,3,5776.53,False,17329.59
B01560,2025-07-24,2025-08-20,2025-08-22,Dormitory,MakeMyTrip,27,2,2471.85,False,4943.7
B01561,2025-07-20,2025-08-20,2025-08-22,Camping Tent,Agoda,31,2,2962.36,True,5924.72
B01562,2025-07-30,2025-08-21,2025-08-22,Cottage,MakeMyTrip,22,1,5540.44,False,5540.44
B01563,2025-08-13,2025-08-21,2025-08-22,Cottage,Direct,8,1,5743.75,False,5743.75
B01564,2025-07-23,2025-08-21,2025-08-24,Cottage,MakeMyTrip,29,3,5591.32,False,16773.96
B01565,2025-08-02,2025-08-21,2025-08-24,Cottage,Booking.com,19,3,6125.97,False,18377.91
B01566,2025-07-31,2025-08-21,2025-08-25,Cottage,MakeMyTrip,21,4,5481.96,False,21927.84
B01567,2025-08-18,2025-08-21,2025-08-22,Villa,Direct,3,1,11710.06,True,11710.06
B01568,2025-08-08,2025-08-21,2025-08-23,Dormitory,Booking.com,13,2,2387.41,True,4774.82
B01569,2025-08-10,2025-08-21,2025-08-23,Dormitory,Direct,11,2,2322.37,False,4644.74
B01570,2025-07-24,2025-08-21,2025-08-22,Camping Tent,Agoda,28,1,3123.86,False,3123.86
B01571,2025-07-29,2025-08-21,2025-08-23,Camping Tent,MakeMyTrip,23,2,3347.25,False,6694.5
B01572,2025-08-13,2025-08-22,2025-08-23,Cottage,MakeMyTrip,9,1,6195.71,False,6195.71
B01573,2025-08-06,2025-08-22,2025-08-24,Cottage,Booking.com,16,2,6232.85,False,12465.7
B01574,2025-08-12,2025-08-22,2025-08-24,Cottage,MakeMyTrip,10,2,6350.68,False,12701.36
B01575,2025-08-05,2025-08-22,2025-08-23,Cottage,MakeMyTrip,17,1,6813.39,False,6813.39
B01576,2025-08-17,2025-08-22,2025-08-23,Cottage,Direct,5,1,6502.26,False,6502.26
B01577,2025-07-31,2025-08-22,2025-08-24,Cottage,Agoda,22,2,6180.68,False,12361.36
B01578,2025-08-08,2025-08-22,2025-08-23,Villa,MakeMyTrip,14,1,12454.08,False,12454.08
B01579,2025-07-26,2025-08-22,2025-08-26,Dormitory,Direct,27,4,2742.54,False,10970.16
B01580,2025-07-28,2025-08-22,2025-08-25,Camping Tent,Agoda,25,3,3337.47,False,10012.41
B01581,2025-08-07,2025-08-23,2025-08-26,Cottage,Agoda,16,3,6746.44,True,20239.32
B01582,2025-07-31,2025-08-23,2025-08-25,Cottage,MakeMyTrip,23,2,6426.71,False,12853.42
B01583,2025-08-03,2025-08-23,2025-08-26,Cottage,MakeMyTrip,20,3,6211.66,False,18634.98
B01584,2025-07-31,2025-08-23,2025-08-26,Cottage,Agoda,23,3,6518.54,False,19555.62
B01585,2025-08-13,2025-08-23,2025-08-25,Cottage,Direct,10,2,6599.13,False,13198.26
B01586,2025-08-14,2025-08-23,2025-08-24,Cottage,Direct,9,1,6030.1,False,6030.1
B01587,2025-08-02,2025-08-23,2025-08-24,Cottage,MakeMyTrip,21,1,6779.99,True,6779.99
B01588,2025-08-04,2025-08-23,2025-08-25,Villa,MakeMyTrip,19,2,11955.3,False,23910.6
B01589,2025-08-05,2025-08-23,2025-08-24,Dormitory,Booking.com,18,1,2689.5,True,2689.5
B01590,2025-08-10,2025-08-23,2025-08-25,Dormitory,MakeMyTrip,13,2,2650.7,True,5301.4
B01591,2025-07-28,2025-08-23,2025-08-25,Camping Tent,MakeMyTrip,26,2,3515.99,False,7031.98
B01592,2025-08-12,2025-08-24,2025-08-26,Cottage,Direct,12,2,6640.94,False,13281.88
B01593,2025-08-07,2025-08-24,2025-08-26,Cottage,Booking.com,17,2,7012.31,False,14024.62
B01594,2025-08-10,2025-08-24,2025-08-25,Cottage,Direct,14,1,6644.13,True,6644.13
B01595,2025-08-07,2025-08-24,2025-08-26,Cottage,Direct,17,2,6729.38,False,13458.76
B01596,2025-08-07,2025-08-24,2025-08-25,Villa,Agoda,17,1,12732.53,False,12732.53
B01597,2025-07-27,2025-08-24,2025-08-27,Dormitory,Booking.com,28,3,2790.52,False,8371.56
B01598,2025-08-03,2025-08-24,2025-08-26,Dormitory,Booking.com,21,2,2605.25,False,5210.5
B01599,2025-08-04,2025-08-25,2025-08-27,Cottage,Booking.com,21,2,5333.24,False,10666.48
B01600,2025-07-03,2025-08-25,2025-08-27,Cottage,Booking.com,53,2,5765.58,True,11531.16
B01601,2025-08-12,2025-08-25,2025-08-28,Cottage,Direct,13,3,5572.47,False,16717.41
B01602,2025-08-08,2025-08-25,2025-08-26,Cottage,Booking.com,17,1,5454.41,False,5454.41
B01603,2025-07-30,2025-08-25,2025-08-27,Villa,Booking.com,26,2,12001.4,False,24002.8
B01604,2025-08-11,2025-08-25,2025-08-26,Dormitory,MakeMyTrip,14,1,2211.22,False,2211.22
B01605,2025-07-26,2025-08-25,2025-08-27,Camping Tent,Booking.com,30,2,3034.21,False,6068.42
B01606,2025-08-08,2025-08-26,2025-08-27,Cottage,MakeMyTrip,18,1,5704.71,False,5704.71
B01607,2025-08-17,2025-08-26,2025-08-28,Cottage,Direct,9,2,5316.67,False,10633.34
B01608,2025-08-13,2025-08-26,2025-08-29,Cottage,Agoda,13,3,5074.32,False,15222.96
B01609,2025-08-22,2025-08-26,2025-08-28,Cottage,Direct,4,2,5707.48,False,11414.96
B01610,2025-08-14,2025-08-26,2025-08-27,Dormitory,Booking.com,12,1,2449.27,False,2449.27
B01611,2025-08-17,2025-08-26,2025-08-29,Camping Tent,Direct,9,3,2916.22,False,8748.66
B01612,2025-08-11,2025-08-27,2025-08-29,Cottage,Booking.com,16,2,6047.74,False,12095.48
B01613,2025-08-18,2025-08-27,2025-08-29,Cottage,Direct,9,2,5717.47,False,11434.94
B01614,2025-07-08,2025-08-27,2025-08-31,Cottage,Direct,50,4,5840.46,False,23361.84
B01615,2025-08-09,2025-08-27,2025-08-28,Cottage,Booking.com,18,1,6044.96,False,6044.96
B01616,2025-08-12,2025-08-27,2025-08-29,Cottage,MakeMyTrip,15,2,5274.08,False,10548.16
B01617,2025-08-23,2025-08-27,2025-08-29,Villa,Direct,4,2,10375.73,False,20751.46
B01618,2025-08-05,2025-08-27,2025-08-28,Dormitory,Direct,22,1,2572.26,False,2572.26
B01619,2025-08-03,2025-08-27,2025-08-31,Camping Tent,Booking.com,24,4,2822.67,False,11290.68
B01620,2025-08-08,2025-08-27,2025-08-29,Camping Tent,Agoda,19,2,3102.63,False,6205.26
B01621,2025-07-28,2025-08-28,2025-08-29,Cottage,MakeMyTrip,31,1,5818.01,False,5818.01
B01622,2025-08-09,2025-08-28,2025-08-29,Cottage,MakeMyTrip,19,1,5404.83,False,5404.83
B01623,2025-07-22,2025-08-28,2025-08-31,Cottage,Direct,37,3,5705.71,False,17117.13
B01624,2025-08-12,2025-08-28,2025-08-30,Cottage,MakeMyTrip,16,2,5247.01,False,10494.02
B01625,2025-08-13,2025-08-28,2025-08-30,Cottage,Agoda,15,2,5743.98,False,11487.96
B01626,2025-08-03,2025-08-28,2025-08-29,Dormitory,MakeMyTrip,25,1,2318.64,False,2318.64
B01627,2025-08-10,2025-08-28,2025-08-30,Dormitory,Booking.com,18,2,2616.72,True,5233.44
B01628,2025-08-22,2025-08-29,2025-08-31,Cottage,Direct,7,2,5967.23,False,11934.46
B01629,2025-08-01,2025-08-29,2025-09-02,Cottage,MakeMyTrip,28,4,5896.59,False,23586.36
B01630,2025-07-27,2025-08-29,2025-08-31,Cottage,MakeMyTrip,33,2,5701.99,False,11403.98
B01631,2025-08-15,2025-08-29,2025-09-01,Cottage,Direct,14,3,7092.04,False,21276.12
B01632,2025-08-18,2025-08-29,2025-09-01,Cottage,MakeMyTrip,11,3,6763.93,False,20291.79
B01633,2025-08-11,2025-08-29,2025-09-02,Cottage,MakeMyTrip,18,4,6277.49,False,25109.96
B01634,2025-08-17,2025-08-29,2025-09-01,Dormitory,Direct,12,3,2631.14,False,7893.42
B01635,2025-08-13,2025-08-29,2025-09-01,Camping Tent,Direct,16,3,3213.23,False,9639.69
B01636,2025-08-13,2025-08-29,2025-08-31,Camping Tent,MakeMyTrip,16,2,3805.83,False,7611.66
B01637,2025-08-14,2025-08-30,2025-09-02,Cottage,Direct,16,3,6513.95,False,19541.85
B01638,2025-08-09,2025-08-30,2025-09-01,Cottage,Booking.com,21,2,5759.35,False,11518.7
B01639,2025-08-07,2025-08-30,2025-09-01,Cottage,Direct,23,2,6551.51,False,13103.02
B01640,2025-08-06,2025-08-30,2025-09-01,Cottage,Agoda,24,2,6286.74,False,12573.48
B01641,2025-08-15,2025-08-30,2025-08-31,Cottage,Booking.com,15,1,6344.18,False,6344.18
B01642,2025-08-17,2025-08-30,2025-09-02,Cottage,Direct,13,3,6625.41,False,19876.23
B01643,2025-08-12,2025-08-30,2025-08-31,Dormitory,Direct,18,1,2808.7,False,2808.7
B01644,2025-08-27,2025-08-30,2025-08-31,Dormitory,Direct,3,1,2601.41,False,2601.41
B01645,2025-08-20,2025-08-30,2025-09-01,Camping Tent,MakeMyTrip,10,2,3517.64,False,7035.28
B01646,2025-08-14,2025-08-31,2025-09-02,Cottage,Booking.com,17,2,6283.17,False,12566.34
B01647,2025-08-15,2025-08-31,2025-09-03,Cottage,Direct,16,3,5949.31,False,17847.93
B01648,2025-08-20,2025-08-31,2025-09-03,Cottage,MakeMyTrip,11,3,6567.21,False,19701.63
B01649,2025-08-22,2025-08-31,2025-09-01,Cottage,Direct,9,1,5747.73,False,5747.73
B01650,2025-08-18,2025-08-31,2025-09-01,Dormitory,Direct,13,1,2907.92,False,2907.92
B01651,2025-08-22,2025-08-31,2025-09-01,Dormitory,Direct,9,1,2761.34,False,2761.34
B01652,2025-08-05,2025-08-31,2025-09-03,Camping Tent,Direct,26,3,3173.47,False,9520.41
B01653,2025-08-12,2025-08-31,2025-09-02,Camping Tent,MakeMyTrip,19,2,3270.59,False,6541.18
B01654,2025-08-19,2025-09-01,2025-09-04,Cottage,MakeMyTrip,13,3,5356.42,False,16069.26
B01655,2025-08-25,2025-09-01,2025-09-02,Cottage,Direct,7,1,5458.88,False,5458.88
B01656,2025-08-27,2025-09-01,2025-09-02,Cottage,Direct,5,1,5535.14,False,5535.14
B01657,2025-08-10,2025-09-01,2025-09-02,Cottage,Booking.com,22,1,4896.14,False,4896.14
B01658,2025-08-14,2025-09-01,2025-09-03,Dormitory,MakeMyTrip,18,2,2264.01,False,4528.02
B01659,2025-08-25,2025-09-02,2025-09-04,Cottage,MakeMyTrip,8,2,5185.18,True,10370.36
B01660,2025-08-14,2025-09-02,2025-09-04,Cottage,Booking.com,19,2,5186.34,False,10372.68
B01661,2025-08-22,2025-09-02,2025-09-03,Cottage,Direct,11,1,5673.22,False,5673.22
B01662,2025-08-17,2025-09-02,2025-09-03,Cottage,Direct,16,1,5134.24,False,5134.24
B01663,2025-08-14,2025-09-02,2025-09-04,Cottage,MakeMyTrip,19,2,5246.3,False,10492.6
B01664,2025-08-12,2025-09-02,2025-09-04,Villa,Booking.com,21,2,11739.52,False,23479.04
B01665,2025-08-31,2025-09-02,2025-09-03,Dormitory,Direct,2,1,2308.16,False,2308.16
B01666,2025-08-10,2025-09-02,2025-09-05,Camping Tent,MakeMyTrip,23,3,2780.18,False,8340.54
B01667,2025-08-19,2025-09-03,2025-09-04,Cottage,Booking.com,15,1,4846.41,False,4846.41
B01668,2025-08-16,2025-09-03,2025-09-05,Cottage,Agoda,18,2,5243.45,False,10486.9
B01669,2025-07-21,2025-09-03,2025-09-05,Cottage,Booking.com,44,2,5223.07,True,10446.14
B01670,2025-08-21,2025-09-03,2025-09-05,Cottage,MakeMyTrip,13,2,4859.08,False,9718.16
B01671,2025-08-27,2025-09-03,2025-09-06,Cottage,Direct,7,3,5075.05,True,15225.15
B01672,2025-08-15,2025-09-03,2025-09-05,Camping Tent,Agoda,19,2,2735.88,False,5471.76
B01673,2025-09-01,2025-09-04,2025-09-05,Cottage,Direct,3,1,5451.31,False,5451.31
B01674,2025-08-09,2025-09-04,2025-09-06,Cottage,MakeMyTrip,26,2,5338.49,False,10676.98
B01675,2025-08-23,2025-09-04,2025-09-05,Villa,Direct,12,1,10503.99,False,10503.99
B01676,2025-09-01,2025-09-04,2025-09-05,Dormitory,Direct,3,1,2349.93,False,2349.93
B01677,2025-08-28,2025-09-05,2025-09-07,Cottage,Direct,8,2,5736.4,False,11472.8
B01678,2025-08-25,2025-09-05,2025-09-08,Cottage,Agoda,11,3,5247.8,False,15743.4
B01679,2025-08-26,2025-09-05,2025-09-06,Cottage,Agoda,10,1,5753.78,False,5753.78
B01680,2025-08-20,2025-09-05,2025-09-06,Cottage,Direct,16,1,5675.62,False,5675.62
B01681,2025-08-10,2025-09-05,2025-09-06,Dormitory,Agoda,26,1,2502.42,False,2502.42
B01682,2025-07-24,2025-09-06,2025-09-08,Cottage,Agoda,44,2,5788.37,False,11576.74
B01683,2025-08-03,2025-09-06,2025-09-08,Cottage,Agoda,34,2,5668.92,False,11337.84
B01684,2025-08-22,2025-09-06,2025-09-08,Cottage,MakeMyTrip,15,2,5657.05,False,11314.1
B01685,2025-08-11,2025-09-06,2025-09-07,Cottage,MakeMyTrip,26,1,5946.01,False,5946.01
B01686,2025-09-01,2025-09-06,2025-09-08,Cottage,Direct,5,2,5355.89,False,10711.78
B01687,2025-08-06,2025-09-06,2025-09-09,Dormitory,Direct,31,3,2531.0,False,7593.0
B01688,2025-08-17,2025-09-07,2025-09-09,Cottage,MakeMyTrip,21,2,6651.59,True,13303.18
B01689,2025-08-12,2025-09-07,2025-09-09,Cottage,Booking.com,26,2,6073.51,True,12147.02
B01690,2025-08-29,2025-09-07,2025-09-09,Cottage,Direct,9,2,6337.71,False,12675.42
B01691,2025-08-17,2025-09-07,2025-09-08,Cottage,Direct,21,1,5813.54,False,5813.54
B01692,2025-08-31,2025-09-07,2025-09-10,Cottage,Direct,7,3,5705.24,False,17115.72
B01693,2025-08-17,2025-09-07,2025-09-11,Cottage,Booking.com,21,4,5621.56,True,22486.24
B01694,2025-08-13,2025-09-07,2025-09-09,Cottage,Booking.com,25,2,5924.21,False,11848.42
B01695,2025-08-06,2025-09-07,2025-09-08,Dormitory,Agoda,32,1,2375.05,True,2375.05
B01696,2025-08-24,2025-09-07,2025-09-10,Camping Tent,Booking.com,14,3,3305.28,False,9915.84
B01697,2025-08-29,2025-09-07,2025-09-11,Camping Tent,MakeMyTrip,9,4,3118.5,False,12474.0
B01698,2025-09-04,2025-09-08,2025-09-09,Cottage,Direct,4,1,5586.79,False,5586.79
B01699,2025-08-17,2025-09-08,2025-09-10,Cottage,Agoda,22,2,5145.66,False,10291.32
B01700,2025-08-30,2025-09-08,2025-09-10,Cottage,MakeMyTrip,9,2,5013.94,False,10027.88
B01701,2025-09-03,2025-09-08,2025-09-10,Cottage,Direct,5,2,4976.03,False,9952.06
B01702,2025-08-28,2025-09-08,2025-09-09,Cottage,Booking.com,11,1,4716.99,False,4716.99
B01703,2025-08-30,2025-09-08,2025-09-09,Dormitory,Direct,9,1,2419.99,False,2419.99
B01704,2025-08-17,2025-09-08,2025-09-09,Dormitory,MakeMyTrip,22,1,2195.3,False,2195.3
B01705,2025-08-25,2025-09-08,2025-09-11,Camping Tent,Direct,14,3,2868.93,False,8606.79
B01706,2025-08-26,2025-09-09,2025-09-10,Cottage,Direct,14,1,5405.19,False,5405.19
B01707,2025-08-24,2025-09-09,2025-09-13,Cottage,MakeMyTrip,16,4,5474.38,False,21897.52
B01708,2025-08-24,2025-09-09,2025-09-13,Cottage,Agoda,16,4,5466.19,False,21864.76
B01709,2025-08-18,2025-09-09,2025-09-11,Dormitory,Booking.com,22,2,1953.93,False,3907.86
B01710,2025-09-03,2025-09-09,2025-09-10,Camping Tent,Direct,6,1,3162.08,False,3162.08
B01711,2025-08-24,2025-09-09,2025-09-10,Camping Tent,Booking.com,16,1,2833.86,False,2833.86
B01712,2025-08-28,2025-09-10,2025-09-12,Cottage,Direct,13,2,5048.2,False,10096.4
B01713,2025-08-27,2025-09-10,2025-09-13,Cottage,Direct,14,3,5284.28,False,15852.84
B01714,2025-08-28,2025-09-10,2025-09-12,Cottage,Direct,13,2,5348.05,False,10696.1
B01715,2025-08-28,2025-09-10,2025-09-11,Cottage,MakeMyTrip,13,1,4868.93,False,4868.93
B01716,2025-08-09,2025-09-10,2025-09-12,Cottage,Booking.com,32,2,5398.02,False,10796.04
B01717,2025-08-24,2025-09-10,2025-09-12,Cottage,MakeMyTrip,17,2,5063.81,False,10127.62
B01718,2025-09-06,2025-09-10,2025-09-13,Camping Tent,Direct,4,3,2623.1,False,7869.3
B01719,2025-08-26,2025-09-11,2025-09-13,Cottage,MakeMyTrip,16,2,5384.1,True,10768.2
B01720,2025-08-31,2025-09-11,2025-09-12,Cottage,Direct,11,1,5464.81,True,5464.81
B01721,2025-09-02,2025-09-11,2025-09-14,Cottage,Booking.com,9,3,5640.46,False,16921.38
B01722,2025-09-07,2025-09-11,2025-09-15,Cottage,Direct,4,4,5377.89,False,21511.56
B01723,2025-09-05,2025-09-11,2025-09-13,Cottage,Direct,6,2,4808.34,False,9616.68
B01724,2025-08-29,2025-09-11,2025-09-13,Cottage,Direct,13,2,4929.58,True,9859.16
B01725,2025-08-28,2025-09-11,2025-09-12,Dormitory,Direct,14,1,2250.51,False,2250.51
B01726,2025-09-09,2025-09-11,2025-09-13,Camping Tent,Direct,2,2,3067.04,False,6134.08
B01727,2025-09-05,2025-09-12,2025-09-13,Cottage,Direct,7,1,5644.3,False,5644.3
B01728,2025-09-04,2025-09-12,2025-09-15,Cottage,Direct,8,3,6204.2,False,18612.6
B01729,2025-08-19,2025-09-12,2025-09-13,Cottage,MakeMyTrip,24,1,5602.23,False,5602.23
B01730,2025-09-08,2025-09-12,2025-09-14,Cottage,Direct,4,2,6291.84,False,12583.68
B01731,2025-09-06,2025-09-12,2025-09-14,Villa,Direct,6,2,10843.66,False,21687.32
B01732,2025-09-07,2025-09-12,2025-09-14,Dormitory,Direct,5,2,2447.19,False,4894.38
B01733,2025-08-24,2025-09-13,2025-09-14,Cottage,Booking.com,20,1,6194.41,True,6194.41
B01734,2025-08-30,2025-09-13,2025-09-17,Cottage,Agoda,14,4,6249.97,False,24999.88
B01735,2025-09-03,2025-09-13,2025-09-15,Cottage,Direct,10,2,5484.33,False,10968.66
B01736,2025-08-29,2025-09-13,2025-09-14,Cottage,Direct,15,1,6358.0,False,6358.0
B01737,2025-09-07,2025-09-13,2025-09-15,Cottage,Direct,6,2,6374.64,False,12749.28
B01738,2025-09-09,2025-09-13,2025-09-14,Dormitory,Direct,4,1,2499.42,False,2499.42
B01739,2025-09-08,2025-09-13,2025-09-16,Camping Tent,Direct,5,3,3040.46,False,9121.38
B01740,2025-08-30,2025-09-14,2025-09-17,Cottage,Booking.com,15,3,5898.23,False,17694.69
B01741,2025-08-14,2025-09-14,2025-09-15,Cottage,MakeMyTrip,31,1,5637.77,False,5637.77
B01742,2025-08-29,2025-09-14,2025-09-16,Cottage,Booking.com,16,2,5762.21,False,11524.42
B01743,2025-09-08,2025-09-14,2025-09-17,Cottage,Direct,6,3,5695.72,False,17087.16
B01744,2025-09-09,2025-09-14,2025-09-16,Dormitory,Direct,5,2,2339.58,False,4679.16
B01745,2025-08-31,2025-09-14,2025-09-16,Dormitory,Booking.com,14,2,2473.69,False,4947.38
B01746,2025-08-30,2025-09-14,2025-09-15,Camping Tent,Booking.com,15,1,3439.8,True,3439.8
B01747,2025-09-05,2025-09-14,2025-09-16,Camping Tent,Booking.com,9,2,3130.25,False,6260.5
B01748,2025-08-31,2025-09-15,2025-09-16,Cottage,Direct,15,1,4782.86,False,4782.86
B01749,2025-08-26,2025-09-15,2025-09-17,Cottage,Booking.com,20,2,4850.24,False,9700.48
B01750,2025-08-30,2025-09-15,2025-09-17,Cottage,MakeMyTrip,16,2,5166.38,False,10332.76
B01751,2025-09-02,2025-09-15,2025-09-18,Cottage,MakeMyTrip,13,3,5280.58,False,15841.74
B01752,2025-09-10,2025-09-15,2025-09-17,Cottage,Direct,5,2,5382.52,False,10765.04
B01753,2025-09-01,2025-09-15,2025-09-16,Villa,Booking.com,14,1,11208.05,False,11208.05
B01754,2025-08-29,2025-09-15,2025-09-19,Dormitory,Direct,17,4,2092.84,False,8371.36
B01755,2025-09-11,2025-09-16,2025-09-17,Cottage,Direct,5,1,5401.09,False,5401.09
B01756,2025-08-17,2025-09-16,2025-09-18,Cottage,Booking.com,30,2,5072.5,True,10145.0
B01757,2025-08-14,2025-09-16,2025-09-17,Cottage,Agoda,33,1,5306.78,False,5306.78
B01758,2025-08-17,2025-09-16,2025-09-18,Villa,Booking.com,30,2,10783.07,False,21566.14
B01759,2025-08-31,2025-09-16,2025-09-17,Camping Tent,Direct,16,1,2867.26,False,2867.26
B01760,2025-09-15,2025-09-17,2025-09-18,Cottage,Direct,2,1,5328.63,False,5328.63
B01761,2025-09-06,2025-09-17,2025-09-18,Cottage,Booking.com,11,1,5160.13,False,5160.13
B01762,2025-08-31,2025-09-17,2025-09-19,Cottage,Direct,17,2,5495.86,False,10991.72
B01763,2025-08-12,2025-09-17,2025-09-20,Cottage,Booking.com,36,3,5428.49,False,16285.47
B01764,2025-09-11,2025-09-17,2025-09-18,Cottage,Direct,6,1,5642.09,False,5642.09
B01765,2025-09-07,2025-09-17,2025-09-19,Villa,Direct,10,2,11038.16,False,22076.32
B01766,2025-09-10,2025-09-17,2025-09-19,Dormitory,Direct,7,2,2331.43,False,4662.86
B01767,2025-08-24,2025-09-18,2025-09-19,Cottage,Booking.com,25,1,5296.01,False,5296.01
B01768,2025-08-26,2025-09-18,2025-09-21,Cottage,Booking.com,23,3,5299.11,False,15897.33
B01769,2025-09-12,2025-09-18,2025-09-19,Cottage,Direct,6,1,5187.23,False,5187.23
B01770,2025-09-02,2025-09-18,2025-09-20,Cottage,MakeMyTrip,16,2,5437.33,False,10874.66
B01771,2025-09-05,2025-09-18,2025-09-19,Cottage,Booking.com,13,1,5338.65,False,5338.65
B01772,2025-09-11,2025-09-18,2025-09-19,Villa,Direct,7,1,10946.44,False,10946.44
B01773,2025-09-05,2025-09-18,2025-09-21,Dormitory,MakeMyTrip,13,3,2408.38,False,7225.14
B01774,2025-09-10,2025-09-18,2025-09-19,Dormitory,Direct,8,1,2200.64,False,2200.64
B01775,2025-09-10,2025-09-19,2025-09-21,Cottage,Direct,9,2,6024.42,False,12048.84
B01776,2025-08-26,2025-09-19,2025-09-21,Cottage,Booking.com,24,2,6137.28,False,12274.56
B01777,2025-09-13,2025-09-19,2025-09-21,Cottage,Direct,6,2,6050.79,True,12101.58
B01778,2025-08-31,2025-09-19,2025-09-20,Cottage,Direct,19,1,5860.6,False,5860.6
B01779,2025-09-09,2025-09-19,2025-09-20,Cottage,Direct,10,1,5821.52,False,5821.52
B01780,2025-09-13,2025-09-19,2025-09-22,Villa,Direct,6,3,11269.58,False,33808.74
B01781,2025-08-25,2025-09-19,2025-09-22,Dormitory,MakeMyTrip,25,3,2382.73,False,7148.19
B01782,2025-09-12,2025-09-19,2025-09-20,Camping Tent,Direct,7,1,3303.97,False,3303.97
B01783,2025-08-23,2025-09-20,2025-09-23,Cottage,Direct,28,3,6487.51,False,19462.53
B01784,2025-09-13,2025-09-20,2025-09-22,Cottage,Direct,7,2,6150.19,False,12300.38
B01785,2025-08-21,2025-09-20,2025-09-21,Cottage,Direct,30,1,5571.49,True,5571.49
B01786,2025-09-10,2025-09-20,2025-09-21,Cottage,MakeMyTrip,10,1,6115.65,True,6115.65
B01787,2025-09-01,2025-09-20,2025-09-21,Cottage,Direct,19,1,6286.93,False,6286.93
B01788,2025-09-03,2025-09-20,2025-09-21,Cottage,Direct,17,1,6417.58,False,6417.58
B01789,2025-09-06,2025-09-20,2025-09-22,Cottage,Direct,14,2,5526.24,False,11052.48
B01790,2025-09-10,2025-09-20,2025-09-22,Cottage,Booking.com,10,2,6048.41,True,12096.82
B01791,2025-09-02,2025-09-20,2025-09-21,Villa,MakeMyTrip,18,1,12869.03,False,12869.03
B01792,2025-08-10,2025-09-20,2025-09-22,Dormitory,Agoda,41,2,2484.14,False,4968.28
B01793,2025-09-05,2025-09-20,2025-09-22,Dormitory,Direct,15,2,2500.1,False,5000.2
B01794,2025-08-26,2025-09-21,2025-09-23,Cottage,Direct,26,2,5756.13,False,11512.26
B01795,2025-09-08,2025-09-21,2025-09-24,Cottage,MakeMyTrip,13,3,5313.3,False,15939.9
B01796,2025-09-03,2025-09-21,2025-09-24,Cottage,Direct,18,3,5731.58,False,17194.74
B01797,2025-08-29,2025-09-21,2025-09-23,Cottage,Direct,23,2,5610.15,True,11220.3
B01798,2025-09-12,2025-09-21,2025-09-25,Cottage,Booking.com,9,4,5665.43,False,22661.72
B01799,2025-08-28,2025-09-21,2025-09-24,Cottage,Agoda,24,3,6476.51,False,19429.53
B01800,2025-08-18,2025-09-21,2025-09-23,Cottage,MakeMyTrip,34,2,5564.05,False,11128.1
B01801,2025-09-07,2025-09-21,2025-09-22,Dormitory,Booking.com,14,1,2433.81,False,2433.81
B01802,2025-09-20,2025-09-22,2025-09-23,Cottage,Direct,2,1,5836.36,False,5836.36
B01803,2025-09-08,2025-09-22,2025-09-24,Cottage,Agoda,14,2,5061.96,False,10123.92
B01804,2025-09-09,2025-09-22,2025-09-23,Cottage,Booking.com,13,1,5638.44,False,5638.44
B01805,2025-09-09,2025-09-22,2025-09-24,Cottage,MakeMyTrip,13,2,5231.19,False,10462.38
B01806,2025-09-04,2025-09-22,2025-09-23,Villa,Direct,18,1,10681.57,False,10681.57
B01807,2025-09-08,2025-09-22,2025-09-25,Dormitory,Direct,14,3,2253.05,False,6759.15
B01808,2025-09-11,2025-09-22,2025-09-23,Camping Tent,MakeMyTrip,11,1,2882.85,False,2882.85
B01809,2025-08-22,2025-09-23,2025-09-25,Cottage,MakeMyTrip,32,2,5286.31,False,10572.62
B01810,2025-09-01,2025-09-23,2025-09-24,Cottage,Booking.com,22,1,5341.92,False,5341.92
B01811,2025-09-09,2025-09-23,2025-09-25,Cottage,Agoda,14,2,5788.35,True,11576.7
B01812,2025-09-10,2025-09-23,2025-09-27,Cottage,MakeMyTrip,13,4,5000.32,False,20001.28
B01813,2025-09-16,2025-09-23,2025-09-25,Dormitory,Direct,7,2,2293.36,False,4586.72
B01814,2025-09-08,2025-09-23,2025-09-24,Camping Tent,Agoda,15,1,2843.89,False,2843.89
B01815,2025-09-15,2025-09-24,2025-09-28,Cottage,Direct,9,4,5589.01,False,22356.04
B01816,2025-09-02,2025-09-24,2025-09-25,Cottage,MakeMyTrip,22,1,4756.21,False,4756.21
B01817,2025-09-07,2025-09-24,2025-09-26,Cottage,Agoda,17,2,5434.49,True,10868.98
B01818,2025-09-12,2025-09-24,2025-09-27,Camping Tent,Booking.com,12,3,2787.67,True,8363.01
B01819,2025-08-22,2025-09-25,2025-09-26,Cottage,MakeMyTrip,34,1,5062.73,False,5062.73
B01820,2025-09-08,2025-09-25,2025-09-26,Cottage,Booking.com,17,1,5898.88,False,5898.88
B01821,2025-08-24,2025-09-25,2025-09-27,Dormitory,Direct,32,2,2338.77,False,4677.54
B01822,2025-09-13,2025-09-25,2025-09-27,Camping Tent,MakeMyTrip,12,2,2824.02,False,5648.04
B01823,2025-09-20,2025-09-26,2025-09-28,Cottage,Direct,6,2,5931.02,False,11862.04
B01824,2025-09-12,2025-09-26,2025-09-28,Cottage,Direct,14,2,5980.05,True,11960.1
B01825,2025-09-05,2025-09-26,2025-09-27,Cottage,Booking.com,21,1,5804.12,False,5804.12
B01826,2025-09-13,2025-09-26,2025-09-27,Villa,Direct,13,1,11038.06,False,11038.06
B01827,2025-09-13,2025-09-26,2025-09-27,Dormitory,Direct,13,1,2443.77,False,2443.77
B01828,2025-09-22,2025-09-27,2025-10-01,Cottage,Direct,5,4,5878.65,False,23514.6
B01829,2025-09-23,2025-09-27,2025-10-01,Cottage,Direct,4,4,6265.89,True,25063.56
B01830,2025-09-17,2025-09-27,2025-09-28,Cottage,Direct,10,1,5880.61,False,5880.61
B01831,2025-09-15,2025-09-27,2025-09-28,Cottage,Direct,12,1,5713.9,False,5713.9
B01832,2025-08-25,2025-09-27,2025-09-28,Cottage,Booking.com,33,1,5516.77,False,5516.77
B01833,2025-09-14,2025-09-27,2025-09-28,Dormitory,Booking.com,13,1,2562.06,False,2562.06
B01834,2025-09-01,2025-09-27,2025-09-29,Dormitory,Direct,26,2,2408.73,False,4817.46
B01835,2025-09-11,2025-09-28,2025-09-29,Cottage,Booking.com,17,1,5682.08,False,5682.08
B01836,2025-09-11,2025-09-28,2025-09-29,Cottage,Booking.com,17,1,6469.51,False,6469.51
B01837,2025-09-21,2025-09-28,2025-09-30,Cottage,Direct,7,2,6180.19,False,12360.38
B01838,2025-09-18,2025-09-28,2025-10-01,Villa,MakeMyTrip,10,3,12389.72,False,37169.16
B01839,2025-09-23,2025-09-28,2025-09-29,Camping Tent,Direct,5,1,3086.78,False,3086.78
B01840,2025-09-27,2025-09-29,2025-09-30,Cottage,Direct,2,1,5312.06,False,5312.06
B01841,2025-09-07,2025-09-29,2025-09-30,Cottage,Direct,22,1,5493.99,False,5493.99
B01842,2025-09-25,2025-09-29,2025-09-30,Cottage,Direct,4,1,5340.82,False,5340.82
B01843,2025-09-24,2025-09-29,2025-10-01,Cottage,Direct,5,2,4957.73,False,9915.46
B01844,2025-09-03,2025-09-29,2025-09-30,Cottage,Booking.com,26,1,4897.64,False,4897.64
B01845,2025-09-19,2025-09-29,2025-10-01,Villa,Agoda,10,2,10713.78,False,21427.56
B01846,2025-09-17,2025-09-29,2025-10-01,Dormitory,MakeMyTrip,12,2,2274.36,False,4548.72
B01847,2025-09-07,2025-09-29,2025-09-30,Camping Tent,Booking.com,22,1,2760.78,False,2760.78
B01848,2025-09-13,2025-09-30,2025-10-02,Cottage,MakeMyTrip,17,2,5479.16,False,10958.32
B01849,2025-08-22,2025-09-30,2025-10-02,Cottage,Direct,39,2,5051.76,False,10103.52
B01850,2025-09-28,2025-09-30,2025-10-02,Cottage,Direct,2,2,5295.63,False,10591.26
B01851,2025-09-11,2025-09-30,2025-10-03,Cottage,MakeMyTrip,19,3,4654.97,False,13964.91
B01852,2025-08-10,2025-09-30,2025-10-02,Dormitory,Booking.com,51,2,2468.42,False,4936.84
B01853,2025-09-13,2025-09-30,2025-10-01,Dormitory,Booking.com,17,1,2535.0,False,2535.0
B01854,2025-09-18,2025-10-01,2025-10-04,Cottage,Direct,13,3,5950.95,False,17852.85
B01855,2025-09-13,2025-10-01,2025-10-04,Cottage,Direct,18,3,6267.02,False,18801.06
B01856,2025-09-19,2025-10-01,2025-10-04,Cottage,Direct,12,3,6462.77,False,19388.31
B01857,2025-09-10,2025-10-01,2025-10-02,Villa,Booking.com,21,1,13266.89,False,13266.89
B01858,2025-09-17,2025-10-01,2025-10-04,Dormitory,Booking.com,14,3,2572.53,False,7717.59
B01859,2025-09-22,2025-10-01,2025-10-03,Dormitory,Direct,9,2,2583.64,False,5167.28
B01860,2025-09-25,2025-10-01,2025-10-03,Camping Tent,Direct,6,2,3193.71,False,6387.42
B01861,2025-09-18,2025-10-01,2025-10-02,Camping Tent,Booking.com,13,1,3616.06,False,3616.06
B01862,2025-09-16,2025-10-02,2025-10-04,Cottage,Agoda,16,2,6417.28,True,12834.56
B01863,2025-09-21,2025-10-02,2025-10-05,Cottage,MakeMyTrip,11,3,6102.19,False,18306.57
B01864,2025-09-19,2025-10-02,2025-10-04,Cottage,Agoda,13,2,6574.1,False,13148.2
B01865,2025-09-15,2025-10-02,2025-10-04,Cottage,Direct,17,2,5605.1,False,11210.2
B01866,2025-09-29,2025-10-02,2025-10-05,Cottage,Direct,3,3,6007.38,False,18022.14
B01867,2025-09-23,2025-10-02,2025-10-04,Cottage,Direct,9,2,5914.75,False,11829.5
B01868,2025-09-22,2025-10-02,2025-10-04,Dormitory,Agoda,10,2,2645.67,True,5291.34
B01869,2025-08-30,2025-10-02,2025-10-03,Camping Tent,Direct,33,1,3129.63,False,3129.63
B01870,2025-09-24,2025-10-03,2025-10-04,Cottage,MakeMyTrip,9,1,6237.05,False,6237.05
B01871,2025-10-02,2025-10-03,2025-10-05,Cottage,Direct,1,2,6711.76,False,13423.52
B01872,2025-09-18,2025-10-03,2025-10-06,Cottage,Booking.com,15,3,7408.23,False,22224.69
B01873,2025-09-25,2025-10-03,2025-10-06,Cottage,Direct,8,3,6866.67,False,20600.01
B01874,2025-10-02,2025-10-03,2025-10-04,Cottage,Direct,1,1,6190.8,True,6190.8
B01875,2025-09-20,2025-10-03,2025-10-05,Villa,Direct,13,2,14073.64,True,28147.28
B01876,2025-09-25,2025-10-03,2025-10-05,Dormitory,Direct,8,2,2786.77,False,5573.54
B01877,2025-09-21,2025-10-03,2025-10-05,Dormitory,Direct,12,2,2843.81,False,5687.62
B01878,2025-09-19,2025-10-03,2025-10-05,Camping Tent,Agoda,14,2,3719.5,False,7439.0
B01879,2025-09-19,2025-10-03,2025-10-04,Camping Tent,MakeMyTrip,14,1,3656.55,False,3656.55
B01880,2025-09-05,2025-10-04,2025-10-05,Cottage,Booking.com,29,1,7437.08,False,7437.08
B01881,2025-09-20,2025-10-04,2025-10-07,Cottage,MakeMyTrip,14,3,7571.23,False,22713.69
B01882,2025-09-24,2025-10-04,2025-10-06,Cottage,Direct,10,2,6267.36,False,12534.72
B01883,2025-09-26,2025-10-04,2025-10-08,Cottage,Direct,8,4,6419.0,False,25676.0
B01884,2025-09-29,2025-10-04,2025-10-07,Cottage,Direct,5,3,6970.87,False,20912.61
B01885,2025-09-20,2025-10-04,2025-10-05,Villa,Booking.com,14,1,13651.76,False,13651.76
B01886,2025-09-23,2025-10-04,2025-10-06,Dormitory,Direct,11,2,3156.88,False,6313.76
B01887,2025-09-09,2025-10-04,2025-10-05,Camping Tent,Direct,25,1,3496.27,False,3496.27
B01888,2025-09-09,2025-10-04,2025-10-05,Camping Tent,Agoda,25,1,3613.69,False,3613.69
B01889,2025-09-22,2025-10-05,2025-10-08,Cottage,Booking.com,13,3,6326.9,False,18980.7
B01890,2025-10-01,2025-10-05,2025-10-06,Cottage,Direct,4,1,6716.71,False,6716.71
B01891,2025-09-20,2025-10-05,2025-10-07,Cottage,Booking.com,15,2,7426.73,True,14853.46
B01892,2025-09-21,2025-10-05,2025-10-06,Cottage,Direct,14,1,7304.31,False,7304.31
B01893,2025-10-02,2025-10-05,2025-10-06,Cottage,Direct,3,1,7438.18,False,7438.18
B01894,2025-09-24,2025-10-05,2025-10-06,Cottage,MakeMyTrip,11,1,7164.36,False,7164.36
B01895,2025-09-30,2025-10-05,2025-10-07,Cottage,Direct,5,2,7448.46,False,14896.92
B01896,2025-09-07,2025-10-05,2025-10-07,Villa,Booking.com,28,2,14312.79,False,28625.58
B01897,2025-09-12,2025-10-05,2025-10-09,Dormitory,Booking.com,23,4,2746.72,False,10986.88
B01898,2025-09-25,2025-10-05,2025-10-07,Dormitory,Direct,10,2,2882.46,False,5764.92
B01899,2025-09-25,2025-10-06,2025-10-08,Cottage,MakeMyTrip,11,2,5854.86,False,11709.72
B01900,2025-09-26,2025-10-06,2025-10-07,Cottage,Agoda,10,1,6529.76,False,6529.76
B01901,2025-09-26,2025-10-06,2025-10-07,Cottage,Agoda,10,1,6687.02,False,6687.02
B01902,2025-09-13,2025-10-06,2025-10-09,Cottage,Booking.com,23,3,6399.34,False,19198.02
B01903,2025-10-01,2025-10-06,2025-10-09,Dormitory,Direct,5,3,2501.04,False,7503.12
B01904,2025-09-18,2025-10-06,2025-10-08,Dormitory,Booking.com,18,2,2678.86,False,5357.72
B01905,2025-09-30,2025-10-06,2025-10-07,Camping Tent,Direct,6,1,3435.19,False,3435.19
B01906,2025-09-18,2025-10-06,2025-10-10,Camping Tent,Booking.com,18,4,3166.13,False,12664.52
B01907,2025-09-26,2025-10-07,2025-10-09,Cottage,Booking.com,11,2,5629.18,False,11258.36
B01908,2025-09-12,2025-10-07,2025-10-08,Cottage,Direct,25,1,6344.87,False,6344.87
B01909,2025-09-22,2025-10-07,2025-10-09,Cottage,Agoda,15,2,5968.89,False,11937.78
B01910,2025-09-27,2025-10-07,2025-10-08,Cottage,Direct,10,1,6064.06,False,6064.06
B01911,2025-09-10,2025-10-07,2025-10-08,Cottage,MakeMyTrip,27,1,6322.28,False,6322.28
B01912,2025-09-15,2025-10-07,2025-10-10,Cottage,MakeMyTrip,22,3,5791.34,False,17374.02
B01913,2025-09-13,2025-10-07,2025-10-09,Dormitory,Agoda,24,2,2542.8,False,5085.6
B01914,2025-09-11,2025-10-07,2025-10-08,Dormitory,Agoda,26,1,2736.14,False,2736.14
B01915,2025-09-18,2025-10-07,2025-10-09,Camping Tent,MakeMyTrip,19,2,3315.12,False,6630.24
B01916,2025-09-21,2025-10-07,2025-10-09,Camping Tent,MakeMyTrip,16,2,3546.24,False,7092.48
B01917,2025-09-25,2025-10-08,2025-10-10,Cottage,Direct,13,2,6309.26,False,12618.52
B01918,2025-09-23,2025-10-08,2025-10-10,Cottage,MakeMyTrip,15,2,6059.02,False,12118.04
B01919,2025-10-03,2025-10-08,2025-10-10,Cottage,Direct,5,2,5896.0,True,11792.0
B01920,2025-09-25,2025-10-08,2025-10-12,Cottage,Direct,13,4,6124.57,False,24498.28
B01921,2025-09-26,2025-10-08,2025-10-10,Cottage,Booking.com,12,2,5592.48,False,11184.96
B01922,2025-09-18,2025-10-08,2025-10-12,Villa,MakeMyTrip,20,4,11956.05,True,47824.2
B01923,2025-09-24,2025-10-08,2025-10-10,Camping Tent,Booking.com,14,2,3091.9,False,6183.8
B01924,2025-09-10,2025-10-09,2025-10-11,Cottage,Direct,29,2,5932.01,False,11864.02
B01925,2025-09-08,2025-10-09,2025-10-10,Cottage,Booking.com,31,1,6113.02,False,6113.02
B01926,2025-09-07,2025-10-09,2025-10-10,Cottage,Booking.com,32,1,5650.39,False,5650.39
B01927,2025-09-19,2025-10-09,2025-10-11,Cottage,Booking.com,20,2,5632.45,False,11264.9
B01928,2025-09-27,2025-10-09,2025-10-13,Cottage,Booking.com,12,4,5976.5,True,23906.0
B01929,2025-10-01,2025-10-09,2025-10-11,Cottage,Direct,8,2,6073.42,False,12146.84
B01930,2025-09-18,2025-10-09,2025-10-13,Dormitory,MakeMyTrip,21,4,2552.78,False,10211.12
B01931,2025-10-04,2025-10-09,2025-10-10,Dormitory,Direct,5,1,2759.62,False,2759.62
B01932,2025-09-17,2025-10-09,2025-10-11,Camping Tent,MakeMyTrip,22,2,3395.47,False,6790.94
B01933,2025-09-24,2025-10-10,2025-10-12,Cottage,Booking.com,16,2,6932.91,False,13865.82
B01934,2025-09-10,2025-10-10,2025-10-11,Cottage,Booking.com,30,1,7322.25,False,7322.25
B01935,2025-09-28,2025-10-10,2025-10-12,Cottage,Agoda,12,2,6368.09,False,12736.18
B01936,2025-09-14,2025-10-10,2025-10-13,Cottage,MakeMyTrip,26,3,6993.7,False,20981.1
B01937,2025-09-27,2025-10-10,2025-10-12,Cottage,Booking.com,13,2,7013.56,False,14027.12
B01938,2025-10-01,2025-10-10,2025-10-12,Dormitory,Direct,9,2,3016.65,False,6033.3
B01939,2025-10-03,2025-10-10,2025-10-12,Dormitory,Direct,7,2,2853.4,False,5706.8
B01940,2025-09-29,2025-10-10,2025-10-12,Camping Tent,Direct,11,2,4075.4,False,8150.8
B01941,2025-10-08,2025-10-10,2025-10-11,Camping Tent,Direct,2,1,3719.5,False,3719.5
B01942,2025-09-22,2025-10-11,2025-10-14,Cottage,Agoda,19,3,7059.2,False,21177.6
B01943,2025-09-26,2025-10-11,2025-10-15,Cottage,Booking.com,15,4,6666.88,False,26667.52
B01944,2025-10-03,2025-10-11,2025-10-13,Cottage,Direct,8,2,6838.43,False,13676.86
B01945,2025-09-17,2025-10-11,2025-10-14,Cottage,MakeMyTrip,24,3,6484.47,False,19453.41
B01946,2025-10-03,2025-10-11,2025-10-12,Cottage,Direct,8,1,7010.73,False,7010.73
B01947,2025-09-27,2025-10-11,2025-10-12,Cottage,MakeMyTrip,14,1,6554.83,False,6554.83
B01948,2025-09-28,2025-10-11,2025-10-12,Villa,MakeMyTrip,13,1,13975.84,False,13975.84
B01949,2025-10-01,2025-10-11,2025-10-12,Dormitory,Booking.com,10,1,2807.91,False,2807.91
B01950,2025-09-30,2025-10-11,2025-10-14,Camping Tent,Booking.com,11,3,3584.48,False,10753.44
B01951,2025-09-17,2025-10-12,2025-10-13,Cottage,Booking.com,25,1,6713.11,False,6713.11
B01952,2025-09-11,2025-10-12,2025-10-13,Cottage,Agoda,31,1,6262.85,False,6262.85
B01953,2025-09-28,2025-10-12,2025-10-13,Cottage,Booking.com,14,1,6957.33,False,6957.33
B01954,2025-09-23,2025-10-12,2025-10-15,Cottage,Booking.com,19,3,6447.99,False,19343.97
B01955,2025-09-22,2025-10-12,2025-10-14,Cottage,Booking.com,20,2,6566.21,False,13132.42
B01956,2025-09-26,2025-10-12,2025-10-13,Cottage,MakeMyTrip,16,1,7218.1,False,7218.1
B01957,2025-10-09,2025-10-12,2025-10-14,Cottage,Direct,3,2,7434.86,False,14869.72
B01958,2025-09-28,2025-10-12,2025-10-14,Cottage,MakeMyTrip,14,2,7164.23,True,14328.46
B01959,2025-09-23,2025-10-12,2025-10-13,Dormitory,MakeMyTrip,19,1,3074.1,False,3074.1
B01960,2025-09-22,2025-10-12,2025-10-15,Camping Tent,Booking.com,20,3,3769.07,False,11307.21
B01961,2025-09-19,2025-10-13,2025-10-15,Cottage,Booking.com,24,2,6467.12,False,12934.24
B01962,2025-09-28,2025-10-13,2025-10-15,Cottage,Booking.com,15,2,6059.82,False,12119.64
B01963,2025-10-09,2025-10-13,2025-10-15,Cottage,Direct,4,2,5692.31,True,11384.62
B01964,2025-09-23,2025-10-13,2025-10-15,Cottage,Agoda,20,2,6060.32,False,12120.64
B01965,2025-10-12,2025-10-13,2025-10-14,Cottage,Direct,1,1,5813.49,False,5813.49
B01966,2025-10-02,2025-10-13,2025-10-16,Cottage,Booking.com,11,3,6187.86,False,18563.58
B01967,2025-10-03,2025-10-13,2025-10-14,Villa,Booking.com,10,1,12070.69,True,12070.69
B01968,2025-10-10,2025-10-13,2025-10-15,Dormitory,Direct,3,2,2485.04,False,4970.08
B01969,2025-10-01,2025-10-13,2025-10-14,Dormitory,Booking.com,12,1,2521.53,False,2521.53
B01970,2025-10-12,2025-10-14,2025-10-15,Cottage,Direct,2,1,6137.19,False,6137.19
B01971,2025-09-30,2025-10-14,2025-10-17,Cottage,Direct,14,3,6267.13,True,18801.39
B01972,2025-10-08,2025-10-14,2025-10-15,Cottage,Direct,6,1,5766.3,False,5766.3
B01973,2025-09-23,2025-10-14,2025-10-15,Villa,Booking.com,21,1,13000.27,False,13000.27
B01974,2025-10-02,2025-10-14,2025-10-15,Dormitory,Direct,12,1,2314.64,False,2314.64
B01975,2025-10-12,2025-10-15,2025-10-17,Cottage,Direct,3,2,5978.89,True,11957.78
B01976,2025-09-28,2025-10-15,2025-10-16,Cottage,Direct,17,1,5681.46,False,5681.46
B01977,2025-09-25,2025-10-15,2025-10-16,Cottage,MakeMyTrip,20,1,5836.82,False,5836.82
B01978,2025-09-14,2025-10-15,2025-10-16,Dormitory,Booking.com,31,1,2569.57,False,2569.57
B01979,2025-10-12,2025-10-16,2025-10-19,Cottage,Direct,4,3,6051.81,False,18155.43
B01980,2025-09-15,2025-10-16,2025-10-18,Cottage,Booking.com,31,2,6343.89,False,12687.78
B01981,2025-09-28,2025-10-16,2025-10-17,Cottage,Booking.com,18,1,7247.73,True,7247.73
B01982,2025-09-20,2025-10-16,2025-10-17,Cottage,MakeMyTrip,26,1,5730.16,False,5730.16
B01983,2025-10-11,2025-10-16,2025-10-18,Cottage,Direct,5,2,5666.27,False,11332.54
B01984,2025-09-14,2025-10-16,2025-10-17,Cottage,MakeMyTrip,32,1,6387.99,False,6387.99
B01985,2025-09-26,2025-10-16,2025-10-18,Dormitory,Agoda,20,2,2669.85,True,5339.7
B01986,2025-10-02,2025-10-16,2025-10-19,Camping Tent,MakeMyTrip,14,3,3287.48,False,9862.44
B01987,2025-10-01,2025-10-17,2025-10-19,Cottage,Agoda,16,2,7321.26,False,14642.52
B01988,2025-09-23,2025-10-17,2025-10-20,Cottage,Booking.com,24,3,7209.18,False,21627.54
B01989,2025-09-30,2025-10-17,2025-10-21,Cottage,MakeMyTrip,17,4,6923.05,True,27692.2
B01990,2025-09-29,2025-10-17,2025-10-19,Cottage,Direct,18,2,6857.89,False,13715.78
B01991,2025-10-10,2025-10-17,2025-10-19,Cottage,Direct,7,2,6341.11,False,12682.22
B01992,2025-10-06,2025-10-17,2025-10-19,Cottage,MakeMyTrip,11,2,6800.0,False,13600.0
B01993,2025-10-15,2025-10-17,2025-10-18,Cottage,Direct,2,1,6941.53,False,6941.53
B01994,2025-10-13,2025-10-17,2025-10-19,Cottage,Direct,4,2,7323.9,False,14647.8
B01995,2025-10-03,2025-10-17,2025-10-20,Villa,MakeMyTrip,14,3,13814.69,False,41444.07
B01996,2025-09-25,2025-10-17,2025-10-20,Dormitory,Direct,22,3,2631.57,False,7894.71
B01997,2025-09-24,2025-10-17,2025-10-18,Camping Tent,Agoda,23,1,3557.56,False,3557.56
B01998,2025-10-01,2025-10-17,2025-10-18,Camping Tent,MakeMyTrip,16,1,3751.11,False,3751.11
B01999,2025-10-03,2025-10-18,2025-10-20,Cottage,MakeMyTrip,15,2,6859.79,False,13719.58
B02000,2025-10-07,2025-10-18,2025-10-19,Cottage,Direct,11,1,6174.03,False,6174.03
B02001,2025-10-10,2025-10-18,2025-10-19,Cottage,MakeMyTrip,8,1,6387.33,False,6387.33
B02002,2025-10-04,2025-10-18,2025-10-21,Cottage,Booking.com,14,3,6470.36,False,19411.08
B02003,2025-09-27,2025-10-18,2025-10-20,Cottage,Booking.com,21,2,7009.26,False,14018.52
B02004,2025-09-17,2025-10-18,2025-10-21,Cottage,Direct,31,3,6735.9,True,20207.7
B02005,2025-10-05,2025-10-18,2025-10-19,Cottage,MakeMyTrip,13,1,7583.86,False,7583.86
B02006,2025-10-09,2025-10-18,2025-10-19,Villa,Booking.com,9,1,13571.73,False,13571.73
B02007,2025-10-05,2025-10-18,2025-10-21,Dormitory,Agoda,13,3,3036.65,True,9109.95
B02008,2025-09-26,2025-10-18,2025-10-20,Dormitory,Booking.com,22,2,3031.63,False,6063.26
B02009,2025-10-04,2025-10-18,2025-10-19,Camping Tent,Agoda,14,1,3529.67,True,3529.67
B02010,2025-10-09,2025-10-18,2025-10-19,Camping Tent,Direct,9,1,3750.52,False,3750.52
B02011,2025-10-10,2025-10-19,2025-10-20,Cottage,Direct,9,1,6976.32,False,6976.32
B02012,2025-09-27,2025-10-19,2025-10-21,Cottage,Booking.com,22,2,6405.88,False,12811.76
B02013,2025-10-14,2025-10-19,2025-10-21,Cottage,Direct,5,2,6857.3,False,13714.6
B02014,2025-09-26,2025-10-19,2025-10-22,Cottage,Booking.com,23,3,6976.13,False,20928.39
B02015,2025-10-08,2025-10-19,2025-10-20,Cottage,Booking.com,11,1,7018.08,True,7018.08
B02016,2025-09-21,2025-10-19,2025-10-20,Cottage,Booking.com,28,1,6970.24,False,6970.24
B02017,2025-10-10,2025-10-19,2025-10-22,Villa,Direct,9,3,13065.99,False,39197.97
B02018,2025-09-18,2025-10-19,2025-10-20,Dormitory,MakeMyTrip,31,1,2934.77,False,2934.77
B02019,2025-09-18,2025-10-19,2025-10-21,Camping Tent,Agoda,31,2,3655.95,False,7311.9
B02020,2025-09-30,2025-10-20,2025-10-21,Cottage,MakeMyTrip,20,1,6156.91,False,6156.91
B02021,2025-10-02,2025-10-20,2025-10-22,Cottage,MakeMyTrip,18,2,5886.45,False,11772.9
B02022,2025-10-01,2025-10-20,2025-10-22,Cottage,Direct,19,2,6445.74,False,12891.48
B02023,2025-10-10,2025-10-20,2025-10-21,Cottage,Direct,10,1,5800.16,False,5800.16
B02024,2025-10-04,2025-10-20,2025-10-21,Cottage,Booking.com,16,1,5978.77,False,5978.77
B02025,2025-09-30,2025-10-20,2025-10-22,Villa,MakeMyTrip,20,2,11206.79,False,22413.58
B02026,2025-10-14,2025-10-20,2025-10-22,Dormitory,Direct,6,2,2577.25,False,5154.5
B02027,2025-10-08,2025-10-20,2025-10-21,Dormitory,Direct,12,1,2506.31,False,2506.31
B02028,2025-10-14,2025-10-20,2025-10-21,Camping Tent,Direct,6,1,3093.11,False,3093.11
B02029,2025-10-03,2025-10-21,2025-10-22,Cottage,Booking.com,18,1,6577.93,False,6577.93
B02030,2025-10-05,2025-10-21,2025-10-23,Cottage,Booking.com,16,2,6042.88,False,12085.76
B02031,2025-09-23,2025-10-21,2025-10-22,Cottage,MakeMyTrip,28,1,6087.85,False,6087.85
B02032,2025-10-05,2025-10-21,2025-10-23,Cottage,Direct,16,2,6745.27,False,13490.54
B02033,2025-10-12,2025-10-21,2025-10-22,Cottage,Direct,9,1,5524.22,False,5524.22
B02034,2025-10-15,2025-10-21,2025-10-25,Villa,Direct,6,4,12401.02,False,49604.08
B02035,2025-10-09,2025-10-21,2025-10-22,Dormitory,MakeMyTrip,12,1,2556.15,False,2556.15
B02036,2025-09-30,2025-10-21,2025-10-25,Camping Tent,Direct,21,4,3224.69,False,12898.76
B02037,2025-10-10,2025-10-21,2025-10-23,Camping Tent,MakeMyTrip,11,2,3516.8,False,7033.6
B02038,2025-09-15,2025-10-22,2025-10-24,Cottage,MakeMyTrip,37,2,6397.84,False,12795.68
B02039,2025-10-12,2025-10-22,2025-10-24,Cottage,Direct,10,2,6232.4,False,12464.8
B02040,2025-10-09,2025-10-22,2025-10-23,Cottage,Booking.com,13,1,6164.25,False,6164.25
B02041,2025-10-03,2025-10-22,2025-10-23,Cottage,Agoda,19,1,6106.45,False,6106.45
B02042,2025-10-19,2025-10-22,2025-10-23,Dormitory,Direct,3,1,2598.66,False,2598.66
B02043,2025-10-05,2025-10-23,2025-10-25,Cottage,Booking.com,18,2,6580.97,False,13161.94
B02044,2025-10-05,2025-10-23,2025-10-27,Cottage,Agoda,18,4,6311.65,True,25246.6
B02045,2025-10-11,2025-10-23,2025-10-25,Cottage,Agoda,12,2,6170.85,False,12341.7
B02046,2025-10-21,2025-10-23,2025-10-25,Cottage,Direct,2,2,5655.26,False,11310.52
B02047,2025-10-19,2025-10-23,2025-10-25,Dormitory,Direct,4,2,2626.49,False,5252.98
B02048,2025-10-08,2025-10-24,2025-10-25,Cottage,Booking.com,16,1,6400.69,True,6400.69
B02049,2025-10-19,2025-10-24,2025-10-26,Cottage,Direct,5,2,6954.25,False,13908.5
B02050,2025-09-19,2025-10-24,2025-10-27,Cottage,Booking.com,35,3,6583.25,False,19749.75
B02051,2025-10-01,2025-10-24,2025-10-26,Cottage,Booking.com,23,2,6363.79,False,12727.58
B02052,2025-10-16,2025-10-24,2025-10-28,Cottage,Direct,8,4,7267.99,False,29071.96
B02053,2025-10-14,2025-10-24,2025-10-25,Cottage,Booking.com,10,1,6854.12,False,6854.12
B02054,2025-09-25,2025-10-24,2025-10-26,Villa,Booking.com,29,2,14501.69,False,29003.38
B02055,2025-10-01,2025-10-24,2025-10-25,Dormitory,Direct,23,1,2851.4,False,2851.4
B02056,2025-10-11,2025-10-24,2025-10-25,Dormitory,MakeMyTrip,13,1,2754.31,False,2754.31
B02057,2025-10-10,2025-10-24,2025-10-25,Camping Tent,MakeMyTrip,14,1,3884.72,False,3884.72
B02058,2025-10-06,2025-10-24,2025-10-25,Camping Tent,Direct,18,1,3526.4,False,3526.4
B02059,2025-10-11,2025-10-25,2025-10-26,Cottage,MakeMyTrip,14,1,6863.65,True,6863.65
B02060,2025-10-09,2025-10-25,2025-10-29,Cottage,Direct,16,4,6260.17,False,25040.68
B02061,2025-10-04,2025-10-25,2025-10-29,Cottage,Direct,21,4,7375.68,False,29502.72
B02062,2025-10-15,2025-10-25,2025-10-26,Cottage,MakeMyTrip,10,1,7400.76,False,7400.76
B02063,2025-10-11,2025-10-25,2025-10-27,Cottage,Direct,14,2,6610.32,False,13220.64
B02064,2025-10-18,2025-10-25,2025-10-27,Cottage,Direct,7,2,6480.04,False,12960.08
B02065,2025-09-27,2025-10-25,2025-10-29,Cottage,Booking.com,28,4,7077.52,False,28310.08
B02066,2025-10-15,2025-10-25,2025-10-28,Dormitory,MakeMyTrip,10,3,2981.11,True,8943.33
B02067,2025-10-14,2025-10-25,2025-10-27,Dormitory,Booking.com,11,2,3051.04,False,6102.08
B02068,2025-10-15,2025-10-25,2025-10-26,Camping Tent,Direct,10,1,3560.67,False,3560.67
B02069,2025-10-06,2025-10-25,2025-10-29,Camping Tent,MakeMyTrip,19,4,3308.67,False,13234.68
B02070,2025-09-23,2025-10-26,2025-10-29,Cottage,Booking.com,33,3,6511.29,False,19533.87
B02071,2025-09-26,2025-10-26,2025-10-27,Cottage,Direct,30,1,6615.09,False,6615.09
B02072,2025-10-03,2025-10-26,2025-10-28,Cottage,Direct,23,2,6726.08,False,13452.16
B02073,2025-09-22,2025-10-26,2025-10-28,Cottage,Direct,34,2,7240.5,False,14481.0
B02074,2025-10-14,2025-10-26,2025-10-28,Cottage,Booking.com,12,2,6842.93,False,13685.86
B02075,2025-10-03,2025-10-26,2025-10-27,Cottage,Agoda,23,1,6675.92,False,6675.92
B02076,2025-10-05,2025-10-26,2025-10-28,Villa,MakeMyTrip,21,2,14487.89,False,28975.78
B02077,2025-10-04,2025-10-26,2025-10-27,Dormitory,Agoda,22,1,2825.25,False,2825.25
B02078,2025-09-25,2025-10-26,2025-10-27,Dormitory,MakeMyTrip,31,1,2778.56,False,2778.56
B02079,2025-10-14,2025-10-27,2025-10-28,Cottage,MakeMyTrip,13,1,6506.65,False,6506.65
B02080,2025-10-14,2025-10-27,2025-10-30,Cottage,Booking.com,13,3,5538.51,False,16615.53
B02081,2025-10-15,2025-10-27,2025-10-29,Cottage,Booking.com,12,2,6172.76,False,12345.52
B02082,2025-10-14,2025-10-27,2025-10-30,Villa,Agoda,13,3,12582.83,False,37748.49
B02083,2025-10-12,2025-10-27,2025-10-28,Dormitory,Direct,15,1,2674.01,False,2674.01
B02084,2025-10-10,2025-10-28,2025-10-29,Cottage,Direct,18,1,6529.32,False,6529.32
B02085,2025-10-15,2025-10-28,2025-10-29,Cottage,Booking.com,13,1,6407.86,False,6407.86
B02086,2025-10-12,2025-10-28,2025-10-29,Cottage,Agoda,16,1,6207.82,False,6207.82
B02087,2025-10-12,2025-10-28,2025-10-31,Cottage,MakeMyTrip,16,3,5959.71,False,17879.13
B02088,2025-10-18,2025-10-28,2025-10-29,Cottage,MakeMyTrip,10,1,6750.98,False,6750.98
B02089,2025-10-09,2025-10-28,2025-10-30,Cottage,Agoda,19,2,6474.46,False,12948.92
B02090,2025-10-05,2025-10-28,2025-10-29,Dormitory,MakeMyTrip,23,1,2629.21,False,2629.21
B02091,2025-10-16,2025-10-28,2025-10-30,Camping Tent,Booking.com,12,2,3091.86,True,6183.72
B02092,2025-10-23,2025-10-29,2025-10-31,Cottage,Direct,6,2,6043.77,False,12087.54
B02093,2025-10-17,2025-10-29,2025-10-31,Cottage,Agoda,12,2,6314.64,False,12629.28
B02094,2025-10-18,2025-10-29,2025-10-30,Cottage,Direct,11,1,6313.42,False,6313.42
B02095,2025-10-18,2025-10-29,2025-10-31,Cottage,Direct,11,2,6178.93,False,12357.86
B02096,2025-10-25,2025-10-29,2025-10-31,Cottage,Direct,4,2,5572.47,False,11144.94
B02097,2025-10-06,2025-10-29,2025-10-30,Cottage,Booking.com,23,1,6080.75,False,6080.75
B02098,2025-09-27,2025-10-29,2025-10-30,Dormitory,Booking.com,32,1,2900.85,False,2900.85
B02099,2025-10-09,2025-10-29,2025-10-30,Camping Tent,Booking.com,20,1,3268.1,False,3268.1
B02100,2025-10-07,2025-10-30,2025-10-31,Cottage,Booking.com,23,1,6202.79,False,6202.79
B02101,2025-10-21,2025-10-30,2025-11-01,Cottage,Direct,9,2,6321.3,False,12642.6
B02102,2025-10-06,2025-10-30,2025-11-01,Cottage,Booking.com,24,2,6157.74,True,12315.48
B02103,2025-09-16,2025-10-30,2025-11-03,Cottage,MakeMyTrip,44,4,5716.55,False,22866.2
B02104,2025-10-14,2025-10-30,2025-10-31,Cottage,Agoda,16,1,6339.37,False,6339.37
B02105,2025-10-15,2025-10-30,2025-11-01,Dormitory,MakeMyTrip,15,2,2577.44,False,5154.88
B02106,2025-09-26,2025-10-30,2025-11-02,Dormitory,Agoda,34,3,2699.98,False,8099.94
B02107,2025-10-25,2025-10-30,2025-10-31,Camping Tent,Direct,5,1,3271.47,False,3271.47
B02108,2025-10-20,2025-10-31,2025-11-03,Cottage,Booking.com,11,3,6970.28,False,20910.84
B02109,2025-10-12,2025-10-31,2025-11-02,Cottage,Booking.com,19,2,6715.99,False,13431.98
B02110,2025-10-17,2025-10-31,2025-11-01,Cottage,Direct,14,1,6976.34,False,6976.34
B02111,2025-10-17,2025-10-31,2025-11-03,Cottage,MakeMyTrip,14,3,6479.75,True,19439.25
B02112,2025-10-18,2025-10-31,2025-11-02,Cottage,MakeMyTrip,13,2,6420.06,False,12840.12
B02113,2025-10-22,2025-10-31,2025-11-02,Cottage,Booking.com,9,2,7080.31,False,14160.62
B02114,2025-09-27,2025-10-31,2025-11-02,Villa,MakeMyTrip,34,2,12510.32,False,25020.64
B02115,2025-10-13,2025-10-31,2025-11-01,Dormitory,MakeMyTrip,18,1,2936.34,False,2936.34
B02116,2025-10-12,2025-10-31,2025-11-02,Camping Tent,MakeMyTrip,19,2,3713.32,False,7426.64
B02117,2025-10-02,2025-11-01,2025-11-04,Cottage,Direct,30,3,7083.76,False,21251.28
B02118,2025-10-29,2025-11-01,2025-11-03,Cottage,Direct,3,2,7709.6,False,15419.2
B02119,2025-10-20,2025-11-01,2025-11-05,Cottage,Direct,12,4,7284.5,False,29138.0
B02120,2025-10-18,2025-11-01,2025-11-02,Cottage,MakeMyTrip,14,1,7631.97,False,7631.97
B02121,2025-10-27,2025-11-01,2025-11-04,Cottage,Direct,5,3,7182.31,False,21546.93
B02122,2025-10-14,2025-11-01,2025-11-02,Cottage,MakeMyTrip,18,1,6893.23,False,6893.23
B02123,2025-10-23,2025-11-01,2025-11-05,Cottage,Direct,9,4,7596.35,False,30385.4
B02124,2025-10-07,2025-11-01,2025-11-03,Dormitory,Booking.com,25,2,3310.48,False,6620.96
B02125,2025-10-15,2025-11-01,2025-11-03,Dormitory,Agoda,17,2,3161.11,True,6322.22
B02126,2025-10-27,2025-11-01,2025-11-02,Camping Tent,Direct,5,1,3705.24,False,3705.24
B02127,2025-10-05,2025-11-02,2025-11-04,Cottage,Booking.com,28,2,7931.59,False,15863.18
B02128,2025-10-13,2025-11-02,2025-11-06,Cottage,MakeMyTrip,20,4,7240.76,False,28963.04
B02129,2025-09-24,2025-11-02,2025-11-04,Cottage,Direct,39,2,7717.76,False,15435.52
B02130,2025-10-15,2025-11-02,2025-11-05,Cottage,MakeMyTrip,18,3,8108.18,False,24324.54
B02131,2025-10-06,2025-11-02,2025-11-03,Cottage,Booking.com,27,1,6865.97,False,6865.97
B02132,2025-10-21,2025-11-02,2025-11-05,Cottage,MakeMyTrip,12,3,7696.28,False,23088.84
B02133,2025-10-22,2025-11-02,2025-11-04,Cottage,MakeMyTrip,11,2,7666.45,False,15332.9
B02134,2025-10-27,2025-11-02,2025-11-05,Villa,Direct,6,3,15121.1,False,45363.3
B02135,2025-10-15,2025-11-02,2025-11-04,Dormitory,Booking.com,18,2,3232.6,False,6465.2
B02136,2025-10-05,2025-11-02,2025-11-03,Dormitory,MakeMyTrip,28,1,3146.88,False,3146.88
B02137,2025-10-15,2025-11-02,2025-11-03,Camping Tent,Direct,18,1,3868.57,False,3868.57
B02138,2025-10-11,2025-11-02,2025-11-04,Camping Tent,Direct,22,2,3895.73,False,7791.46
B02139,2025-10-17,2025-11-03,2025-11-06,Cottage,Booking.com,17,3,6068.43,False,18205.29
B02140,2025-10-26,2025-11-03,2025-11-05,Cottage,Direct,8,2,6560.71,False,13121.42
B02141,2025-11-01,2025-11-03,2025-11-04,Cottage,Direct,2,1,6730.9,False,6730.9
B02142,2025-10-11,2025-11-03,2025-11-05,Cottage,Booking.com,23,2,6887.07,False,13774.14
B02143,2025-10-21,2025-11-03,2025-11-04,Cottage,Direct,13,1,6418.95,False,6418.95
B02144,2025-10-14,2025-11-03,2025-11-05,Villa,Booking.com,20,2,13972.26,False,27944.52
B02145,2025-10-20,2025-11-03,2025-11-05,Dormitory,MakeMyTrip,14,2,2479.01,False,4958.02
B02146,2025-10-04,2025-11-03,2025-11-05,Dormitory,Direct,30,2,3085.9,False,6171.8
B02147,2025-10-15,2025-11-04,2025-11-06,Cottage,Booking.com,20,2,6294.38,False,12588.76
B02148,2025-10-28,2025-11-04,2025-11-06,Cottage,Direct,7,2,6760.26,False,13520.52
B02149,2025-10-16,2025-11-04,2025-11-06,Cottage,MakeMyTrip,19,2,6785.33,False,13570.66
B02150,2025-10-18,2025-11-04,2025-11-08,Cottage,Agoda,17,4,6513.74,False,26054.96
B02151,2025-11-01,2025-11-04,2025-11-07,Cottage,Direct,3,3,6261.25,False,18783.75
B02152,2025-10-19,2025-11-04,2025-11-05,Cottage,Direct,16,1,6554.76,False,6554.76
B02153,2025-10-05,2025-11-04,2025-11-05,Villa,MakeMyTrip,30,1,12633.13,False,12633.13
B02154,2025-10-22,2025-11-04,2025-11-05,Dormitory,Booking.com,13,1,2611.31,False,2611.31
B02155,2025-10-20,2025-11-04,2025-11-05,Dormitory,Booking.com,15,1,3097.65,False,3097.65
B02156,2025-10-21,2025-11-04,2025-11-08,Camping Tent,Agoda,14,4,3253.71,False,13014.84
B02157,2025-10-14,2025-11-04,2025-11-06,Camping Tent,Booking.com,21,2,3406.39,True,6812.78
B02158,2025-10-11,2025-11-05,2025-11-08,Cottage,Direct,25,3,6928.95,False,20786.85
B02159,2025-10-19,2025-11-05,2025-11-07,Cottage,Direct,17,2,6370.93,False,12741.86
B02160,2025-10-18,2025-11-05,2025-11-08,Cottage,Direct,18,3,6686.42,False,20059.26
B02161,2025-10-23,2025-11-05,2025-11-07,Cottage,Direct,13,2,6850.29,False,13700.58
B02162,2025-10-16,2025-11-05,2025-11-06,Cottage,Direct,20,1,6751.35,False,6751.35
B02163,2025-10-15,2025-11-05,2025-11-06,Cottage,Direct,21,1,6513.98,False,6513.98
B02164,2025-10-25,2025-11-05,2025-11-08,Dormitory,Booking.com,11,3,2815.48,True,8446.44
B02165,2025-10-23,2025-11-05,2025-11-06,Dormitory,Direct,13,1,2567.07,False,2567.07
B02166,2025-10-20,2025-11-05,2025-11-09,Camping Tent,MakeMyTrip,16,4,3756.43,False,15025.72
B02167,2025-10-28,2025-11-05,2025-11-06,Camping Tent,Direct,8,1,3661.52,False,3661.52
B02168,2025-10-21,2025-11-06,2025-11-07,Cottage,MakeMyTrip,16,1,6566.09,False,6566.09
B02169,2025-10-17,2025-11-06,2025-11-08,Cottage,Direct,20,2,6774.2,False,13548.4
B02170,2025-10-17,2025-11-06,2025-11-09,Cottage,Agoda,20,3,6372.0,False,19116.0
B02171,2025-10-29,2025-11-06,2025-11-08,Cottage,Direct,8,2,6476.07,False,12952.14
B02172,2025-10-28,2025-11-06,2025-11-07,Cottage,Direct,9,1,6806.31,False,6806.31
B02173,2025-10-23,2025-11-06,2025-11-10,Cottage,Agoda,14,4,7502.14,False,30008.56
B02174,2025-10-20,2025-11-06,2025-11-09,Cottage,Booking.com,17,3,6641.76,False,19925.28
B02175,2025-10-28,2025-11-06,2025-11-07,Dormitory,Booking.com,9,1,2965.26,False,2965.26
B02176,2025-10-30,2025-11-06,2025-11-07,Camping Tent,Direct,7,1,3311.63,False,3311.63
B02177,2025-10-29,2025-11-06,2025-11-08,Camping Tent,Direct,8,2,3518.37,False,7036.74
B02178,2025-10-18,2025-11-07,2025-11-08,Cottage,Booking.com,20,1,7851.21,False,7851.21
B02179,2025-10-08,2025-11-07,2025-11-10,Cottage,Direct,30,3,7899.88,False,23699.64
B02180,2025-10-31,2025-11-07,2025-11-09,Cottage,Direct,7,2,7766.11,False,15532.22
B02181,2025-10-26,2025-11-07,2025-11-08,Cottage,Booking.com,12,1,7375.85,False,7375.85
B02182,2025-11-02,2025-11-07,2025-11-09,Cottage,Direct,5,2,7368.91,False,14737.82
B02183,2025-10-17,2025-11-07,2025-11-08,Cottage,Direct,21,1,7406.86,False,7406.86
B02184,2025-11-03,2025-11-07,2025-11-10,Cottage,Direct,4,3,7254.25,False,21762.75
B02185,2025-10-17,2025-11-07,2025-11-08,Villa,Agoda,21,1,12998.4,False,12998.4
B02186,2025-10-29,2025-11-07,2025-11-09,Dormitory,MakeMyTrip,9,2,3306.74,True,6613.48
B02187,2025-10-19,2025-11-07,2025-11-10,Dormitory,Booking.com,19,3,3130.81,False,9392.43
B02188,2025-10-07,2025-11-07,2025-11-10,Camping Tent,MakeMyTrip,31,3,3741.06,False,11223.18
B02189,2025-10-24,2025-11-07,2025-11-08,Camping Tent,MakeMyTrip,14,1,3999.94,False,3999.94
B02190,2025-10-27,2025-11-08,2025-11-12,Cottage,MakeMyTrip,12,4,7939.8,True,31759.2
B02191,2025-10-26,2025-11-08,2025-11-11,Cottage,Booking.com,13,3,6862.18,False,20586.54
B02192,2025-10-17,2025-11-08,2025-11-09,Cottage,Booking.com,22,1,7173.75,False,7173.75
B02193,2025-10-18,2025-11-08,2025-11-11,Cottage,MakeMyTrip,21,3,7240.48,False,21721.44
B02194,2025-10-10,2025-11-08,2025-11-11,Cottage,Booking.com,29,3,6930.81,False,20792.43
B02195,2025-10-18,2025-11-08,2025-11-09,Cottage,MakeMyTrip,21,1,7144.82,False,7144.82
B02196,2025-10-19,2025-11-08,2025-11-10,Cottage,Agoda,20,2,7559.94,True,15119.88
B02197,2025-11-01,2025-11-08,2025-11-10,Cottage,Direct,7,2,7622.85,False,15245.7
B02198,2025-10-22,2025-11-08,2025-11-11,Dormitory,Booking.com,17,3,3176.61,True,9529.83
B02199,2025-11-04,2025-11-08,2025-11-09,Dormitory,Direct,4,1,3022.49,False,3022.49
B02200,2025-10-23,2025-11-08,2025-11-09,Camping Tent,Direct,16,1,4117.67,False,4117.67
B02201,2025-10-23,2025-11-08,2025-11-09,Camping Tent,Direct,16,1,4072.99,False,4072.99
B02202,2025-10-27,2025-11-09,2025-11-11,Cottage,MakeMyTrip,13,2,7251.44,False,14502.88
B02203,2025-10-26,2025-11-09,2025-11-10,Cottage,MakeMyTrip,14,1,7954.92,True,7954.92
B02204,2025-10-31,2025-11-09,2025-11-12,Cottage,MakeMyTrip,9,3,6855.37,False,20566.11
B02205,2025-10-26,2025-11-09,2025-11-11,Cottage,MakeMyTrip,14,2,7170.71,False,14341.42
B02206,2025-10-29,2025-11-09,2025-11-11,Cottage,Direct,11,2,7318.27,False,14636.54
B02207,2025-10-21,2025-11-09,2025-11-10,Cottage,Direct,19,1,7537.69,False,7537.69
B02208,2025-10-30,2025-11-09,2025-11-11,Cottage,Booking.com,10,2,7309.07,False,14618.14
B02209,2025-10-31,2025-11-09,2025-11-12,Villa,MakeMyTrip,9,3,14506.82,False,43520.46
B02210,2025-10-26,2025-11-09,2025-11-11,Camping Tent,Direct,14,2,4157.48,False,8314.96
B02211,2025-10-28,2025-11-10,2025-11-11,Cottage,MakeMyTrip,13,1,6745.19,False,6745.19
B02212,2025-10-01,2025-11-10,2025-11-11,Cottage,Agoda,40,1,6518.71,False,6518.71
B02213,2025-10-22,2025-11-10,2025-11-12,Cottage,Booking.com,19,2,6634.37,False,13268.74
B02214,2025-11-08,2025-11-10,2025-11-12,Cottage,Direct,2,2,6667.47,False,13334.94
B02215,2025-11-03,2025-11-10,2025-11-11,Villa,Direct,7,1,13901.9,False,13901.9
B02216,2025-10-04,2025-11-10,2025-11-13,Camping Tent,Direct,37,3,3431.88,False,10295.64
B02217,2025-10-23,2025-11-11,2025-11-13,Cottage,Booking.com,19,2,6379.41,False,12758.82
B02218,2025-11-08,2025-11-11,2025-11-15,Cottage,Direct,3,4,6401.67,False,25606.68
B02219,2025-11-08,2025-11-11,2025-11-14,Cottage,Direct,3,3,6510.14,False,19530.42
B02220,2025-11-04,2025-11-11,2025-11-14,Cottage,Direct,7,3,6978.69,True,20936.07
B02221,2025-10-13,2025-11-11,2025-11-12,Cottage,MakeMyTrip,29,1,6335.84,True,6335.84
B02222,2025-10-21,2025-11-11,2025-11-12,Cottage,MakeMyTrip,21,1,5910.3,False,5910.3
B02223,2025-10-16,2025-11-11,2025-11-15,Cottage,MakeMyTrip,26,4,6182.83,False,24731.32
B02224,2025-10-28,2025-11-11,2025-11-13,Villa,Booking.com,14,2,12264.23,True,24528.46
B02225,2025-10-24,2025-11-11,2025-11-15,Dormitory,MakeMyTrip,18,4,2617.89,False,10471.56
B02226,2025-10-25,2025-11-11,2025-11-13,Camping Tent,Booking.com,17,2,3619.31,True,7238.62
B02227,2025-10-08,2025-11-11,2025-11-13,Camping Tent,Booking.com,34,2,3902.38,False,7804.76
B02228,2025-11-04,2025-11-12,2025-11-13,Cottage,Direct,8,1,6030.67,False,6030.67
B02229,2025-11-03,2025-11-12,2025-11-13,Cottage,MakeMyTrip,9,1,7143.65,False,7143.65
B02230,2025-10-06,2025-11-12,2025-11-13,Cottage,Agoda,37,1,6835.98,False,6835.98
B02231,2025-11-05,2025-11-12,2025-11-14,Cottage,Direct,7,2,7080.1,False,14160.2
B02232,2025-10-28,2025-11-12,2025-11-14,Cottage,MakeMyTrip,15,2,7163.52,False,14327.04
B02233,2025-10-29,2025-11-12,2025-11-15,Cottage,Booking.com,14,3,6399.54,True,19198.62
B02234,2025-10-23,2025-11-12,2025-11-14,Villa,Direct,20,2,13578.98,False,27157.96
B02235,2025-10-13,2025-11-12,2025-11-14,Dormitory,MakeMyTrip,30,2,2899.97,False,5799.94
B02236,2025-11-03,2025-11-12,2025-11-13,Camping Tent,MakeMyTrip,9,1,3696.42,False,3696.42
B02237,2025-11-02,2025-11-12,2025-11-15,Camping Tent,MakeMyTrip,10,3,3478.47,False,10435.41
B02238,2025-10-17,2025-11-13,2025-11-15,Cottage,Booking.com,27,2,6354.59,False,12709.18
B02239,2025-10-28,2025-11-13,2025-11-14,Cottage,Direct,16,1,6568.12,False,6568.12
B02240,2025-10-29,2025-11-13,2025-11-14,Cottage,Direct,15,1,6112.84,False,6112.84
B02241,2025-10-28,2025-11-13,2025-11-15,Cottage,Booking.com,16,2,6678.04,False,13356.08
B02242,2025-11-03,2025-11-13,2025-11-14,Cottage,MakeMyTrip,10,1,6491.51,False,6491.51
B02243,2025-10-24,2025-11-13,2025-11-14,Cottage,Booking.com,20,1,7364.68,False,7364.68
B02244,2025-10-27,2025-11-13,2025-11-14,Dormitory,Booking.com,17,1,2612.34,True,2612.34
B02245,2025-10-18,2025-11-13,2025-11-16,Camping Tent,MakeMyTrip,26,3,3490.82,False,10472.46
B02246,2025-11-04,2025-11-13,2025-11-14,Camping Tent,Direct,9,1,3583.88,False,3583.88
B02247,2025-10-28,2025-11-14,2025-11-17,Cottage,Direct,17,3,7711.9,False,23135.7
B02248,2025-10-25,2025-11-14,2025-11-17,Cottage,MakeMyTrip,20,3,7300.87,False,21902.61
B02249,2025-11-04,2025-11-14,2025-11-15,Cottage,Agoda,10,1,7109.44,False,7109.44
B02250,2025-10-27,2025-11-14,2025-11-15,Cottage,Booking.com,18,1,7653.32,False,7653.32
B02251,2025-11-08,2025-11-14,2025-11-16,Cottage,Direct,6,2,7692.14,True,15384.28
B02252,2025-11-07,2025-11-14,2025-11-15,Cottage,Direct,7,1,7371.05,False,7371.05
B02253,2025-11-06,2025-11-14,2025-11-16,Cottage,Direct,8,2,7291.28,False,14582.56
B02254,2025-10-30,2025-11-14,2025-11-17,Villa,Booking.com,15,3,14643.84,False,43931.52
B02255,2025-10-27,2025-11-14,2025-11-15,Dormitory,MakeMyTrip,18,1,3145.9,False,3145.9
B02256,2025-10-27,2025-11-14,2025-11-16,Dormitory,MakeMyTrip,18,2,3272.22,False,6544.44
B02257,2025-10-22,2025-11-14,2025-11-15,Camping Tent,MakeMyTrip,23,1,4014.0,False,4014.0
B02258,2025-11-11,2025-11-15,2025-11-16,Cottage,Direct,4,1,7703.09,False,7703.09
B02259,2025-11-03,2025-11-15,2025-11-17,Cottage,Direct,12,2,7035.41,False,14070.82
B02260,2025-10-20,2025-11-15,2025-11-16,Cottage,Booking.com,26,1,7561.85,True,7561.85
B02261,2025-11-03,2025-11-15,2025-11-16,Cottage,MakeMyTrip,12,1,7694.25,True,7694.25
B02262,2025-10-16,2025-11-15,2025-11-16,Cottage,Booking.com,30,1,7291.64,False,7291.64
B02263,2025-11-03,2025-11-15,2025-11-17,Cottage,MakeMyTrip,12,2,7539.39,False,15078.78
B02264,2025-11-06,2025-11-15,2025-11-17,Cottage,Direct,9,2,6369.11,False,12738.22
B02265,2025-10-31,2025-11-15,2025-11-16,Cottage,MakeMyTrip,15,1,7849.27,True,7849.27
B02266,2025-10-23,2025-11-15,2025-11-19,Villa,Direct,23,4,14637.12,False,58548.48
B02267,2025-11-01,2025-11-15,2025-11-16,Dormitory,Direct,14,1,3340.54,False,3340.54
B02268,2025-11-10,2025-11-15,2025-11-16,Dormitory,Direct,5,1,3247.57,False,3247.57
B02269,2025-11-10,2025-11-15,2025-11-18,Camping Tent,Direct,5,3,4291.02,False,12873.06
B02270,2025-10-28,2025-11-15,2025-11-16,Camping Tent,Direct,18,1,3822.98,False,3822.98
B02271,2025-10-05,2025-11-16,2025-11-17,Cottage,Agoda,42,1,7674.58,True,7674.58
B02272,2025-11-01,2025-11-16,2025-11-18,Cottage,Booking.com,15,2,7159.14,False,14318.28
B02273,2025-10-29,2025-11-16,2025-11-17,Cottage,Agoda,18,1,7708.08,False,7708.08
B02274,2025-10-16,2025-11-16,2025-11-18,Cottage,Agoda,31,2,7407.71,False,14815.42
B02275,2025-11-13,2025-11-16,2025-11-18,Cottage,Direct,3,2,7575.04,False,15150.08
B02276,2025-10-29,2025-11-16,2025-11-17,Cottage,Booking.com,18,1,6950.31,False,6950.31
B02277,2025-11-02,2025-11-16,2025-11-17,Cottage,Agoda,14,1,7352.61,True,7352.61
B02278,2025-11-03,2025-11-16,2025-11-18,Cottage,Booking.com,13,2,7352.66,True,14705.32
B02279,2025-11-07,2025-11-16,2025-11-17,Villa,Direct,9,1,14681.08,False,14681.08
B02280,2025-10-14,2025-11-16,2025-11-18,Dormitory,Agoda,33,2,3006.32,False,6012.64
B02281,2025-10-27,2025-11-16,2025-11-19,Dormitory,Booking.com,20,3,3081.47,True,9244.41
B02282,2025-10-31,2025-11-16,2025-11-17,Camping Tent,MakeMyTrip,16,1,4092.86,False,4092.86
B02283,2025-10-28,2025-11-17,2025-11-19,Cottage,Booking.com,20,2,6678.54,False,13357.08
B02284,2025-11-02,2025-11-17,2025-11-20,Cottage,MakeMyTrip,15,3,6894.7,False,20684.1
B02285,2025-11-05,2025-11-17,2025-11-18,Cottage,Direct,12,1,6947.74,False,6947.74
B02286,2025-10-26,2025-11-17,2025-11-18,Cottage,Booking.com,22,1,6649.29,False,6649.29
B02287,2025-11-17,2025-11-17,2025-11-18,Cottage,Direct,0,1,6421.57,False,6421.57
B02288,2025-11-01,2025-11-17,2025-11-19,Dormitory,Booking.com,16,2,2962.18,False,5924.36
B02289,2025-10-20,2025-11-17,2025-11-20,Dormitory,Direct,28,3,2810.64,False,8431.92
B02290,2025-10-22,2025-11-17,2025-11-19,Camping Tent,Booking.com,26,2,3562.25,False,7124.5
B02291,2025-11-01,2025-11-18,2025-11-22,Cottage,MakeMyTrip,17,4,6363.22,False,25452.88
B02292,2025-10-26,2025-11-18,2025-11-19,Cottage,Agoda,23,1,6706.24,False,6706.24
B02293,2025-10-09,2025-11-18,2025-11-20,Cottage,Booking.com,40,2,6262.56,False,12525.12
B02294,2025-10-25,2025-11-18,2025-11-19,Cottage,MakeMyTrip,24,1,7189.19,True,7189.19
B02295,2025-11-05,2025-11-18,2025-11-19,Cottage,Booking.com,13,1,6423.03,False,6423.03
B02296,2025-11-14,2025-11-18,2025-11-20,Cottage,Direct,4,2,6666.44,False,13332.88
B02297,2025-10-24,2025-11-18,2025-11-20,Dormitory,MakeMyTrip,25,2,3108.82,False,6217.64
B02298,2025-11-05,2025-11-18,2025-11-20,Camping Tent,Booking.com,13,2,3471.65,False,6943.3
B02299,2025-11-01,2025-11-19,2025-11-21,Cottage,Booking.com,18,2,6992.7,False,13985.4
B02300,2025-10-27,2025-11-19,2025-11-21,Cottage,MakeMyTrip,23,2,6776.69,False,13553.38
B02301,2025-11-11,2025-11-19,2025-11-20,Cottage,Direct,8,1,6361.81,False,6361.81
B02302,2025-11-14,2025-11-19,2025-11-21,Cottage,Direct,5,2,6610.02,False,13220.04
B02303,2025-11-05,2025-11-19,2025-11-22,Cottage,MakeMyTrip,14,3,6365.59,False,19096.77
B02304,2025-11-15,2025-11-19,2025-11-20,Cottage,Direct,4,1,6947.99,False,6947.99
B02305,2025-10-22,2025-11-19,2025-11-22,Cottage,MakeMyTrip,28,3,6453.2,False,19359.6
B02306,2025-10-22,2025-11-19,2025-11-20,Cottage,Direct,28,1,5925.51,False,5925.51
B02307,2025-11-01,2025-11-19,2025-11-20,Dormitory,Booking.com,18,1,3186.54,False,3186.54
B02308,2025-11-12,2025-11-19,2025-11-21,Dormitory,Direct,7,2,2978.42,False,5956.84
B02309,2025-10-19,2025-11-19,2025-11-21,Camping Tent,Booking.com,31,2,3695.13,False,7390.26
B02310,2025-11-14,2025-11-20,2025-11-21,Cottage,Direct,6,1,6354.96,True,6354.96
B02311,2025-11-18,2025-11-20,2025-11-21,Cottage,Direct,2,1,6213.62,False,6213.62
B02312,2025-11-15,2025-11-20,2025-11-21,Cottage,Direct,5,1,6557.59,False,6557.59
B02313,2025-10-28,2025-11-20,2025-11-21,Cottage,MakeMyTrip,23,1,6399.47,False,6399.47
B02314,2025-11-07,2025-11-20,2025-11-22,Cottage,Booking.com,13,2,5893.12,False,11786.24
B02315,2025-10-22,2025-11-20,2025-11-22,Cottage,MakeMyTrip,29,2,6215.36,False,12430.72
B02316,2025-11-18,2025-11-20,2025-11-21,Cottage,Direct,2,1,6833.43,False,6833.43
B02317,2025-10-31,2025-11-20,2025-11-22,Villa,Booking.com,20,2,14190.41,False,28380.82
B02318,2025-10-30,2025-11-20,2025-11-21,Dormitory,Booking.com,21,1,2943.64,False,2943.64
B02319,2025-11-06,2025-11-20,2025-11-21,Dormitory,Booking.com,14,1,2714.06,False,2714.06
B02320,2025-11-07,2025-11-20,2025-11-21,Camping Tent,Direct,13,1,3663.46,False,3663.46
B02321,2025-11-16,2025-11-20,2025-11-22,Camping Tent,Direct,4,2,3521.37,False,7042.74
B02322,2025-11-09,2025-11-21,2025-11-24,Cottage,Agoda,12,3,6613.16,False,19839.48
B02323,2025-11-17,2025-11-21,2025-11-22,Cottage,Direct,4,1,8030.3,False,8030.3
B02324,2025-10-31,2025-11-21,2025-11-22,Cottage,Agoda,21,1,7058.76,False,7058.76
B02325,2025-10-31,2025-11-21,2025-11-22,Cottage,MakeMyTrip,21,1,7848.47,False,7848.47
B02326,2025-10-28,2025-11-21,2025-11-25,Cottage,Booking.com,24,4,7830.48,False,31321.92
B02327,2025-11-02,2025-11-21,2025-11-22,Cottage,Booking.com,19,1,7253.9,False,7253.9
B02328,2025-11-04,2025-11-21,2025-11-22,Cottage,Direct,17,1,7218.46,False,7218.46
B02329,2025-11-16,2025-11-21,2025-11-22,Villa,Direct,5,1,14820.57,False,14820.57
B02330,2025-11-01,2025-11-21,2025-11-22,Dormitory,Agoda,20,1,3398.23,False,3398.23
B02331,2025-11-04,2025-11-21,2025-11-23,Camping Tent,MakeMyTrip,17,2,3854.67,False,7709.34
B02332,2025-10-08,2025-11-21,2025-11-23,Camping Tent,MakeMyTrip,44,2,4113.97,False,8227.94
B02333,2025-11-09,2025-11-22,2025-11-23,Cottage,Direct,13,1,6774.36,False,6774.36
B02334,2025-11-07,2025-11-22,2025-11-24,Cottage,Direct,15,2,7926.32,False,15852.64
B02335,2025-11-07,2025-11-22,2025-11-23,Cottage,Agoda,15,1,7488.27,False,7488.27
B02336,2025-11-09,2025-11-22,2025-11-24,Cottage,Direct,13,2,7148.01,False,14296.02
B02337,2025-11-12,2025-11-22,2025-11-23,Cottage,Agoda,10,1,7273.28,False,7273.28
B02338,2025-11-01,2025-11-22,2025-11-24,Cottage,Booking.com,21,2,7504.71,False,15009.42
B02339,2025-11-05,2025-11-22,2025-11-24,Cottage,Agoda,17,2,7316.14,False,14632.28
B02340,2025-11-14,2025-11-22,2025-11-23,Villa,MakeMyTrip,8,1,14876.37,False,14876.37
B02341,2025-11-03,2025-11-22,2025-11-24,Dormitory,Direct,19,2,2978.77,False,5957.54
B02342,2025-11-09,2025-11-22,2025-11-25,Dormitory,Direct,13,3,3257.29,False,9771.87
B02343,2025-11-14,2025-11-22,2025-11-24,Camping Tent,Direct,8,2,4094.06,False,8188.12
B02344,2025-10-28,2025-11-22,2025-11-24,Camping Tent,MakeMyTrip,25,2,3795.18,True,7590.36
B02345,2025-11-04,2025-11-23,2025-11-25,Cottage,MakeMyTrip,19,2,7891.37,False,15782.74
B02346,2025-11-04,2025-11-23,2025-11-25,Cottage,MakeMyTrip,19,2,7041.63,False,14083.26
B02347,2025-11-15,2025-11-23,2025-11-27,Cottage,Direct,8,4,7587.81,False,30351.24
B02348,2025-11-13,2025-11-23,2025-11-25,Cottage,MakeMyTrip,10,2,7961.56,False,15923.12
B02349,2025-11-03,2025-11-23,2025-11-26,Cottage,Booking.com,20,3,7506.42,False,22519.26
B02350,2025-10-24,2025-11-23,2025-11-24,Cottage,MakeMyTrip,30,1,7733.01,False,7733.01
B02351,2025-11-12,2025-11-23,2025-11-24,Cottage,Agoda,11,1,7348.46,True,7348.46
B02352,2025-11-08,2025-11-23,2025-11-26,Villa,Booking.com,15,3,14775.76,False,44327.28
B02353,2025-11-12,2025-11-23,2025-11-24,Dormitory,Agoda,11,1,3052.99,False,3052.99
B02354,2025-11-06,2025-11-23,2025-11-27,Dormitory,Direct,17,4,3304.43,False,13217.72
B02355,2025-10-16,2025-11-23,2025-11-24,Camping Tent,Direct,38,1,3744.21,False,3744.21
B02356,2025-11-09,2025-11-23,2025-11-24,Camping Tent,Agoda,14,1,4104.64,True,4104.64
B02357,2025-11-07,2025-11-24,2025-11-27,Cottage,Booking.com,17,3,6107.41,False,18322.23
B02358,2025-11-12,2025-11-24,2025-11-27,Cottage,Booking.com,12,3,6925.11,True,20775.33
B02359,2025-11-13,2025-11-24,2025-11-25,Cottage,Agoda,11,1,6667.08,False,6667.08
B02360,2025-11-03,2025-11-24,2025-11-25,Cottage,Agoda,21,1,6907.42,False,6907.42
B02361,2025-11-16,2025-11-24,2025-11-27,Cottage,Direct,8,3,6717.26,False,20151.78
B02362,2025-11-13,2025-11-24,2025-11-25,Dormitory,MakeMyTrip,11,1,2898.77,False,2898.77
B02363,2025-11-15,2025-11-24,2025-11-26,Camping Tent,MakeMyTrip,9,2,3631.45,True,7262.9
B02364,2025-11-16,2025-11-25,2025-11-28,Cottage,Direct,9,3,6826.46,False,20479.38
B02365,2025-11-02,2025-11-25,2025-11-27,Cottage,Direct,23,2,6713.44,False,13426.88
B02366,2025-11-12,2025-11-25,2025-11-26,Cottage,MakeMyTrip,13,1,6646.75,False,6646.75
B02367,2025-11-07,2025-11-25,2025-11-28,Cottage,Agoda,18,3,6481.26,False,19443.78
B02368,2025-11-06,2025-11-25,2025-11-28,Cottage,MakeMyTrip,19,3,6904.63,False,20713.89
B02369,2025-11-02,2025-11-25,2025-11-26,Cottage,Agoda,23,1,6091.78,False,6091.78
B02370,2025-11-11,2025-11-25,2025-11-27,Cottage,Booking.com,14,2,6780.23,False,13560.46
B02371,2025-11-07,2025-11-25,2025-11-27,Dormitory,Booking.com,18,2,2730.77,False,5461.54
B02372,2025-11-07,2025-11-26,2025-11-28,Cottage,MakeMyTrip,19,2,7214.07,True,14428.14
B02373,2025-10-26,2025-11-26,2025-11-30,Cottage,Direct,31,4,6785.53,False,27142.12
B02374,2025-11-14,2025-11-26,2025-11-27,Cottage,Direct,12,1,6637.68,False,6637.68
B02375,2025-11-07,2025-11-26,2025-11-28,Cottage,MakeMyTrip,19,2,6811.5,False,13623.0
B02376,2025-11-18,2025-11-26,2025-11-27,Cottage,Direct,8,1,6596.07,False,6596.07
B02377,2025-11-11,2025-11-26,2025-11-28,Cottage,Direct,15,2,6337.52,False,12675.04
B02378,2025-11-12,2025-11-26,2025-11-30,Cottage,Agoda,14,4,6786.44,False,27145.76
B02379,2025-11-11,2025-11-26,2025-11-28,Dormitory,MakeMyTrip,15,2,2751.64,False,5503.28
B02380,2025-11-03,2025-11-26,2025-11-28,Dormitory,MakeMyTrip,23,2,2768.7,False,5537.4
B02381,2025-11-09,2025-11-26,2025-11-27,Camping Tent,Booking.com,17,1,3764.86,False,3764.86
B02382,2025-11-15,2025-11-27,2025-11-30,Cottage,Direct,12,3,6747.38,False,20242.14
B02383,2025-11-19,2025-11-27,2025-11-28,Cottage,Direct,8,1,6473.92,False,6473.92
B02384,2025-11-05,2025-11-27,2025-11-28,Cottage,Direct,22,1,6694.84,False,6694.84
B02385,2025-11-12,2025-11-27,2025-11-28,Cottage,Direct,15,1,7210.87,False,7210.87
B02386,2025-11-19,2025-11-27,2025-11-28,Cottage,Direct,8,1,6880.69,False,6880.69
B02387,2025-10-31,2025-11-27,2025-11-29,Cottage,Booking.com,27,2,5674.26,False,11348.52
B02388,2025-11-09,2025-11-27,2025-11-30,Cottage,MakeMyTrip,18,3,6374.18,False,19122.54
B02389,2025-11-07,2025-11-27,2025-11-28,Cottage,Direct,20,1,6918.49,False,6918.49
B02390,2025-11-13,2025-11-27,2025-11-30,Dormitory,MakeMyTrip,14,3,2778.35,False,8335.05
B02391,2025-11-19,2025-11-27,2025-11-28,Dormitory,Direct,8,1,2843.73,False,2843.73
B02392,2025-11-07,2025-11-28,2025-12-01,Cottage,MakeMyTrip,21,3,7584.29,False,22752.87
B02393,2025-11-08,2025-11-28,2025-12-01,Cottage,Booking.com,20,3,6677.69,True,20033.07
B02394,2025-11-15,2025-11-28,2025-11-29,Cottage,Agoda,13,1,7900.01,False,7900.01
B02395,2025-10-25,2025-11-28,2025-11-30,Cottage,Direct,34,2,7487.18,False,14974.36
B02396,2025-11-16,2025-11-28,2025-11-30,Cottage,MakeMyTrip,12,2,7581.17,False,15162.34
B02397,2025-11-14,2025-11-28,2025-11-30,Cottage,Direct,14,2,7712.95,False,15425.9
B02398,2025-11-21,2025-11-28,2025-11-30,Cottage,Direct,7,2,7929.99,True,15859.98
B02399,2025-11-20,2025-11-28,2025-11-30,Villa,Direct,8,2,14160.94,False,28321.88
B02400,2025-11-23,2025-11-28,2025-11-29,Dormitory,Direct,5,1,2877.5,False,2877.5
B02401,2025-11-19,2025-11-28,2025-11-29,Dormitory,Direct,9,1,2991.09,False,2991.09
B02402,2025-11-14,2025-11-28,2025-12-01,Camping Tent,Booking.com,14,3,4047.52,False,12142.56
B02403,2025-11-09,2025-11-29,2025-11-30,Cottage,Direct,20,1,7543.94,False,7543.94
B02404,2025-11-07,2025-11-29,2025-11-30,Cottage,Booking.com,22,1,7008.5,False,7008.5
B02405,2025-11-15,2025-11-29,2025-11-30,Cottage,MakeMyTrip,14,1,7377.08,True,7377.08
B02406,2025-11-03,2025-11-29,2025-12-03,Cottage,Agoda,26,4,7647.41,False,30589.64
B02407,2025-11-15,2025-11-29,2025-12-02,Cottage,Direct,14,3,7639.74,False,22919.22
B02408,2025-11-24,2025-11-29,2025-11-30,Cottage,Direct,5,1,7539.32,False,7539.32
B02409,2025-11-13,2025-11-29,2025-12-03,Cottage,Direct,16,4,7804.86,False,31219.44
B02410,2025-11-26,2025-11-29,2025-11-30,Cottage,Direct,3,1,7893.97,False,7893.97
B02411,2025-11-18,2025-11-29,2025-12-01,Villa,Direct,11,2,13881.61,False,27763.22
B02412,2025-11-19,2025-11-29,2025-11-30,Dormitory,Direct,10,1,3034.14,False,3034.14
B02413,2025-11-25,2025-11-29,2025-11-30,Dormitory,Direct,4,1,3209.63,False,3209.63
B02414,2025-11-17,2025-11-29,2025-11-30,Camping Tent,Direct,12,1,4421.72,False,4421.72
B02415,2025-11-14,2025-11-30,2025-12-03,Cottage,Direct,16,3,7906.81,False,23720.43
B02416,2025-11-21,2025-11-30,2025-12-01,Cottage,Direct,9,1,7628.66,False,7628.66
B02417,2025-11-17,2025-11-30,2025-12-01,Cottage,Booking.com,13,1,6482.26,False,6482.26
B02418,2025-11-18,2025-11-30,2025-12-03,Cottage,Direct,12,3,7537.26,False,22611.78
B02419,2025-11-09,2025-11-30,2025-12-01,Cottage,MakeMyTrip,21,1,7457.97,False,7457.97
B02420,2025-11-21,2025-11-30,2025-12-01,Cottage,MakeMyTrip,9,1,7871.92,False,7871.92
B02421,2025-10-20,2025-11-30,2025-12-01,Cottage,MakeMyTrip,41,1,7630.6,False,7630.6
B02422,2025-11-14,2025-11-30,2025-12-02,Cottage,Booking.com,16,2,7683.32,False,15366.64
B02423,2025-11-14,2025-11-30,2025-12-02,Villa,MakeMyTrip,16,2,14852.36,False,29704.72
B02424,2025-10-23,2025-11-30,2025-12-02,Dormitory,Booking.com,38,2,3073.89,False,6147.78
B02425,2025-11-21,2025-11-30,2025-12-03,Dormitory,Agoda,9,3,3260.88,False,9782.64
B02426,2025-11-25,2025-11-30,2025-12-04,Camping Tent,Direct,5,4,3929.17,False,15716.68
B02427,2025-11-19,2025-11-30,2025-12-04,Camping Tent,Agoda,11,4,4099.89,True,16399.56
B02428,2025-11-14,2025-12-01,2025-12-04,Cottage,MakeMyTrip,17,3,7494.92,False,22484.76
B02429,2025-10-19,2025-12-01,2025-12-05,Cottage,Booking.com,43,4,8197.95,False,32791.8
B02430,2025-11-09,2025-12-01,2025-12-02,Cottage,MakeMyTrip,22,1,6955.56,False,6955.56
B02431,2025-11-17,2025-12-01,2025-12-05,Cottage,Direct,14,4,6542.86,False,26171.44
B02432,2025-11-09,2025-12-01,2025-12-02,Cottage,Booking.com,22,1,7135.55,False,7135.55
B02433,2025-11-20,2025-12-01,2025-12-02,Cottage,MakeMyTrip,11,1,7396.84,False,7396.84
B02434,2025-11-14,2025-12-01,2025-12-02,Cottage,Booking.com,17,1,7271.74,False,7271.74
B02435,2025-11-19,2025-12-01,2025-12-05,Cottage,Direct,12,4,6948.25,False,27793.0
B02436,2025-11-13,2025-12-01,2025-12-04,Villa,Direct,18,3,14630.77,False,43892.31
B02437,2025-11-02,2025-12-01,2025-12-02,Dormitory,Booking.com,29,1,3232.02,True,3232.02
B02438,2025-11-13,2025-12-01,2025-12-04,Camping Tent,Agoda,18,3,3948.4,False,11845.2
B02439,2025-11-21,2025-12-02,2025-12-04,Cottage,MakeMyTrip,11,2,7029.99,False,14059.98
B02440,2025-11-13,2025-12-02,2025-12-03,Cottage,Booking.com,19,1,6979.84,True,6979.84
B02441,2025-11-18,2025-12-02,2025-12-04,Cottage,Booking.com,14,2,7104.21,False,14208.42
B02442,2025-11-30,2025-12-02,2025-12-04,Cottage,Direct,2,2,7356.62,True,14713.24
B02443,2025-11-22,2025-12-02,2025-12-03,Cottage,Direct,10,1,7853.41,False,7853.41
B02444,2025-11-03,2025-12-02,2025-12-05,Cottage,MakeMyTrip,29,3,6482.39,False,19447.17
B02445,2025-11-03,2025-12-02,2025-12-03,Villa,MakeMyTrip,29,1,15632.18,False,15632.18
B02446,2025-10-08,2025-12-02,2025-12-05,Dormitory,Booking.com,55,3,3104.38,False,9313.14
B02447,2025-11-16,2025-12-02,2025-12-03,Dormitory,Agoda,16,1,2985.96,False,2985.96
B02448,2025-11-06,2025-12-03,2025-12-06,Cottage,MakeMyTrip,27,3,7483.15,False,22449.45
B02449,2025-11-15,2025-12-03,2025-12-05,Cottage,MakeMyTrip,18,2,7164.58,False,14329.16
B02450,2025-11-23,2025-12-03,2025-12-04,Cottage,Booking.com,10,1,8488.06,False,8488.06
B02451,2025-11-14,2025-12-03,2025-12-05,Cottage,MakeMyTrip,19,2,6898.38,False,13796.76
B02452,2025-11-24,2025-12-03,2025-12-04,Cottage,MakeMyTrip,9,1,7496.89,False,7496.89
B02453,2025-11-13,2025-12-03,2025-12-04,Cottage,MakeMyTrip,20,1,8109.38,False,8109.38
B02454,2025-10-26,2025-12-03,2025-12-05,Cottage,MakeMyTrip,38,2,7098.79,False,14197.58
B02455,2025-11-09,2025-12-03,2025-12-05,Villa,Direct,24,2,13923.74,False,27847.48
B02456,2025-10-13,2025-12-03,2025-12-04,Dormitory,Direct,51,1,3224.69,False,3224.69
B02457,2025-11-20,2025-12-03,2025-12-04,Dormitory,Booking.com,13,1,2971.6,True,2971.6
B02458,2025-11-16,2025-12-03,2025-12-06,Camping Tent,Booking.com,17,3,4026.05,False,12078.15
B02459,2025-11-24,2025-12-04,2025-12-06,Cottage,Direct,10,2,7479.72,False,14959.44
B02460,2025-11-21,2025-12-04,2025-12-05,Cottage,MakeMyTrip,13,1,7276.32,False,7276.32
B02461,2025-11-30,2025-12-04,2025-12-06,Cottage,Direct,4,2,7076.37,False,14152.74
B02462,2025-11-16,2025-12-04,2025-12-06,Cottage,Agoda,18,2,6409.61,False,12819.22
B02463,2025-11-14,2025-12-04,2025-12-05,Cottage,Booking.com,20,1,7367.57,True,7367.57
B02464,2025-11-07,2025-12-04,2025-12-06,Cottage,Booking.com,27,2,7370.79,False,14741.58
B02465,2025-11-18,2025-12-04,2025-12-05,Villa,Direct,16,1,14446.35,False,14446.35
B02466,2025-11-19,2025-12-04,2025-12-06,Dormitory,Agoda,15,2,2936.89,False,5873.78
B02467,2025-11-24,2025-12-04,2025-12-07,Dormitory,Direct,10,3,2945.22,False,8835.66
B02468,2025-11-22,2025-12-05,2025-12-07,Cottage,Booking.com,13,2,8760.12,False,17520.24
B02469,2025-11-08,2025-12-05,2025-12-07,Cottage,MakeMyTrip,27,2,8070.81,False,16141.62
B02470,2025-11-19,2025-12-05,2025-12-06,Cottage,MakeMyTrip,16,1,7899.03,False,7899.03
B02471,2025-11-24,2025-12-05,2025-12-08,Cottage,Direct,11,3,7259.6,False,21778.8
B02472,2025-11-15,2025-12-05,2025-12-07,Cottage,Agoda,20,2,8026.28,False,16052.56
B02473,2025-12-05,2025-12-05,2025-12-07,Cottage,Direct,0,2,7988.36,False,15976.72
B02474,2025-11-26,2025-12-05,2025-12-07,Cottage,Direct,9,2,7630.5,False,15261.0
B02475,2025-11-22,2025-12-05,2025-12-07,Villa,Booking.com,13,2,16162.45,False,32324.9
B02476,2025-11-19,2025-12-05,2025-12-06,Dormitory,Booking.com,16,1,3437.45,False,3437.45
B02477,2025-11-20,2025-12-05,2025-12-06,Dormitory,Agoda,15,1,3341.25,False,3341.25
B02478,2025-11-17,2025-12-05,2025-12-08,Camping Tent,Booking.com,18,3,4761.31,False,14283.93
B02479,2025-11-04,2025-12-05,2025-12-06,Camping Tent,MakeMyTrip,31,1,4506.83,False,4506.83
B02480,2025-10-31,2025-12-06,2025-12-08,Cottage,MakeMyTrip,36,2,8461.91,False,16923.82
B02481,2025-11-21,2025-12-06,2025-12-09,Cottage,MakeMyTrip,15,3,8025.07,False,24075.21
B02482,2025-11-13,2025-12-06,2025-12-08,Cottage,MakeMyTrip,23,2,8011.11,False,16022.22
B02483,2025-11-13,2025-12-06,2025-12-08,Cottage,Booking.com,23,2,8315.21,False,16630.42
B02484,2025-10-23,2025-12-06,2025-12-07,Cottage,MakeMyTrip,44,1,8456.67,False,8456.67
B02485,2025-10-30,2025-12-06,2025-12-08,Cottage,Direct,37,2,8154.36,False,16308.72
B02486,2025-11-12,2025-12-06,2025-12-09,Cottage,Direct,24,3,8859.78,False,26579.34
B02487,2025-11-25,2025-12-06,2025-12-09,Cottage,MakeMyTrip,11,3,8279.19,False,24837.57
B02488,2025-11-20,2025-12-06,2025-12-07,Villa,Direct,16,1,17096.88,False,17096.88
B02489,2025-12-03,2025-12-06,2025-12-09,Dormitory,Direct,3,3,3349.37,False,10048.11
B02490,2025-11-26,2025-12-06,2025-12-07,Dormitory,Booking.com,10,1,3384.35,False,3384.35
B02491,2025-11-24,2025-12-06,2025-12-08,Camping Tent,Agoda,12,2,4491.97,False,8983.94
B02492,2025-11-11,2025-12-06,2025-12-08,Camping Tent,MakeMyTrip,25,2,4328.43,False,8656.86
B02493,2025-11-24,2025-12-07,2025-12-09,Cottage,Direct,13,2,8180.14,False,16360.28
B02494,2025-10-18,2025-12-07,2025-12-08,Cottage,Direct,50,1,7376.49,False,7376.49
B02495,2025-11-13,2025-12-07,2025-12-09,Cottage,MakeMyTrip,24,2,7855.16,False,15710.32
B02496,2025-11-22,2025-12-07,2025-12-08,Cottage,MakeMyTrip,15,1,7651.39,False,7651.39
B02497,2025-11-22,2025-12-07,2025-12-10,Cottage,Direct,15,3,8082.2,False,24246.6
B02498,2025-11-28,2025-12-07,2025-12-09,Cottage,Direct,9,2,7734.67,False,15469.34
B02499,2025-11-28,2025-12-07,2025-12-09,Cottage,Direct,9,2,8747.93,False,17495.86
B02500,2025-11-27,2025-12-07,2025-12-08,Villa,Direct,10,1,16247.87,False,16247.87
B02501,2025-11-28,2025-12-07,2025-12-08,Dormitory,Direct,9,1,3527.22,True,3527.22
B02502,2025-11-20,2025-12-07,2025-12-09,Dormitory,MakeMyTrip,17,2,3312.2,True,6624.4
B02503,2025-10-23,2025-12-07,2025-12-09,Camping Tent,MakeMyTrip,45,2,4641.61,False,9283.22
B02504,2025-11-20,2025-12-07,2025-12-09,Camping Tent,MakeMyTrip,17,2,4119.33,False,8238.66
B02505,2025-11-01,2025-12-08,2025-12-09,Cottage,MakeMyTrip,37,1,7353.54,True,7353.54
B02506,2025-11-25,2025-12-08,2025-12-09,Cottage,MakeMyTrip,13,1,7433.52,False,7433.52
B02507,2025-11-18,2025-12-08,2025-12-11,Cottage,Booking.com,20,3,6576.13,False,19728.39
B02508,2025-11-20,2025-12-08,2025-12-11,Cottage,Booking.com,18,3,7182.11,False,21546.33
B02509,2025-12-03,2025-12-08,2025-12-11,Cottage,Direct,5,3,6898.88,False,20696.64
B02510,2025-11-19,2025-12-08,2025-12-10,Villa,Direct,19,2,15011.01,False,30022.02
B02511,2025-11-26,2025-12-08,2025-12-09,Dormitory,Booking.com,12,1,2660.84,False,2660.84
B02512,2025-11-20,2025-12-08,2025-12-11,Dormitory,Booking.com,18,3,2891.16,True,8673.48
B02513,2025-11-25,2025-12-08,2025-12-09,Camping Tent,MakeMyTrip,13,1,3613.03,False,3613.03
B02514,2025-11-22,2025-12-09,2025-12-10,Cottage,Booking.com,17,1,7123.79,False,7123.79
B02515,2025-11-29,2025-12-09,2025-12-10,Cottage,Direct,10,1,7520.12,True,7520.12
B02516,2025-11-11,2025-12-09,2025-12-12,Cottage,Direct,28,3,6880.64,False,20641.92
B02517,2025-11-25,2025-12-09,2025-12-10,Cottage,Booking.com,14,1,7131.58,False,7131.58
B02518,2025-11-28,2025-12-09,2025-12-12,Cottage,Direct,11,3,7295.78,False,21887.34
B02519,2025-11-27,2025-12-09,2025-12-11,Cottage,Direct,12,2,7310.95,False,14621.9
B02520,2025-11-27,2025-12-09,2025-12-11,Villa,Direct,12,2,15023.42,False,30046.84
B02521,2025-11-12,2025-12-09,2025-12-10,Dormitory,MakeMyTrip,27,1,2963.45,False,2963.45
B02522,2025-11-21,2025-12-09,2025-12-10,Camping Tent,MakeMyTrip,18,1,4153.56,False,4153.56
B02523,2025-11-28,2025-12-10,2025-12-12,Cottage,Direct,12,2,7826.01,False,15652.02
B02524,2025-12-04,2025-12-10,2025-12-11,Cottage,Direct,6,1,7144.29,False,7144.29
B02525,2025-11-10,2025-12-10,2025-12-11,Cottage,Booking.com,30,1,7145.59,True,7145.59
B02526,2025-12-04,2025-12-10,2025-12-11,Cottage,Direct,6,1,7059.51,True,7059.51
B02527,2025-11-14,2025-12-10,2025-12-13,Cottage,Direct,26,3,7075.94,True,21227.82
B02528,2025-11-21,2025-12-10,2025-12-11,Villa,Direct,19,1,15983.12,False,15983.12
B02529,2025-12-03,2025-12-10,2025-12-12,Dormitory,Direct,7,2,3121.08,False,6242.16
B02530,2025-11-29,2025-12-10,2025-12-13,Dormitory,Booking.com,11,3,3142.26,False,9426.78
B02531,2025-12-01,2025-12-10,2025-12-12,Camping Tent,Direct,9,2,4219.15,False,8438.3
B02532,2025-11-22,2025-12-10,2025-12-12,Camping Tent,MakeMyTrip,18,2,3842.11,False,7684.22
B02533,2025-11-29,2025-12-11,2025-12-13,Cottage,MakeMyTrip,12,2,7384.92,False,14769.84
B02534,2025-12-05,2025-12-11,2025-12-12,Cottage,Direct,6,1,7151.02,False,7151.02
B02535,2025-12-01,2025-12-11,2025-12-14,Cottage,Booking.com,10,3,7327.19,False,21981.57
B02536,2025-11-28,2025-12-11,2025-12-12,Cottage,Booking.com,13,1,7099.5,False,7099.5
B02537,2025-11-07,2025-12-11,2025-12-13,Cottage,MakeMyTrip,34,2,6278.2,False,12556.4
B02538,2025-11-27,2025-12-11,2025-12-13,Cottage,Direct,14,2,6826.35,False,13652.7
B02539,2025-11-16,2025-12-11,2025-12-13,Dormitory,Agoda,25,2,3104.12,False,6208.24
B02540,2025-12-04,2025-12-11,2025-12-14,Dormitory,Direct,7,3,2930.84,False,8792.52
B02541,2025-11-14,2025-12-11,2025-12-12,Camping Tent,Booking.com,27,1,3478.32,True,3478.32
B02542,2025-11-24,2025-12-11,2025-12-13,Camping Tent,Booking.com,17,2,4123.97,False,8247.94
B02543,2025-12-03,2025-12-12,2025-12-14,Cottage,Booking.com,9,2,8656.62,False,17313.24
B02544,2025-11-23,2025-12-12,2025-12-13,Cottage,Direct,19,1,7330.15,False,7330.15
B02545,2025-12-04,2025-12-12,2025-12-15,Cottage,Direct,8,3,7774.19,False,23322.57
B02546,2025-11-20,2025-12-12,2025-12-14,Cottage,Booking.com,22,2,8119.39,False,16238.78
B02547,2025-12-07,2025-12-12,2025-12-16,Cottage,Direct,5,4,8343.55,False,33374.2
B02548,2025-11-12,2025-12-12,2025-12-14,Cottage,MakeMyTrip,30,2,8198.54,False,16397.08
B02549,2025-11-22,2025-12-12,2025-12-15,Cottage,Booking.com,20,3,8428.42,False,25285.26
B02550,2025-12-02,2025-12-12,2025-12-14,Villa,MakeMyTrip,10,2,18039.79,True,36079.58
B02551,2025-11-05,2025-12-12,2025-12-14,Dormitory,Booking.com,37,2,3459.99,False,6919.98
B02552,2025-11-30,2025-12-12,2025-12-13,Dormitory,MakeMyTrip,12,1,3515.6,False,3515.6
B02553,2025-11-23,2025-12-12,2025-12-13,Camping Tent,MakeMyTrip,19,1,4222.71,False,4222.71
B02554,2025-11-19,2025-12-13,2025-12-14,Cottage,Direct,24,1,9354.73,False,9354.73
B02555,2025-11-27,2025-12-13,2025-12-14,Cottage,Booking.com,16,1,7540.33,False,7540.33
B02556,2025-11-28,2025-12-13,2025-12-14,Cottage,Agoda,15,1,7941.56,False,7941.56
B02557,2025-11-24,2025-12-13,2025-12-15,Cottage,MakeMyTrip,19,2,8468.92,False,16937.84
B02558,2025-12-11,2025-12-13,2025-12-15,Cottage,Direct,2,2,7602.85,False,15205.7
B02559,2025-11-17,2025-12-13,2025-12-14,Cottage,MakeMyTrip,26,1,7976.17,False,7976.17
B02560,2025-11-29,2025-12-13,2025-12-14,Cottage,Agoda,14,1,8088.46,False,8088.46
B02561,2025-12-06,2025-12-13,2025-12-15,Cottage,Direct,7,2,8086.65,False,16173.3
B02562,2025-11-13,2025-12-13,2025-12-14,Villa,Direct,30,1,15968.34,False,15968.34
B02563,2025-11-01,2025-12-13,2025-12-16,Dormitory,Booking.com,42,3,3386.43,False,10159.29
B02564,2025-11-24,2025-12-13,2025-12-14,Dormitory,Direct,19,1,3348.83,False,3348.83
B02565,2025-11-28,2025-12-13,2025-12-17,Camping Tent,Booking.com,15,4,4473.54,False,17894.16
B02566,2025-10-01,2025-12-13,2025-12-16,Camping Tent,MakeMyTrip,73,3,4911.27,False,14733.81
B02567,2025-10-30,2025-12-14,2025-12-16,Cottage,Booking.com,45,2,8581.25,False,17162.5
B02568,2025-11-19,2025-12-14,2025-12-15,Cottage,MakeMyTrip,25,1,7832.75,False,7832.75
B02569,2025-11-19,2025-12-14,2025-12-16,Cottage,MakeMyTrip,25,2,7964.58,False,15929.16
B02570,2025-11-27,2025-12-14,2025-12-16,Cottage,MakeMyTrip,17,2,7725.09,False,15450.18
B02571,2025-12-02,2025-12-14,2025-12-16,Cottage,Direct,12,2,7657.1,False,15314.2
B02572,2025-12-06,2025-12-14,2025-12-15,Cottage,Direct,8,1,7909.53,False,7909.53
B02573,2025-11-28,2025-12-14,2025-12-15,Cottage,Agoda,16,1,8025.78,False,8025.78
B02574,2025-11-20,2025-12-14,2025-12-15,Cottage,Booking.com,24,1,8711.25,False,8711.25
B02575,2025-11-20,2025-12-14,2025-12-17,Villa,Direct,24,3,14669.21,False,44007.63
B02576,2025-11-25,2025-12-14,2025-12-15,Dormitory,Booking.com,19,1,3548.55,False,3548.55
B02577,2025-11-27,2025-12-14,2025-12-16,Dormitory,MakeMyTrip,17,2,4092.99,False,8185.98
B02578,2025-12-06,2025-12-14,2025-12-16,Camping Tent,MakeMyTrip,8,2,4319.28,False,8638.56
B02579,2025-11-13,2025-12-14,2025-12-17,Camping Tent,MakeMyTrip,31,3,4779.28,False,14337.84
B02580,2025-12-03,2025-12-15,2025-12-16,Cottage,MakeMyTrip,12,1,7632.49,False,7632.49
B02581,2025-12-12,2025-12-15,2025-12-17,Cottage,Direct,3,2,6492.5,False,12985.0
B02582,2025-11-28,2025-12-15,2025-12-17,Cottage,MakeMyTrip,17,2,7649.07,False,15298.14
B02583,2025-11-24,2025-12-15,2025-12-16,Cottage,MakeMyTrip,21,1,7684.29,False,7684.29
B02584,2025-11-24,2025-12-15,2025-12-17,Cottage,Direct,21,2,7288.22,False,14576.44
B02585,2025-12-10,2025-12-15,2025-12-18,Cottage,Direct,5,3,7286.08,False,21858.24
B02586,2025-12-10,2025-12-15,2025-12-16,Cottage,Direct,5,1,6959.59,False,6959.59
B02587,2025-11-28,2025-12-15,2025-12-18,Villa,Agoda,17,3,14658.6,True,43975.8
B02588,2025-11-20,2025-12-15,2025-12-18,Dormitory,MakeMyTrip,25,3,3025.5,False,9076.5
B02589,2025-12-12,2025-12-15,2025-12-16,Dormitory,Direct,3,1,2969.49,False,2969.49
B02590,2025-12-04,2025-12-15,2025-12-16,Camping Tent,Direct,11,1,4019.46,False,4019.46
B02591,2025-12-06,2025-12-16,2025-12-17,Cottage,Agoda,10,1,7052.65,False,7052.65
B02592,2025-12-09,2025-12-16,2025-12-18,Cottage,Direct,7,2,6786.72,False,13573.44
B02593,2025-11-03,2025-12-16,2025-12-19,Cottage,Booking.com,43,3,7132.66,False,21397.98
B02594,2025-12-01,2025-12-16,2025-12-17,Cottage,Direct,15,1,7773.15,False,7773.15
B02595,2025-11-11,2025-12-16,2025-12-18,Cottage,Direct,35,2,6890.39,False,13780.78
B02596,2025-11-28,2025-12-16,2025-12-18,Cottage,Direct,18,2,6884.96,False,13769.92
B02597,2025-12-08,2025-12-16,2025-12-18,Cottage,Booking.com,8,2,7851.75,False,15703.5
B02598,2025-12-12,2025-12-16,2025-12-19,Dormitory,Direct,4,3,3093.58,False,9280.74
B02599,2025-12-04,2025-12-16,2025-12-17,Dormitory,MakeMyTrip,12,1,3067.52,False,3067.52
B02600,2025-12-06,2025-12-16,2025-12-18,Camping Tent,Booking.com,10,2,3995.36,False,7990.72
B02601,2025-11-29,2025-12-16,2025-12-18,Camping Tent,MakeMyTrip,17,2,3957.0,False,7914.0
B02602,2025-11-21,2025-12-17,2025-12-20,Cottage,MakeMyTrip,26,3,7463.77,True,22391.31
B02603,2025-11-25,2025-12-17,2025-12-21,Cottage,Direct,22,4,7347.54,False,29390.16
B02604,2025-12-04,2025-12-17,2025-12-21,Cottage,MakeMyTrip,13,4,7015.83,False,28063.32
B02605,2025-12-07,2025-12-17,2025-12-18,Cottage,Booking.com,10,1,6786.77,False,6786.77
B02606,2025-12-04,2025-12-17,2025-12-19,Cottage,Booking.com,13,2,7371.59,False,14743.18
B02607,2025-11-29,2025-12-17,2025-12-20,Cottage,MakeMyTrip,18,3,7631.13,False,22893.39
B02608,2025-12-05,2025-12-17,2025-12-18,Villa,MakeMyTrip,12,1,14743.08,False,14743.08
B02609,2025-11-30,2025-12-17,2025-12-19,Dormitory,MakeMyTrip,17,2,3112.95,False,6225.9
B02610,2025-12-06,2025-12-17,2025-12-18,Camping Tent,MakeMyTrip,11,1,4173.34,False,4173.34
B02611,2025-12-02,2025-12-17,2025-12-19,Camping Tent,Direct,15,2,3783.02,False,7566.04
B02612,2025-12-12,2025-12-18,2025-12-19,Cottage,Direct,6,1,7251.05,False,7251.05
B02613,2025-11-23,2025-12-18,2025-12-20,Cottage,Booking.com,25,2,7303.11,False,14606.22
B02614,2025-12-05,2025-12-18,2025-12-19,Cottage,Direct,13,1,7263.94,False,7263.94
B02615,2025-12-09,2025-12-18,2025-12-20,Cottage,MakeMyTrip,9,2,7467.38,False,14934.76
B02616,2025-11-26,2025-12-18,2025-12-19,Cottage,Booking.com,22,1,7177.85,False,7177.85
B02617,2025-11-13,2025-12-18,2025-12-19,Cottage,Booking.com,35,1,7146.66,False,7146.66
B02618,2025-11-28,2025-12-18,2025-12-20,Cottage,Booking.com,20,2,7175.1,False,14350.2
B02619,2025-12-02,2025-12-18,2025-12-21,Villa,Direct,16,3,15358.45,False,46075.35
B02620,2025-12-06,2025-12-18,2025-12-20,Dormitory,Direct,12,2,2980.23,False,5960.46
B02621,2025-11-26,2025-12-18,2025-12-21,Camping Tent,MakeMyTrip,22,3,3897.56,False,11692.68
B02622,2025-12-01,2025-12-19,2025-12-20,Cottage,Direct,18,1,8507.11,False,8507.11
B02623,2025-11-29,2025-12-19,2025-12-23,Cottage,Booking.com,20,4,7813.14,False,31252.56
B02624,2025-11-28,2025-12-19,2025-12-20,Cottage,Agoda,21,1,8655.12,False,8655.12
B02625,2025-11-22,2025-12-19,2025-12-22,Cottage,Booking.com,27,3,7779.98,False,23339.94
B02626,2025-12-10,2025-12-19,2025-12-22,Cottage,Booking.com,9,3,8035.26,False,24105.78
B02627,2025-11-11,2025-12-19,2025-12-21,Cottage,Direct,38,2,7774.91,False,15549.82
B02628,2025-11-30,2025-12-19,2025-12-20,Cottage,Direct,19,1,7454.76,False,7454.76
B02629,2025-11-23,2025-12-19,2025-12-21,Cottage,MakeMyTrip,26,2,8090.89,True,16181.78
B02630,2025-12-06,2025-12-19,2025-12-20,Villa,Direct,13,1,15814.13,False,15814.13
B02631,2025-12-16,2025-12-19,2025-12-22,Dormitory,Direct,3,3,3279.95,False,9839.85
B02632,2025-12-02,2025-12-19,2025-12-21,Dormitory,MakeMyTrip,17,2,3335.75,True,6671.5
B02633,2025-12-02,2025-12-19,2025-12-20,Camping Tent,Booking.com,17,1,4613.63,False,4613.63
B02634,2025-12-11,2025-12-19,2025-12-20,Camping Tent,MakeMyTrip,8,1,4471.85,False,4471.85
B02635,2025-12-02,2025-12-20,2025-12-22,Cottage,MakeMyTrip,18,2,7415.15,False,14830.3
B02636,2025-12-15,2025-12-20,2025-12-21,Cottage,Direct,5,1,8086.39,False,8086.39
B02637,2025-11-26,2025-12-20,2025-12-23,Cottage,Booking.com,24,3,8416.52,True,25249.56
B02638,2025-12-06,2025-12-20,2025-12-21,Cottage,MakeMyTrip,14,1,7542.53,False,7542.53
B02639,2025-12-10,2025-12-20,2025-12-23,Cottage,Direct,10,3,8062.9,False,24188.7
B02640,2025-12-09,2025-12-20,2025-12-21,Cottage,Agoda,11,1,7922.63,False,7922.63
B02641,2025-12-06,2025-12-20,2025-12-22,Cottage,Booking.com,14,2,7542.43,False,15084.86
B02642,2025-12-08,2025-12-20,2025-12-21,Cottage,Booking.com,12,1,8414.93,False,8414.93
B02643,2025-11-30,2025-12-20,2025-12-21,Villa,Booking.com,20,1,16044.57,False,16044.57
B02644,2025-10-13,2025-12-20,2025-12-21,Dormitory,MakeMyTrip,68,1,3510.18,True,3510.18
B02645,2025-12-01,2025-12-20,2025-12-21,Dormitory,Agoda,19,1,3048.16,True,3048.16
B02646,2025-12-06,2025-12-20,2025-12-24,Camping Tent,Booking.com,14,4,4683.66,False,18734.64
B02647,2025-12-17,2025-12-20,2025-12-21,Camping Tent,Direct,3,1,4406.59,False,4406.59
B02648,2025-11-23,2025-12-21,2025-12-22,Cottage,MakeMyTrip,28,1,8069.14,False,8069.14
B02649,2025-11-07,2025-12-21,2025-12-24,Cottage,MakeMyTrip,44,3,7935.92,False,23807.76
B02650,2025-12-11,2025-12-21,2025-12-23,Cottage,Direct,10,2,8300.77,False,16601.54
B02651,2025-12-02,2025-12-21,2025-12-23,Cottage,Agoda,19,2,7832.47,False,15664.94
B02652,2025-12-12,2025-12-21,2025-12-23,Cottage,Direct,9,2,8220.96,False,16441.92
B02653,2025-11-24,2025-12-21,2025-12-22,Cottage,Booking.com,27,1,7835.64,False,7835.64
B02654,2025-12-08,2025-12-21,2025-12-24,Cottage,Booking.com,13,3,8781.64,False,26344.92
B02655,2025-11-30,2025-12-21,2025-12-23,Cottage,Booking.com,21,2,8029.32,False,16058.64
B02656,2025-12-11,2025-12-21,2025-12-25,Villa,Agoda,10,4,16016.58,False,64066.32
B02657,2025-12-20,2025-12-21,2025-12-22,Dormitory,Direct,1,1,3712.02,False,3712.02
B02658,2025-12-06,2025-12-21,2025-12-24,Dormitory,Booking.com,15,3,3384.02,False,10152.06
B02659,2025-12-05,2025-12-21,2025-12-23,Camping Tent,Booking.com,16,2,4398.72,True,8797.44
B02660,2025-12-04,2025-12-21,2025-12-23,Camping Tent,Booking.com,17,2,4753.32,False,9506.64
B02661,2025-11-04,2025-12-22,2025-12-23,Cottage,MakeMyTrip,48,1,7289.45,False,7289.45
B02662,2025-12-06,2025-12-22,2025-12-24,Cottage,Direct,16,2,6878.39,False,13756.78
B02663,2025-12-19,2025-12-22,2025-12-25,Cottage,Direct,3,3,6333.87,True,19001.61
B02664,2025-12-06,2025-12-22,2025-12-24,Cottage,Booking.com,16,2,7393.84,False,14787.68
B02665,2025-12-02,2025-12-22,2025-12-23,Cottage,Booking.com,20,1,6765.61,False,6765.61
B02666,2025-12-03,2025-12-22,2025-12-24,Cottage,MakeMyTrip,19,2,7557.41,True,15114.82
B02667,2025-12-20,2025-12-22,2025-12-25,Villa,Direct,2,3,14496.58,False,43489.74
B02668,2025-11-05,2025-12-22,2025-12-24,Dormitory,Booking.com,47,2,3257.03,True,6514.06
B02669,2025-12-07,2025-12-22,2025-12-23,Dormitory,MakeMyTrip,15,1,3201.55,True,3201.55
B02670,2025-12-05,2025-12-22,2025-12-23,Camping Tent,MakeMyTrip,17,1,3988.23,False,3988.23
B02671,2025-12-09,2025-12-22,2025-12-26,Camping Tent,Booking.com,13,4,3929.04,False,15716.16
B02672,2025-12-09,2025-12-23,2025-12-26,Cottage,Direct,14,3,7074.49,False,21223.47
B02673,2025-11-28,2025-12-23,2025-12-24,Cottage,Direct,25,1,7445.14,False,7445.14
B02674,2025-12-11,2025-12-23,2025-12-25,Cottage,Direct,12,2,7592.16,False,15184.32
B02675,2025-11-27,2025-12-23,2025-12-25,Cottage,Direct,26,2,7483.53,False,14967.06
B02676,2025-12-15,2025-12-23,2025-12-27,Cottage,Agoda,8,4,7420.1,False,29680.4
B02677,2025-12-03,2025-12-23,2025-12-24,Cottage,Direct,20,1,7337.89,False,7337.89
B02678,2025-11-26,2025-12-23,2025-12-25,Cottage,MakeMyTrip,27,2,6995.43,False,13990.86
B02679,2025-12-11,2025-12-23,2025-12-25,Dormitory,Direct,12,2,3028.18,False,6056.36
B02680,2025-12-10,2025-12-23,2025-12-24,Dormitory,Direct,13,1,3064.66,False,3064.66
B02681,2025-12-17,2025-12-23,2025-12-25,Camping Tent,Direct,6,2,3988.87,False,7977.74
B02682,2025-12-05,2025-12-23,2025-12-26,Camping Tent,Booking.com,18,3,3884.83,False,11654.49
B02683,2025-12-05,2025-12-24,2025-12-25,Cottage,Direct,19,1,7162.87,False,7162.87
B02684,2025-12-19,2025-12-24,2025-12-25,Cottage,Direct,5,1,7179.21,False,7179.21
B02685,2025-12-16,2025-12-24,2025-12-26,Cottage,Direct,8,2,7219.44,False,14438.88
B02686,2025-11-16,2025-12-24,2025-12-26,Cottage,MakeMyTrip,38,2,7535.35,True,15070.7
B02687,2025-11-28,2025-12-24,2025-12-25,Cottage,Booking.com,26,1,7062.1,True,7062.1
B02688,2025-11-27,2025-12-24,2025-12-27,Cottage,MakeMyTrip,27,3,7489.5,False,22468.5
B02689,2025-12-18,2025-12-24,2025-12-28,Cottage,Direct,6,4,7309.12,True,29236.48
B02690,2025-12-16,2025-12-24,2025-12-26,Villa,Direct,8,2,15435.46,False,30870.92
B02691,2025-12-10,2025-12-24,2025-12-26,Dormitory,Direct,14,2,3009.1,False,6018.2
B02692,2025-12-16,2025-12-24,2025-12-26,Dormitory,Direct,8,2,2958.24,False,5916.48
B02693,2025-12-07,2025-12-24,2025-12-26,Camping Tent,Direct,17,2,3898.84,False,7797.68
B02694,2025-12-12,2025-12-24,2025-12-26,Camping Tent,Booking.com,12,2,3840.88,False,7681.76
B02695,2025-12-09,2025-12-25,2025-12-26,Cottage,Booking.com,16,1,7202.79,True,7202.79
B02696,2025-12-06,2025-12-25,2025-12-27,Cottage,MakeMyTrip,19,2,7060.32,True,14120.64
B02697,2025-12-24,2025-12-25,2025-12-26,Cottage,Direct,1,1,7068.17,False,7068.17
B02698,2025-12-14,2025-12-25,2025-12-26,Cottage,MakeMyTrip,11,1,7614.32,True,7614.32
B02699,2025-12-14,2025-12-25,2025-12-27,Cottage,Direct,11,2,7164.05,False,14328.1
B02700,2025-12-15,2025-12-25,2025-12-27,Cottage,MakeMyTrip,10,2,7470.62,False,14941.24
B02701,2025-12-12,2025-12-25,2025-12-26,Dormitory,Booking.com,13,1,2958.25,False,2958.25
B02702,2025-12-14,2025-12-25,2025-12-26,Camping Tent,MakeMyTrip,11,1,4110.38,False,4110.38
B02703,2025-12-04,2025-12-26,2025-12-27,Cottage,Agoda,22,1,7590.07,False,7590.07
B02704,2025-12-17,2025-12-26,2025-12-28,Cottage,Booking.com,9,2,8031.63,False,16063.26
B02705,2025-11-27,2025-12-26,2025-12-28,Cottage,MakeMyTrip,29,2,8726.56,False,17453.12
B02706,2025-12-11,2025-12-26,2025-12-27,Cottage,MakeMyTrip,15,1,8085.39,False,8085.39
B02707,2025-12-13,2025-12-26,2025-12-29,Cottage,Direct,13,3,8594.87,False,25784.61
B02708,2025-12-22,2025-12-26,2025-12-27,Cottage,Direct,4,1,8764.72,False,8764.72
B02709,2025-12-12,2025-12-26,2025-12-27,Cottage,Direct,14,1,7928.1,False,7928.1
B02710,2025-12-19,2025-12-26,2025-12-27,Cottage,Direct,7,1,8644.24,False,8644.24
B02711,2025-12-21,2025-12-26,2025-12-28,Villa,Direct,5,2,18120.82,False,36241.64
B02712,2025-12-03,2025-12-26,2025-12-28,Dormitory,Direct,23,2,3376.47,False,6752.94
B02713,2025-12-15,2025-12-26,2025-12-28,Dormitory,MakeMyTrip,11,2,3770.02,False,7540.04
B02714,2025-11-30,2025-12-26,2025-12-27,Camping Tent,MakeMyTrip,26,1,4380.93,False,4380.93
B02715,2025-12-13,2025-12-26,2025-12-27,Camping Tent,MakeMyTrip,13,1,4649.97,False,4649.97
B02716,2025-12-07,2025-12-27,2025-12-28,Cottage,Booking.com,20,1,7342.77,False,7342.77
B02717,2025-11-21,2025-12-27,2025-12-29,Cottage,Booking.com,36,2,8009.03,False,16018.06
B02718,2025-12-16,2025-12-27,2025-12-29,Cottage,MakeMyTrip,11,2,7631.46,False,15262.92
B02719,2025-12-14,2025-12-27,2025-12-28,Cottage,Booking.com,13,1,7976.85,True,7976.85
B02720,2025-12-10,2025-12-27,2025-12-29,Cottage,Direct,17,2,8045.36,False,16090.72
B02721,2025-12-20,2025-12-27,2025-12-28,Cottage,Direct,7,1,7748.51,False,7748.51
B02722,2025-12-08,2025-12-27,2025-12-31,Cottage,MakeMyTrip,19,4,8808.15,False,35232.6
B02723,2025-12-12,2025-12-27,2025-12-29,Cottage,Booking.com,15,2,8962.2,False,17924.4
B02724,2025-12-12,2025-12-27,2025-12-28,Dormitory,Direct,15,1,3413.2,False,3413.2
B02725,2025-11-24,2025-12-27,2025-12-30,Camping Tent,Booking.com,33,3,4148.2,False,12444.6
B02726,2025-12-15,2025-12-27,2025-12-29,Camping Tent,MakeMyTrip,12,2,4256.65,False,8513.3
B02727,2025-12-02,2025-12-28,2025-12-30,Cottage,MakeMyTrip,26,2,8646.09,True,17292.18
B02728,2025-12-12,2025-12-28,2025-12-29,Cottage,Agoda,16,1,7779.52,False,7779.52
B02729,2025-12-17,2025-12-28,2025-12-29,Cottage,Booking.com,11,1,8092.19,False,8092.19
B02730,2025-12-23,2025-12-28,2026-01-01,Cottage,Direct,5,4,8485.56,False,33942.24
B02731,2025-12-05,2025-12-28,2025-12-30,Cottage,Booking.com,23,2,8320.28,False,16640.56
B02732,2025-12-23,2025-12-28,2025-12-29,Cottage,Direct,5,1,7931.35,False,7931.35
B02733,2025-12-20,2025-12-28,2025-12-31,Cottage,Direct,8,3,7567.33,False,22701.99
B02734,2025-12-08,2025-12-28,2025-12-30,Cottage,MakeMyTrip,20,2,8618.6,False,17237.2
B02735,2025-11-23,2025-12-28,2025-12-30,Villa,Booking.com,35,2,16307.34,False,32614.68
B02736,2025-12-06,2025-12-28,2025-12-31,Dormitory,Booking.com,22,3,3542.25,False,10626.75
B02737,2025-12-20,2025-12-28,2025-12-30,Dormitory,Direct,8,2,3567.58,False,7135.16
B02738,2025-12-15,2025-12-28,2025-12-30,Camping Tent,Booking.com,13,2,4423.01,False,8846.02
B02739,2025-12-04,2025-12-28,2026-01-01,Camping Tent,Direct,24,4,4663.76,False,18655.04
B02740,2025-12-14,2025-12-29,2025-12-30,Cottage,MakeMyTrip,15,1,7539.88,True,7539.88
B02741,2025-12-23,2025-12-29,2025-12-30,Cottage,Direct,6,1,7523.29,False,7523.29
B02742,2025-10-31,2025-12-29,2025-12-31,Cottage,Booking.com,59,2,7346.91,False,14693.82
B02743,2025-12-10,2025-12-29,2026-01-02,Cottage,MakeMyTrip,19,4,6923.49,False,27693.96
B02744,2025-11-21,2025-12-29,2025-12-30,Cottage,Booking.com,38,1,6861.7,True,6861.7
B02745,2025-12-19,2025-12-29,2026-01-01,Cottage,Direct,10,3,7562.81,False,22688.43
B02746,2025-12-20,2025-12-29,2025-12-31,Cottage,Direct,9,2,7299.41,True,14598.82
B02747,2025-12-29,2025-12-29,2025-12-31,Cottage,Direct,0,2,6961.36,False,13922.72
B02748,2025-12-10,2025-12-29,2025-12-30,Villa,Direct,19,1,14252.62,False,14252.62
B02749,2025-12-28,2025-12-29,2025-12-30,Dormitory,Direct,1,1,3209.68,False,3209.68
B02750,2025-12-15,2025-12-29,2026-01-02,Dormitory,Booking.com,14,4,3258.25,False,13033.0
B02751,2025-12-13,2025-12-29,2025-12-31,Camping Tent,Booking.com,16,2,4112.02,False,8224.04
B02752,2025-12-08,2025-12-30,2025-12-31,Cottage,Direct,22,1,7584.16,False,7584.16
B02753,2025-12-22,2025-12-30,2026-01-02,Cottage,Direct,8,3,7169.42,False,21508.26
B02754,2025-12-07,2025-12-30,2026-01-02,Cottage,Booking.com,23,3,7114.27,False,21342.81
B02755,2025-12-02,2025-12-30,2026-01-03,Cottage,Booking.com,28,4,6702.93,True,26811.72
B02756,2025-12-20,2025-12-30,2025-12-31,Cottage,Direct,10,1,7837.13,False,7837.13
B02757,2025-12-16,2025-12-30,2025-12-31,Cottage,MakeMyTrip,14,1,7482.11,False,7482.11
B02758,2025-12-27,2025-12-30,2026-01-02,Cottage,Direct,3,3,7280.43,False,21841.29
B02759,2025-12-20,2025-12-30,2025-12-31,Villa,Direct,10,1,15057.47,False,15057.47
B02760,2025-12-19,2025-12-30,2025-12-31,Dormitory,Booking.com,11,1,3061.07,False,3061.07
B02761,2025-11-20,2025-12-30,2026-01-01,Dormitory,Direct,40,2,3144.82,False,6289.64
B02762,2025-12-05,2025-12-31,2026-01-01,Cottage,Direct,26,1,7375.71,False,7375.71
B02763,2025-12-20,2025-12-31,2026-01-03,Cottage,Booking.com,11,3,6707.86,False,20123.58
B02764,2025-12-17,2025-12-31,2026-01-04,Cottage,Direct,14,4,7340.4,False,29361.6
B02765,2025-12-12,2025-12-31,2026-01-01,Cottage,Agoda,19,1,6953.2,False,6953.2
B02766,2025-12-27,2025-12-31,2026-01-04,Villa,Direct,4,4,14902.61,False,59610.44
B02767,2025-12-13,2025-12-31,2026-01-04,Dormitory,Agoda,18,4,2808.13,False,11232.52
B02768,2025-12-16,2025-12-31,2026-01-01,Dormitory,MakeMyTrip,15,1,3102.29,False,3102.29
B02769,2025-12-16,2025-12-31,2026-01-03,Camping Tent,Booking.com,15,3,3837.3,True,11511.9
B02770,2025-12-14,2025-12-31,2026-01-04,Camping Tent,Agoda,17,4,3658.5,True,14634.0
B02771,2025-12-19,2026-01-01,2026-01-04,Cottage,Agoda,13,3,5276.66,False,15829.98
B02772,2025-12-26,2026-01-01,2026-01-02,Cottage,Direct,6,1,5338.85,False,5338.85
B02773,2025-12-22,2026-01-01,2026-01-02,Cottage,Agoda,10,1,5338.08,False,5338.08
B02774,2025-12-20,2026-01-01,2026-01-05,Cottage,Agoda,12,4,6060.53,False,24242.12
B02775,2025-12-13,2026-01-01,2026-01-04,Villa,MakeMyTrip,19,3,11157.15,False,33471.45
B02776,2025-12-12,2026-01-01,2026-01-02,Camping Tent,MakeMyTrip,20,1,3119.01,False,3119.01
B02777,2025-12-23,2026-01-01,2026-01-03,Camping Tent,Booking.com,9,2,3000.1,True,6000.2
B02778,2025-11-30,2026-01-02,2026-01-04,Cottage,Booking.com,33,2,6066.42,False,12132.84
B02779,2025-12-09,2026-01-02,2026-01-03,Cottage,Direct,24,1,5909.86,True,5909.86
B02780,2025-12-27,2026-01-02,2026-01-04,Cottage,Direct,6,2,6174.95,False,12349.9
B02781,2025-12-15,2026-01-02,2026-01-04,Cottage,Direct,18,2,6233.52,False,12467.04
B02782,2025-12-16,2026-01-02,2026-01-03,Cottage,MakeMyTrip,17,1,6230.66,False,6230.66
B02783,2025-11-20,2026-01-02,2026-01-04,Cottage,Booking.com,43,2,6191.37,True,12382.74
B02784,2025-12-13,2026-01-02,2026-01-04,Cottage,Booking.com,20,2,5628.06,False,11256.12
B02785,2025-12-21,2026-01-02,2026-01-03,Cottage,MakeMyTrip,12,1,6160.11,False,6160.11
B02786,2025-12-14,2026-01-02,2026-01-03,Villa,Direct,19,1,12807.79,False,12807.79
B02787,2025-12-13,2026-01-02,2026-01-04,Dormitory,Direct,20,2,2625.45,False,5250.9
B02788,2025-12-15,2026-01-02,2026-01-03,Camping Tent,MakeMyTrip,18,1,3428.61,True,3428.61
B02789,2025-12-16,2026-01-03,2026-01-05,Cottage,MakeMyTrip,18,2,5994.95,False,11989.9
B02790,2025-11-25,2026-01-03,2026-01-05,Cottage,Booking.com,39,2,6781.87,False,13563.74
B02791,2025-12-24,2026-01-03,2026-01-05,Cottage,Booking.com,10,2,6233.55,True,12467.1
B02792,2025-12-11,2026-01-03,2026-01-04,Cottage,Booking.com,23,1,6285.07,False,6285.07
B02793,2025-12-13,2026-01-03,2026-01-04,Cottage,Agoda,21,1,6410.03,False,6410.03
B02794,2025-12-18,2026-01-03,2026-01-04,Cottage,Booking.com,16,1,6517.04,False,6517.04
B02795,2025-12-18,2026-01-03,2026-01-05,Villa,Booking.com,16,2,12750.13,False,25500.26
B02796,2025-12-23,2026-01-03,2026-01-04,Dormitory,Booking.com,11,1,2561.65,False,2561.65
B02797,2025-12-16,2026-01-03,2026-01-04,Dormitory,Agoda,18,1,2384.44,False,2384.44
B02798,2025-12-10,2026-01-03,2026-01-06,Camping Tent,Agoda,24,3,3344.73,False,10034.19
B02799,2025-12-23,2026-01-04,2026-01-06,Cottage,MakeMyTrip,12,2,6232.24,False,12464.48
B02800,2026-01-02,2026-01-04,2026-01-07,Cottage,Direct,2,3,6038.55,False,18115.65
B02801,2026-01-02,2026-01-04,2026-01-05,Cottage,Direct,2,1,6282.62,False,6282.62
B02802,2025-12-16,2026-01-04,2026-01-07,Cottage,Direct,19,3,5490.73,False,16472.19
B02803,2025-12-12,2026-01-04,2026-01-06,Villa,Direct,23,2,12290.74,False,24581.48
B02804,2025-12-28,2026-01-04,2026-01-06,Dormitory,Direct,7,2,2712.59,False,5425.18
B02805,2025-12-14,2026-01-04,2026-01-07,Dormitory,Booking.com,21,3,2572.32,False,7716.96
B02806,2025-12-29,2026-01-05,2026-01-07,Cottage,Direct,7,2,5341.84,False,10683.68
B02807,2025-12-21,2026-01-05,2026-01-07,Cottage,Direct,15,2,5593.39,False,11186.78
B02808,2025-12-20,2026-01-05,2026-01-06,Villa,Agoda,16,1,10624.75,True,10624.75
B02809,2025-12-21,2026-01-05,2026-01-06,Dormitory,MakeMyTrip,15,1,2155.11,False,2155.11
B02810,2025-12-18,2026-01-05,2026-01-06,Camping Tent,MakeMyTrip,18,1,2924.08,False,2924.08
B02811,2025-12-23,2026-01-06,2026-01-08,Cottage,Booking.com,14,2,5372.86,True,10745.72
B02812,2025-12-25,2026-01-06,2026-01-07,Cottage,MakeMyTrip,12,1,5559.48,False,5559.48
B02813,2025-12-31,2026-01-06,2026-01-09,Cottage,Direct,6,3,5494.81,False,16484.43
B02814,2025-12-22,2026-01-06,2026-01-07,Cottage,Agoda,15,1,5945.62,False,5945.62
B02815,2025-12-29,2026-01-06,2026-01-07,Cottage,Direct,8,1,5358.52,False,5358.52
B02816,2025-12-24,2026-01-06,2026-01-09,Dormitory,MakeMyTrip,13,3,2082.98,False,6248.94
B02817,2025-12-21,2026-01-06,2026-01-08,Camping Tent,Direct,16,2,2986.64,False,5973.28
B02818,2026-01-06,2026-01-07,2026-01-09,Cottage,Direct,1,2,5710.29,False,11420.58
B02819,2026-01-04,2026-01-07,2026-01-08,Cottage,Direct,3,1,5750.49,False,5750.49
B02820,2025-12-31,2026-01-07,2026-01-08,Cottage,Direct,7,1,5618.3,False,5618.3
B02821,2026-01-02,2026-01-07,2026-01-09,Cottage,Direct,5,2,5321.0,False,10642.0
B02822,2025-12-21,2026-01-07,2026-01-09,Cottage,Agoda,17,2,5112.46,False,10224.92
B02823,2025-12-23,2026-01-07,2026-01-09,Villa,Booking.com,15,2,10564.34,False,21128.68
B02824,2026-01-03,2026-01-07,2026-01-08,Camping Tent,Direct,4,1,2795.28,False,2795.28
B02825,2026-01-05,2026-01-08,2026-01-09,Cottage,Direct,3,1,5488.74,False,5488.74
B02826,2025-11-23,2026-01-08,2026-01-09,Cottage,Direct,46,1,5095.63,False,5095.63
B02827,2025-12-14,2026-01-08,2026-01-11,Cottage,Booking.com,25,3,5471.47,False,16414.41
B02828,2025-12-19,2026-01-08,2026-01-09,Cottage,Agoda,20,1,5606.69,False,5606.69
B02829,2025-12-23,2026-01-08,2026-01-10,Dormitory,Direct,16,2,2361.92,False,4723.84
B02830,2025-12-29,2026-01-08,2026-01-10,Camping Tent,Direct,10,2,2706.56,False,5413.12
B02831,2025-12-23,2026-01-09,2026-01-10,Cottage,MakeMyTrip,17,1,6020.13,True,6020.13
B02832,2025-12-21,2026-01-09,2026-01-12,Cottage,Booking.com,19,3,6017.2,False,18051.6
B02833,2025-12-24,2026-01-09,2026-01-10,Cottage,Direct,16,1,6057.14,False,6057.14
B02834,2026-01-07,2026-01-09,2026-01-12,Cottage,Direct,2,3,6350.03,False,19050.09
B02835,2025-12-26,2026-01-09,2026-01-10,Cottage,Direct,14,1,6113.3,False,6113.3
B02836,2025-12-18,2026-01-09,2026-01-11,Villa,MakeMyTrip,22,2,12170.53,False,24341.06
B02837,2025-12-24,2026-01-09,2026-01-13,Dormitory,MakeMyTrip,16,4,2745.31,False,10981.24
B02838,2025-12-23,2026-01-10,2026-01-11,Cottage,Booking.com,18,1,5847.8,False,5847.8
B02839,2025-12-28,2026-01-10,2026-01-11,Cottage,Booking.com,13,1,6246.49,False,6246.49
B02840,2025-12-19,2026-01-10,2026-01-12,Cottage,MakeMyTrip,22,2,6126.03,False,12252.06
B02841,2025-12-06,2026-01-10,2026-01-11,Cottage,MakeMyTrip,35,1,6091.59,False,6091.59
B02842,2025-12-26,2026-01-10,2026-01-11,Cottage,MakeMyTrip,15,1,6172.35,False,6172.35
B02843,2025-12-24,2026-01-10,2026-01-12,Cottage,MakeMyTrip,17,2,6908.89,True,13817.78
B02844,2025-12-24,2026-01-10,2026-01-12,Cottage,Agoda,17,2,6006.59,True,12013.18
B02845,2026-01-05,2026-01-10,2026-01-11,Villa,Direct,5,1,11768.97,False,11768.97
B02846,2025-12-22,2026-01-10,2026-01-13,Dormitory,Booking.com,19,3,2564.68,False,7694.04
B02847,2025-12-29,2026-01-10,2026-01-12,Camping Tent,Agoda,12,2,3460.93,True,6921.86
B02848,2025-12-29,2026-01-10,2026-01-11,Camping Tent,Direct,12,1,3399.77,False,3399.77
B02849,2025-12-25,2026-01-11,2026-01-13,Cottage,Booking.com,17,2,5920.07,False,11840.14
B02850,2026-01-05,2026-01-11,2026-01-14,Cottage,Direct,6,3,6377.53,False,19132.59
B02851,2025-12-24,2026-01-11,2026-01-12,Cottage,Agoda,18,1,6645.39,False,6645.39
B02852,2025-12-28,2026-01-11,2026-01-15,Cottage,Direct,14,4,6154.18,False,24616.72
B02853,2026-01-08,2026-01-11,2026-01-13,Cottage,Direct,3,2,6383.48,False,12766.96
B02854,2026-01-07,2026-01-11,2026-01-12,Cottage,Direct,4,1,6727.13,False,6727.13
B02855,2025-12-30,2026-01-11,2026-01-13,Cottage,Agoda,12,2,6391.85,True,12783.7
B02856,2025-12-30,2026-01-11,2026-01-12,Villa,Agoda,12,1,12892.96,False,12892.96
B02857,2025-12-31,2026-01-11,2026-01-12,Dormitory,Direct,11,1,2574.8,False,2574.8
B02858,2026-01-06,2026-01-11,2026-01-12,Dormitory,Direct,5,1,2581.25,False,2581.25
B02859,2025-12-23,2026-01-11,2026-01-15,Camping Tent,Booking.com,19,4,3501.51,False,14006.04
B02860,2025-12-27,2026-01-12,2026-01-16,Cottage,MakeMyTrip,16,4,5254.86,False,21019.44
B02861,2025-12-26,2026-01-12,2026-01-14,Cottage,Booking.com,17,2,5111.76,False,10223.52
B02862,2025-12-29,2026-01-12,2026-01-13,Cottage,MakeMyTrip,14,1,5318.06,False,5318.06
B02863,2025-12-31,2026-01-12,2026-01-13,Cottage,Booking.com,12,1,5715.37,False,5715.37
B02864,2026-01-01,2026-01-12,2026-01-13,Dormitory,Direct,11,1,2263.02,False,2263.02
B02865,2025-12-04,2026-01-12,2026-01-13,Dormitory,MakeMyTrip,39,1,2435.0,False,2435.0
B02866,2025-12-16,2026-01-13,2026-01-16,Cottage,MakeMyTrip,28,3,5174.45,False,15523.35
B02867,2025-12-14,2026-01-13,2026-01-16,Cottage,Agoda,30,3,5303.42,False,15910.26
B02868,2025-12-04,2026-01-13,2026-01-15,Cottage,Booking.com,40,2,5029.89,False,10059.78
B02869,2025-12-17,2026-01-13,2026-01-15,Cottage,Direct,27,2,5384.57,True,10769.14
B02870,2026-01-02,2026-01-13,2026-01-16,Cottage,MakeMyTrip,11,3,5517.79,False,16553.37
B02871,2025-12-30,2026-01-13,2026-01-16,Dormitory,MakeMyTrip,14,3,2265.75,False,6797.25
B02872,2026-01-02,2026-01-13,2026-01-16,Dormitory,MakeMyTrip,11,3,2247.15,False,6741.45
B02873,2026-01-11,2026-01-13,2026-01-16,Camping Tent,Direct,2,3,2884.06,False,8652.18
B02874,2025-12-15,2026-01-13,2026-01-14,Camping Tent,Direct,29,1,2893.69,False,2893.69
B02875,2025-12-20,2026-01-14,2026-01-16,Cottage,MakeMyTrip,25,2,5239.86,False,10479.72
B02876,2026-01-04,2026-01-14,2026-01-17,Cottage,Agoda,10,3,5087.6,False,15262.8
B02877,2025-12-24,2026-01-14,2026-01-15,Cottage,MakeMyTrip,21,1,5267.31,False,5267.31
B02878,2025-12-22,2026-01-14,2026-01-16,Cottage,MakeMyTrip,23,2,5590.06,False,11180.12
B02879,2026-01-03,2026-01-14,2026-01-15,Villa,Booking.com,11,1,11105.08,False,11105.08
B02880,2025-12-19,2026-01-14,2026-01-15,Dormitory,MakeMyTrip,26,1,2223.39,False,2223.39
B02881,2026-01-13,2026-01-14,2026-01-18,Camping Tent,Direct,1,4,3060.03,False,12240.12
B02882,2026-01-13,2026-01-14,2026-01-17,Camping Tent,Direct,1,3,2925.47,False,8776.41
B02883,2025-12-15,2026-01-15,2026-01-17,Cottage,MakeMyTrip,31,2,5329.02,False,10658.04
B02884,2025-12-23,2026-01-15,2026-01-17,Cottage,MakeMyTrip,23,2,5232.85,False,10465.7
B02885,2025-12-11,2026-01-15,2026-01-16,Cottage,Booking.com,35,1,5002.33,False,5002.33
B02886,2026-01-07,2026-01-15,2026-01-17,Cottage,Booking.com,8,2,5465.94,False,10931.88
B02887,2026-01-05,2026-01-15,2026-01-17,Cottage,MakeMyTrip,10,2,5389.28,False,10778.56
B02888,2025-12-27,2026-01-15,2026-01-16,Cottage,MakeMyTrip,19,1,5277.88,False,5277.88
B02889,2025-12-09,2026-01-15,2026-01-18,Camping Tent,Booking.com,37,3,2937.37,False,8812.11
B02890,2025-12-24,2026-01-15,2026-01-17,Camping Tent,Direct,22,2,2878.64,False,5757.28
B02891,2025-12-27,2026-01-16,2026-01-20,Cottage,Direct,20,4,6406.21,True,25624.84
B02892,2025-11-27,2026-01-16,2026-01-17,Cottage,Direct,50,1,6234.93,False,6234.93
B02893,2026-01-04,2026-01-16,2026-01-20,Cottage,Booking.com,12,4,6076.7,False,24306.8
B02894,2025-12-27,2026-01-16,2026-01-18,Cottage,MakeMyTrip,20,2,6457.92,False,12915.84
B02895,2026-01-15,2026-01-16,2026-01-19,Cottage,Direct,1,3,5755.97,False,17267.91
B02896,2025-12-30,2026-01-16,2026-01-17,Cottage,Agoda,17,1,5873.89,False,5873.89
B02897,2026-01-04,2026-01-16,2026-01-17,Cottage,Booking.com,12,1,5834.2,False,5834.2
B02898,2026-01-04,2026-01-16,2026-01-17,Dormitory,Direct,12,1,2591.4,False,2591.4
B02899,2026-01-03,2026-01-16,2026-01-18,Dormitory,Agoda,13,2,2505.43,True,5010.86
B02900,2026-01-08,2026-01-16,2026-01-20,Camping Tent,Direct,8,4,3108.78,False,12435.12
B02901,2026-01-03,2026-01-16,2026-01-18,Camping Tent,Booking.com,13,2,3389.42,False,6778.84
B02902,2026-01-07,2026-01-17,2026-01-18,Cottage,Booking.com,10,1,6373.58,False,6373.58
B02903,2025-12-27,2026-01-17,2026-01-18,Cottage,Direct,21,1,6276.23,False,6276.23
B02904,2025-12-21,2026-01-17,2026-01-18,Cottage,MakeMyTrip,27,1,6284.62,False,6284.62
B02905,2025-12-20,2026-01-17,2026-01-18,Cottage,MakeMyTrip,28,1,5825.16,False,5825.16
B02906,2025-12-24,2026-01-17,2026-01-19,Cottage,Booking.com,24,2,6020.2,False,12040.4
B02907,2026-01-14,2026-01-17,2026-01-18,Cottage,Direct,3,1,6192.63,False,6192.63
B02908,2025-12-28,2026-01-17,2026-01-18,Cottage,Booking.com,20,1,6117.77,False,6117.77
B02909,2025-12-16,2026-01-17,2026-01-21,Villa,Direct,32,4,11724.09,False,46896.36
B02910,2026-01-01,2026-01-17,2026-01-19,Dormitory,Booking.com,16,2,2369.97,False,4739.94
B02911,2025-12-25,2026-01-17,2026-01-18,Camping Tent,Booking.com,23,1,3127.42,True,3127.42
B02912,2026-01-08,2026-01-18,2026-01-19,Cottage,Direct,10,1,5989.1,False,5989.1
B02913,2026-01-04,2026-01-18,2026-01-19,Cottage,Booking.com,14,1,6202.43,True,6202.43
B02914,2025-12-21,2026-01-18,2026-01-21,Cottage,Agoda,28,3,6412.93,False,19238.79
B02915,2026-01-14,2026-01-18,2026-01-20,Cottage,Direct,4,2,6721.29,False,13442.58
B02916,2025-12-30,2026-01-18,2026-01-19,Cottage,Booking.com,19,1,6315.99,False,6315.99
B02917,2026-01-05,2026-01-18,2026-01-19,Cottage,Direct,13,1,6239.8,False,6239.8
B02918,2026-01-06,2026-01-18,2026-01-21,Cottage,Booking.com,12,3,5883.96,False,17651.88
B02919,2025-12-22,2026-01-18,2026-01-20,Villa,MakeMyTrip,27,2,12232.59,False,24465.18
B02920,2026-01-08,2026-01-18,2026-01-20,Dormitory,Booking.com,10,2,2493.39,True,4986.78
B02921,2026-01-13,2026-01-18,2026-01-20,Dormitory,Direct,5,2,2312.14,True,4624.28
B02922,2026-01-08,2026-01-18,2026-01-20,Camping Tent,Direct,10,2,3266.22,False,6532.44
B02923,2026-01-01,2026-01-19,2026-01-21,Cottage,Booking.com,18,2,5087.68,False,10175.36
B02924,2026-01-18,2026-01-19,2026-01-20,Cottage,Direct,1,1,5601.21,False,5601.21
B02925,2026-01-05,2026-01-19,2026-01-21,Cottage,Agoda,14,2,5322.34,False,10644.68
B02926,2026-01-06,2026-01-19,2026-01-20,Cottage,Direct,13,1,5408.2,False,5408.2
B02927,2025-12-28,2026-01-19,2026-01-22,Cottage,Agoda,22,3,5328.32,False,15984.96
B02928,2025-12-18,2026-01-19,2026-01-22,Villa,Direct,32,3,11639.86,False,34919.58
B02929,2025-12-26,2026-01-19,2026-01-21,Camping Tent,MakeMyTrip,24,2,2734.53,True,5469.06
B02930,2026-01-06,2026-01-20,2026-01-21,Cottage,Direct,14,1,5519.92,False,5519.92
B02931,2026-01-15,2026-01-20,2026-01-23,Cottage,Direct,5,3,5026.27,False,15078.81
B02932,2026-01-06,2026-01-20,2026-01-21,Cottage,Booking.com,14,1,5251.8,False,5251.8
B02933,2026-01-01,2026-01-20,2026-01-24,Cottage,MakeMyTrip,19,4,5604.11,True,22416.44
B02934,2025-12-28,2026-01-20,2026-01-22,Cottage,Direct,23,2,5865.64,False,11731.28
B02935,2026-01-06,2026-01-20,2026-01-22,Dormitory,Booking.com,14,2,2392.52,False,4785.04
B02936,2026-01-12,2026-01-21,2026-01-24,Cottage,Direct,9,3,5394.32,False,16182.96
B02937,2026-01-16,2026-01-21,2026-01-23,Cottage,Direct,5,2,5657.02,False,11314.04
B02938,2026-01-07,2026-01-21,2026-01-25,Cottage,MakeMyTrip,14,4,5375.38,False,21501.52
B02939,2026-01-07,2026-01-21,2026-01-22,Villa,MakeMyTrip,14,1,11479.38,False,11479.38
B02940,2026-01-19,2026-01-21,2026-01-23,Dormitory,Direct,2,2,2315.88,False,4631.76
B02941,2026-01-02,2026-01-21,2026-01-24,Dormitory,MakeMyTrip,19,3,2268.99,True,6806.97
B02942,2026-01-20,2026-01-21,2026-01-23,Camping Tent,Direct,1,2,3110.65,False,6221.3
B02943,2026-01-11,2026-01-22,2026-01-24,Cottage,Direct,11,2,5454.5,False,10909.0
B02944,2026-01-08,2026-01-22,2026-01-23,Cottage,Booking.com,14,1,5487.38,False,5487.38
B02945,2026-01-08,2026-01-22,2026-01-23,Cottage,MakeMyTrip,14,1,5196.51,False,5196.51
B02946,2026-01-10,2026-01-22,2026-01-25,Cottage,Direct,12,3,4835.9,False,14507.7
B02947,2026-01-03,2026-01-22,2026-01-24,Villa,Agoda,19,2,10829.07,False,21658.14
B02948,2026-01-09,2026-01-22,2026-01-25,Dormitory,MakeMyTrip,13,3,2386.89,False,7160.67
B02949,2026-01-09,2026-01-22,2026-01-24,Camping Tent,Direct,13,2,2945.49,False,5890.98
B02950,2026-01-10,2026-01-23,2026-01-24,Cottage,MakeMyTrip,13,1,6232.65,False,6232.65
B02951,2026-01-19,2026-01-23,2026-01-25,Cottage,Direct,4,2,5920.58,False,11841.16
B02952,2026-01-17,2026-01-23,2026-01-24,Cottage,Direct,6,1,6160.62,False,6160.62
B02953,2025-12-24,2026-01-23,2026-01-26,Cottage,MakeMyTrip,30,3,5853.23,False,17559.69
B02954,2025-12-20,2026-01-23,2026-01-24,Cottage,Booking.com,34,1,5439.97,False,5439.97
B02955,2026-01-10,2026-01-23,2026-01-24,Villa,MakeMyTrip,13,1,11427.52,False,11427.52
B02956,2026-01-18,2026-01-23,2026-01-24,Dormitory,Direct,5,1,2671.3,False,2671.3
B02957,2026-01-05,2026-01-23,2026-01-27,Dormitory,Booking.com,18,4,2495.55,False,9982.2
B02958,2025-12-19,2026-01-23,2026-01-25,Camping Tent,Direct,35,2,3407.97,False,6815.94
B02959,2026-01-12,2026-01-23,2026-01-26,Camping Tent,Agoda,11,3,3126.34,False,9379.02
B02960,2026-01-03,2026-01-24,2026-01-25,Cottage,Booking.com,21,1,5890.55,False,5890.55
B02961,2026-01-12,2026-01-24,2026-01-26,Cottage,MakeMyTrip,12,2,5726.33,False,11452.66
B02962,2025-12-25,2026-01-24,2026-01-25,Cottage,MakeMyTrip,30,1,5811.1,True,5811.1
B02963,2026-01-12,2026-01-24,2026-01-26,Cottage,MakeMyTrip,12,2,6260.45,False,12520.9
B02964,2026-01-19,2026-01-24,2026-01-25,Cottage,Direct,5,1,6114.2,True,6114.2
B02965,2026-01-08,2026-01-24,2026-01-27,Cottage,Booking.com,16,3,6354.34,False,19063.02
B02966,2026-01-06,2026-01-24,2026-01-27,Cottage,Booking.com,18,3,5882.26,True,17646.78
B02967,2025-12-29,2026-01-24,2026-01-25,Dormitory,Booking.com,26,1,2636.58,False,2636.58
B02968,2026-01-11,2026-01-24,2026-01-25,Camping Tent,Booking.com,13,1,3385.7,False,3385.7
B02969,2026-01-05,2026-01-24,2026-01-26,Camping Tent,Booking.com,19,2,3317.27,False,6634.54
B02970,2026-01-15,2026-01-25,2026-01-27,Cottage,Booking.com,10,2,6561.18,False,13122.36
B02971,2026-01-20,2026-01-25,2026-01-28,Cottage,Direct,5,3,6038.94,False,18116.82
B02972,2026-01-14,2026-01-25,2026-01-26,Cottage,Booking.com,11,1,6271.96,False,6271.96
B02973,2026-01-06,2026-01-25,2026-01-26,Cottage,Booking.com,19,1,6312.38,True,6312.38
B02974,2026-01-15,2026-01-25,2026-01-27,Cottage,Direct,10,2,6716.98,False,13433.96
B02975,2026-01-16,2026-01-25,2026-01-26,Cottage,MakeMyTrip,9,1,6185.13,False,6185.13
B02976,2026-01-21,2026-01-25,2026-01-27,Dormitory,Direct,4,2,2704.34,False,5408.68
B02977,2026-01-09,2026-01-25,2026-01-27,Camping Tent,Agoda,16,2,3383.37,True,6766.74
B02978,2026-01-20,2026-01-26,2026-01-29,Cottage,Direct,6,3,5481.6,False,16444.8
B02979,2026-01-19,2026-01-26,2026-01-27,Cottage,Direct,7,1,5433.77,False,5433.77
B02980,2026-01-17,2026-01-26,2026-01-27,Cottage,Direct,9,1,5361.72,False,5361.72
B02981,2026-01-13,2026-01-26,2026-01-29,Cottage,Direct,13,3,5800.09,False,17400.27
B02982,2026-01-13,2026-01-26,2026-01-27,Villa,Booking.com,13,1,11213.34,False,11213.34
B02983,2026-01-17,2026-01-26,2026-01-28,Dormitory,MakeMyTrip,9,2,2155.03,False,4310.06
B02984,2026-01-17,2026-01-26,2026-01-27,Camping Tent,Booking.com,9,1,3180.92,False,3180.92
B02985,2025-12-28,2026-01-27,2026-01-28,Cottage,MakeMyTrip,30,1,5367.27,False,5367.27
B02986,2026-01-15,2026-01-27,2026-01-29,Cottage,Booking.com,12,2,5540.96,False,11081.92
B02987,2026-01-16,2026-01-27,2026-01-29,Cottage,Booking.com,11,2,5414.12,False,10828.24
B02988,2026-01-14,2026-01-27,2026-01-29,Cottage,Booking.com,13,2,5575.29,True,11150.58
B02989,2025-12-31,2026-01-27,2026-01-31,Cottage,Booking.com,27,4,5133.62,False,20534.48
B02990,2026-01-13,2026-01-27,2026-01-28,Cottage,Direct,14,1,5550.02,False,5550.02
B02991,2026-01-08,2026-01-27,2026-01-28,Dormitory,MakeMyTrip,19,1,2146.58,False,2146.58
B02992,2025-12-29,2026-01-27,2026-01-29,Camping Tent,Booking.com,29,2,3007.74,False,6015.48
B02993,2026-01-11,2026-01-28,2026-01-31,Cottage,Direct,17,3,5523.55,False,16570.65
B02994,2026-01-06,2026-01-28,2026-01-30,Cottage,Direct,22,2,5757.31,False,11514.62
B02995,2026-01-12,2026-01-28,2026-02-01,Cottage,MakeMyTrip,16,4,5726.7,True,22906.8
B02996,2026-01-25,2026-01-28,2026-01-29,Villa,Direct,3,1,10777.93,False,10777.93
B02997,2026-01-23,2026-01-28,2026-01-30,Dormitory,Direct,5,2,2391.58,False,4783.16
B02998,2026-01-14,2026-01-28,2026-02-01,Camping Tent,MakeMyTrip,14,4,2768.68,False,11074.72
B02999,2026-01-11,2026-01-29,2026-01-31,Cottage,Direct,18,2,5298.66,True,10597.32
B03000,2026-01-18,2026-01-29,2026-01-31,Cottage,Booking.com,11,2,5432.54,False,10865.08
B03001,2026-01-10,2026-01-29,2026-01-31,Cottage,Direct,19,2,5013.15,False,10026.3
B03002,2026-01-05,2026-01-29,2026-01-30,Villa,Agoda,24,1,10478.73,False,10478.73
B03003,2026-01-07,2026-01-29,2026-01-31,Dormitory,Booking.com,22,2,2404.34,True,4808.68
B03004,2026-01-14,2026-01-30,2026-02-02,Cottage,MakeMyTrip,16,3,6480.18,False,19440.54
B03005,2026-01-16,2026-01-30,2026-01-31,Cottage,Booking.com,14,1,6228.19,False,6228.19
B03006,2026-01-15,2026-01-30,2026-02-01,Cottage,Direct,15,2,6349.62,False,12699.24
B03007,2025-12-27,2026-01-30,2026-02-02,Cottage,Booking.com,34,3,6504.66,False,19513.98
B03008,2026-01-16,2026-01-30,2026-01-31,Cottage,Booking.com,14,1,6288.86,False,6288.86
B03009,2026-01-17,2026-01-30,2026-01-31,Dormitory,MakeMyTrip,13,1,2524.8,False,2524.8
B03010,2026-01-23,2026-01-30,2026-01-31,Camping Tent,Direct,7,1,3471.25,True,3471.25
B03011,2026-01-04,2026-01-30,2026-01-31,Camping Tent,Booking.com,26,1,3640.88,False,3640.88
B03012,2026-01-15,2026-01-31,2026-02-02,Cottage,MakeMyTrip,16,2,6553.22,False,13106.44
B03013,2026-01-08,2026-01-31,2026-02-03,Cottage,MakeMyTrip,23,3,6487.69,False,19463.07
B03014,2026-01-27,2026-01-31,2026-02-02,Cottage,Direct,4,2,6019.29,False,12038.58
B03015,2025-12-28,2026-01-31,2026-02-03,Cottage,Agoda,34,3,6118.76,True,18356.28
B03016,2025-12-24,2026-01-31,2026-02-02,Cottage,Direct,38,2,6089.65,False,12179.3
B03017,2026-01-11,2026-01-31,2026-02-02,Cottage,Booking.com,20,2,5816.6,True,11633.2
B03018,2026-01-24,2026-01-31,2026-02-01,Villa,Direct,7,1,11775.02,True,11775.02
B03019,2026-01-09,2026-01-31,2026-02-02,Camping Tent,MakeMyTrip,22,2,3308.27,False,6616.54
B03020,2026-01-18,2026-01-31,2026-02-01,Camping Tent,Booking.com,13,1,3347.74,False,3347.74
B03021,2026-01-18,2026-02-01,2026-02-03,Cottage,Direct,14,2,5688.88,False,11377.76
B03022,2026-01-30,2026-02-01,2026-02-02,Cottage,Direct,2,1,5194.95,False,5194.95
B03023,2026-01-11,2026-02-01,2026-02-03,Cottage,MakeMyTrip,21,2,5386.83,False,10773.66
B03024,2026-01-02,2026-02-01,2026-02-03,Cottage,MakeMyTrip,30,2,5755.16,False,11510.32
B03025,2026-01-15,2026-02-01,2026-02-04,Cottage,MakeMyTrip,17,3,5627.05,False,16881.15
B03026,2026-01-19,2026-02-01,2026-02-02,Cottage,MakeMyTrip,13,1,5499.03,False,5499.03
B03027,2026-01-01,2026-02-01,2026-02-02,Villa,MakeMyTrip,31,1,11800.29,False,11800.29
B03028,2026-01-11,2026-02-01,2026-02-03,Dormitory,Agoda,21,2,2524.93,False,5049.86
B03029,2026-01-11,2026-02-01,2026-02-03,Camping Tent,Agoda,21,2,2807.61,False,5615.22
B03030,2026-02-01,2026-02-02,2026-02-05,Cottage,Direct,1,3,5299.82,False,15899.46
B03031,2026-01-20,2026-02-02,2026-02-04,Cottage,MakeMyTrip,13,2,5196.99,False,10393.98
B03032,2026-01-13,2026-02-02,2026-02-05,Cottage,MakeMyTrip,20,3,5148.18,False,15444.54
B03033,2026-01-18,2026-02-02,2026-02-03,Cottage,Booking.com,15,1,5570.38,False,5570.38
B03034,2026-01-19,2026-02-02,2026-02-03,Cottage,Agoda,14,1,5421.06,False,5421.06
B03035,2026-01-08,2026-02-02,2026-02-04,Dormitory,Booking.com,25,2,2202.35,False,4404.7
B03036,2026-01-26,2026-02-02,2026-02-04,Camping Tent,Direct,7,2,2903.58,True,5807.16
B03037,2026-01-23,2026-02-03,2026-02-04,Cottage,Direct,11,1,5383.95,False,5383.95
B03038,2026-01-20,2026-02-03,2026-02-05,Cottage,Direct,14,2,5044.26,False,10088.52
B03039,2026-01-25,2026-02-03,2026-02-04,Cottage,Direct,9,1,5261.84,False,5261.84
B03040,2026-01-13,2026-02-03,2026-02-06,Cottage,Booking.com,21,3,4761.17,False,14283.51
B03041,2026-01-23,2026-02-03,2026-02-04,Cottage,Direct,11,1,5262.57,False,5262.57
B03042,2026-01-19,2026-02-03,2026-02-06,Cottage,Booking.com,15,3,5394.69,False,16184.07
B03043,2026-01-30,2026-02-03,2026-02-05,Cottage,Direct,4,2,4909.94,False,9819.88
B03044,2026-01-20,2026-02-03,2026-02-04,Dormitory,Direct,14,1,2223.13,True,2223.13
B03045,2026-01-31,2026-02-04,2026-02-06,Cottage,Direct,4,2,4732.33,False,9464.66
B03046,2026-01-30,2026-02-04,2026-02-05,Cottage,Direct,5,1,4930.79,False,4930.79
B03047,2026-01-14,2026-02-04,2026-02-06,Cottage,Booking.com,21,2,5362.2,False,10724.4
B03048,2026-01-12,2026-02-04,2026-02-05,Cottage,Agoda,23,1,5102.82,True,5102.82
B03049,2026-01-15,2026-02-04,2026-02-07,Villa,Booking.com,20,3,10000.61,False,30001.83
B03050,2026-02-01,2026-02-05,2026-02-07,Cottage,Direct,4,2,5362.32,False,10724.64
B03051,2025-12-19,2026-02-05,2026-02-08,Cottage,MakeMyTrip,48,3,5211.39,True,15634.17
B03052,2026-01-21,2026-02-05,2026-02-06,Cottage,MakeMyTrip,15,1,5629.24,False,5629.24
B03053,2026-01-19,2026-02-05,2026-02-07,Dormitory,MakeMyTrip,17,2,2074.29,False,4148.58
B03054,2026-01-29,2026-02-05,2026-02-07,Camping Tent,Direct,7,2,2664.52,False,5329.04
B03055,2026-01-25,2026-02-06,2026-02-08,Cottage,Agoda,12,2,6001.02,False,12002.04
B03056,2026-02-02,2026-02-06,2026-02-07,Cottage,Direct,4,1,5454.24,False,5454.24
B03057,2026-02-01,2026-02-06,2026-02-09,Cottage,Direct,5,3,6459.15,False,19377.45
B03058,2026-01-16,2026-02-06,2026-02-08,Cottage,MakeMyTrip,21,2,5997.79,False,11995.58
B03059,2026-01-25,2026-02-06,2026-02-09,Villa,Booking.com,12,3,11691.54,True,35074.62
B03060,2026-01-01,2026-02-06,2026-02-09,Dormitory,Direct,36,3,2579.43,False,7738.29
B03061,2026-01-11,2026-02-06,2026-02-07,Camping Tent,MakeMyTrip,26,1,3129.62,False,3129.62
B03062,2026-01-25,2026-02-07,2026-02-09,Cottage,Direct,13,2,6536.32,False,13072.64
B03063,2026-01-17,2026-02-07,2026-02-08,Cottage,MakeMyTrip,21,1,5798.11,True,5798.11
B03064,2026-01-26,2026-02-07,2026-02-08,Cottage,Direct,12,1,5735.85,False,5735.85
B03065,2026-02-05,2026-02-07,2026-02-10,Cottage,Direct,2,3,6040.93,False,18122.79
B03066,2026-01-24,2026-02-07,2026-02-10,Villa,Direct,14,3,11614.66,False,34843.98
B03067,2026-01-14,2026-02-07,2026-02-09,Dormitory,MakeMyTrip,24,2,2436.73,False,4873.46
B03068,2026-01-15,2026-02-07,2026-02-08,Dormitory,Booking.com,23,1,2398.04,False,2398.04
B03069,2026-01-31,2026-02-07,2026-02-08,Camping Tent,Direct,7,1,3104.29,False,3104.29
B03070,2026-01-30,2026-02-07,2026-02-08,Camping Tent,Direct,8,1,3206.93,False,3206.93
B03071,2026-01-11,2026-02-08,2026-02-10,Cottage,Agoda,28,2,5421.0,True,10842.0
B03072,2026-02-03,2026-02-08,2026-02-10,Cottage,Direct,5,2,5548.38,False,11096.76
B03073,2025-12-18,2026-02-08,2026-02-11,Cottage,Booking.com,52,3,5606.67,True,16820.01
B03074,2026-02-03,2026-02-08,2026-02-11,Cottage,Direct,5,3,5511.83,False,16535.49
B03075,2026-01-26,2026-02-08,2026-02-10,Cottage,Booking.com,13,2,5802.78,False,11605.56
B03076,2026-01-04,2026-02-08,2026-02-10,Cottage,Booking.com,35,2,6364.84,False,12729.68
B03077,2026-01-16,2026-02-08,2026-02-10,Cottage,Booking.com,23,2,6041.12,False,12082.24
B03078,2026-02-07,2026-02-08,2026-02-09,Cottage,Direct,1,1,5676.84,False,5676.84
B03079,2026-01-06,2026-02-08,2026-02-10,Dormitory,Agoda,33,2,2349.24,True,4698.48
B03080,2026-01-26,2026-02-09,2026-02-10,Cottage,Booking.com,14,1,4983.2,False,4983.2
B03081,2026-02-01,2026-02-09,2026-02-11,Cottage,Direct,8,2,4992.27,False,9984.54
B03082,2026-01-15,2026-02-09,2026-02-11,Cottage,Booking.com,25,2,5116.5,False,10233.0
B03083,2026-01-25,2026-02-09,2026-02-10,Cottage,Booking.com,15,1,5309.15,False,5309.15
B03084,2026-02-01,2026-02-09,2026-02-10,Camping Tent,Direct,8,1,2956.51,False,2956.51
B03085,2026-01-24,2026-02-10,2026-02-14,Cottage,Agoda,17,4,4803.08,False,19212.32
B03086,2026-01-28,2026-02-10,2026-02-11,Cottage,Booking.com,13,1,4835.61,False,4835.61
B03087,2026-01-26,2026-02-10,2026-02-12,Cottage,MakeMyTrip,15,2,5445.7,False,10891.4
B03088,2026-01-28,2026-02-10,2026-02-11,Cottage,Direct,13,1,5310.97,False,5310.97
B03089,2026-01-21,2026-02-10,2026-02-13,Cottage,Agoda,20,3,5231.81,False,15695.43
B03090,2026-01-23,2026-02-11,2026-02-15,Cottage,Direct,19,4,5608.21,False,22432.84
B03091,2026-01-23,2026-02-11,2026-02-12,Cottage,MakeMyTrip,19,1,4945.53,False,4945.53
B03092,2026-01-25,2026-02-11,2026-02-13,Dormitory,Direct,17,2,2158.77,False,4317.54
B03093,2026-01-23,2026-02-11,2026-02-14,Camping Tent,Booking.com,19,3,2747.65,False,8242.95
B03094,2026-01-14,2026-02-12,2026-02-14,Cottage,Direct,29,2,5245.82,False,10491.64
B03095,2026-01-16,2026-02-12,2026-02-13,Cottage,Direct,27,1,4847.25,False,4847.25
B03096,2026-02-08,2026-02-12,2026-02-15,Cottage,Direct,4,3,5112.6,False,15337.8
B03097,2026-02-10,2026-02-12,2026-02-13,Dormitory,Direct,2,1,2206.61,False,2206.61
B03098,2025-12-28,2026-02-12,2026-02-14,Camping Tent,Booking.com,46,2,2830.25,False,5660.5
B03099,2026-01-30,2026-02-13,2026-02-14,Cottage,MakeMyTrip,14,1,6458.06,False,6458.06
B03100,2026-02-02,2026-02-13,2026-02-15,Cottage,Booking.com,11,2,5595.75,False,11191.5
B03101,2026-01-25,2026-02-13,2026-02-15,Cottage,Agoda,19,2,5844.03,False,11688.06
B03102,2026-02-02,2026-02-13,2026-02-17,Cottage,Agoda,11,4,5799.24,True,23196.96
B03103,2026-01-17,2026-02-13,2026-02-14,Cottage,Booking.com,27,1,5363.85,False,5363.85
B03104,2026-01-29,2026-02-13,2026-02-16,Cottage,MakeMyTrip,15,3,5702.03,True,17106.09
B03105,2026-01-24,2026-02-13,2026-02-14,Cottage,MakeMyTrip,20,1,6229.16,False,6229.16
B03106,2026-01-28,2026-02-13,2026-02-15,Cottage,MakeMyTrip,16,2,5599.38,False,11198.76
B03107,2026-01-29,2026-02-13,2026-02-15,Dormitory,Booking.com,15,2,2073.81,False,4147.62
B03108,2026-01-26,2026-02-14,2026-02-15,Cottage,Booking.com,19,1,6155.44,False,6155.44
B03109,2026-01-18,2026-02-14,2026-02-15,Cottage,Booking.com,27,1,5829.06,True,5829.06
B03110,2026-01-29,2026-02-14,2026-02-16,Cottage,MakeMyTrip,16,2,6078.25,False,12156.5
B03111,2026-01-20,2026-02-14,2026-02-16,Cottage,Agoda,25,2,5438.24,False,10876.48
B03112,2026-02-04,2026-02-14,2026-02-17,Dormitory,MakeMyTrip,10,3,2671.42,False,8014.26
B03113,2026-01-31,2026-02-14,2026-02-17,Camping Tent,MakeMyTrip,14,3,3325.78,False,9977.34
B03114,2026-01-10,2026-02-15,2026-02-16,Cottage,MakeMyTrip,36,1,5744.84,False,5744.84
B03115,2026-01-29,2026-02-15,2026-02-16,Cottage,Direct,17,1,5837.54,False,5837.54
B03116,2026-02-07,2026-02-15,2026-02-17,Cottage,Direct,8,2,5140.61,True,10281.22
B03117,2026-01-20,2026-02-15,2026-02-17,Cottage,Direct,26,2,6130.42,False,12260.84
B03118,2026-01-30,2026-02-15,2026-02-17,Cottage,Booking.com,16,2,6019.83,True,12039.66
B03119,2026-02-05,2026-02-15,2026-02-16,Cottage,Agoda,10,1,5916.19,False,5916.19
B03120,2026-01-25,2026-02-15,2026-02-17,Cottage,MakeMyTrip,21,2,5287.72,False,10575.44
B03121,2026-02-05,2026-02-15,2026-02-17,Dormitory,MakeMyTrip,10,2,2524.1,False,5048.2
B03122,2026-01-27,2026-02-15,2026-02-16,Camping Tent,Booking.com,19,1,3013.83,False,3013.83
B03123,2026-01-27,2026-02-16,2026-02-18,Cottage,Direct,20,2,5417.31,False,10834.62
B03124,2026-01-28,2026-02-16,2026-02-18,Cottage,Booking.com,19,2,5257.95,False,10515.9
B03125,2026-01-27,2026-02-16,2026-02-17,Villa,MakeMyTrip,20,1,10979.84,False,10979.84
B03126,2026-02-12,2026-02-16,2026-02-17,Dormitory,Direct,4,1,2261.07,False,2261.07
B03127,2026-01-24,2026-02-16,2026-02-17,Camping Tent,Booking.com,23,1,2864.64,False,2864.64
B03128,2026-02-10,2026-02-16,2026-02-18,Camping Tent,Direct,6,2,2819.98,False,5639.96
B03129,2026-02-01,2026-02-17,2026-02-20,Cottage,MakeMyTrip,16,3,4989.55,False,14968.65
B03130,2026-01-24,2026-02-17,2026-02-18,Cottage,Booking.com,24,1,5502.18,False,5502.18
B03131,2026-01-31,2026-02-17,2026-02-18,Cottage,MakeMyTrip,17,1,5072.17,False,5072.17
B03132,2026-02-02,2026-02-17,2026-02-18,Cottage,MakeMyTrip,15,1,5036.07,False,5036.07
B03133,2026-02-14,2026-02-17,2026-02-19,Cottage,Direct,3,2,4786.64,False,9573.28
B03134,2026-01-27,2026-02-17,2026-02-18,Villa,MakeMyTrip,21,1,10265.66,True,10265.66
B03135,2026-01-25,2026-02-17,2026-02-18,Dormitory,Booking.com,23,1,1880.55,False,1880.55
B03136,2025-12-21,2026-02-18,2026-02-20,Cottage,Booking.com,59,2,5002.03,False,10004.06
B03137,2026-02-16,2026-02-18,2026-02-19,Cottage,Direct,2,1,4916.54,False,4916.54
B03138,2026-02-13,2026-02-18,2026-02-20,Cottage,Direct,5,2,5160.08,False,10320.16
B03139,2026-01-03,2026-02-18,2026-02-19,Cottage,Booking.com,46,1,4898.9,False,4898.9
B03140,2026-02-05,2026-02-18,2026-02-22,Cottage,Booking.com,13,4,5169.28,True,20677.12
B03141,2026-02-03,2026-02-18,2026-02-20,Villa,Booking.com,15,2,9760.89,False,19521.78
B03142,2026-02-11,2026-02-18,2026-02-19,Dormitory,Direct,7,1,2404.51,False,2404.51
B03143,2026-02-06,2026-02-18,2026-02-19,Camping Tent,Booking.com,12,1,2732.32,False,2732.32
B03144,2026-02-04,2026-02-19,2026-02-21,Cottage,MakeMyTrip,15,2,5581.27,False,11162.54
B03145,2026-02-14,2026-02-19,2026-02-20,Cottage,Direct,5,1,5350.62,False,5350.62
B03146,2026-02-01,2026-02-19,2026-02-20,Cottage,Booking.com,18,1,5355.39,False,5355.39
B03147,2026-02-01,2026-02-19,2026-02-22,Cottage,MakeMyTrip,18,3,5333.37,False,16000.11
B03148,2026-02-04,2026-02-19,2026-02-22,Dormitory,Booking.com,15,3,1854.22,False,5562.66
B03149,2026-01-30,2026-02-20,2026-02-22,Cottage,Booking.com,21,2,5601.05,False,11202.1
B03150,2026-01-19,2026-02-20,2026-02-23,Cottage,MakeMyTrip,32,3,6010.46,False,18031.38
B03151,2026-02-14,2026-02-20,2026-02-24,Cottage,Direct,6,4,6150.42,False,24601.68
B03152,2026-02-03,2026-02-20,2026-02-21,Cottage,Booking.com,17,1,5598.39,False,5598.39
B03153,2026-02-08,2026-02-20,2026-02-22,Cottage,Direct,12,2,6127.56,False,12255.12
B03154,2026-01-25,2026-02-20,2026-02-21,Villa,MakeMyTrip,26,1,11224.69,False,11224.69
B03155,2026-02-13,2026-02-20,2026-02-21,Dormitory,Direct,7,1,2619.81,False,2619.81
B03156,2026-02-01,2026-02-20,2026-02-21,Camping Tent,Booking.com,19,1,3267.51,False,3267.51
B03157,2026-01-20,2026-02-20,2026-02-21,Camping Tent,Agoda,31,1,3143.46,False,3143.46
B03158,2026-02-02,2026-02-21,2026-02-22,Cottage,Direct,19,1,5437.0,False,5437.0
B03159,2026-01-25,2026-02-21,2026-02-22,Cottage,MakeMyTrip,27,1,5840.97,False,5840.97
B03160,2026-02-18,2026-02-21,2026-02-23,Cottage,Direct,3,2,5441.99,False,10883.98
B03161,2026-01-30,2026-02-21,2026-02-22,Cottage,Direct,22,1,5816.84,False,5816.84
B03162,2026-02-07,2026-02-21,2026-02-22,Villa,Direct,14,1,11877.3,False,11877.3
B03163,2026-02-15,2026-02-21,2026-02-24,Camping Tent,Direct,6,3,3225.43,False,9676.29
B03164,2026-02-05,2026-02-22,2026-02-23,Cottage,Booking.com,17,1,6050.42,False,6050.42
B03165,2026-01-30,2026-02-22,2026-02-23,Cottage,MakeMyTrip,23,1,6071.19,False,6071.19
B03166,2026-02-09,2026-02-22,2026-02-24,Cottage,Direct,13,2,5768.26,False,11536.52
B03167,2026-02-05,2026-02-22,2026-02-24,Cottage,Direct,17,2,5802.68,False,11605.36
B03168,2026-01-17,2026-02-22,2026-02-24,Villa,Direct,36,2,11502.74,False,23005.48
B03169,2026-02-18,2026-02-22,2026-02-23,Dormitory,Direct,4,1,2494.73,False,2494.73
B03170,2026-02-11,2026-02-22,2026-02-24,Camping Tent,Direct,11,2,2986.89,False,5973.78
B03171,2026-02-06,2026-02-23,2026-02-25,Cottage,MakeMyTrip,17,2,4998.59,False,9997.18
B03172,2026-02-02,2026-02-23,2026-02-25,Cottage,Direct,21,2,5519.81,False,11039.62
B03173,2026-02-06,2026-02-23,2026-02-25,Cottage,Direct,17,2,5239.23,False,10478.46
B03174,2026-02-20,2026-02-23,2026-02-26,Dormitory,Direct,3,3,2052.33,False,6156.99
B03175,2026-02-05,2026-02-23,2026-02-26,Camping Tent,MakeMyTrip,18,3,2920.55,False,8761.65
B03176,2026-02-09,2026-02-23,2026-02-24,Camping Tent,Booking.com,14,1,2743.67,False,2743.67
B03177,2026-02-07,2026-02-24,2026-02-25,Cottage,Direct,17,1,4821.36,False,4821.36
B03178,2026-02-20,2026-02-24,2026-02-25,Cottage,Direct,4,1,5225.96,True,5225.96
B03179,2026-02-06,2026-02-24,2026-02-25,Cottage,Booking.com,18,1,5023.25,False,5023.25
B03180,2026-02-06,2026-02-24,2026-02-25,Dormitory,Booking.com,18,1,2222.23,False,2222.23
B03181,2026-02-05,2026-02-24,2026-02-28,Camping Tent,Agoda,19,4,2735.23,True,10940.92
B03182,2026-01-31,2026-02-25,2026-02-27,Cottage,Booking.com,25,2,5868.61,False,11737.22
B03183,2026-01-17,2026-02-25,2026-02-26,Cottage,MakeMyTrip,39,1,5195.28,False,5195.28
B03184,2026-02-14,2026-02-25,2026-02-27,Cottage,Agoda,11,2,5433.46,False,10866.92
B03185,2026-01-28,2026-02-25,2026-02-27,Cottage,MakeMyTrip,28,2,5351.26,False,10702.52
B03186,2026-02-17,2026-02-25,2026-02-28,Villa,Direct,8,3,10461.87,False,31385.61
B03187,2026-02-18,2026-02-25,2026-03-01,Camping Tent,Direct,7,4,2844.87,False,11379.48
B03188,2026-02-22,2026-02-26,2026-02-27,Cottage,Direct,4,1,5165.9,False,5165.9
B03189,2026-02-19,2026-02-26,2026-02-28,Cottage,Direct,7,2,5398.28,False,10796.56
B03190,2026-02-10,2026-02-26,2026-03-01,Cottage,Direct,16,3,5320.86,False,15962.58
B03191,2026-02-25,2026-02-26,2026-02-27,Cottage,Direct,1,1,5713.72,False,5713.72
B03192,2026-02-04,2026-02-26,2026-02-28,Dormitory,MakeMyTrip,22,2,2255.47,False,4510.94
B03193,2026-02-12,2026-02-27,2026-03-01,Cottage,Booking.com,15,2,5678.37,False,11356.74
B03194,2026-02-05,2026-02-27,2026-03-02,Cottage,Booking.com,22,3,6098.03,False,18294.09
B03195,2026-02-16,2026-02-27,2026-03-01,Cottage,Direct,11,2,5746.95,False,11493.9
B03196,2026-02-05,2026-02-27,2026-02-28,Cottage,Booking.com,22,1,5526.74,False,5526.74
B03197,2026-01-20,2026-02-27,2026-03-01,Cottage,Booking.com,38,2,5507.25,False,11014.5
B03198,2026-01-28,2026-02-27,2026-03-02,Cottage,Booking.com,30,3,6043.78,False,18131.34
B03199,2026-02-12,2026-02-27,2026-02-28,Cottage,MakeMyTrip,15,1,5860.61,False,5860.61
B03200,2026-01-27,2026-02-27,2026-03-03,Villa,MakeMyTrip,31,4,11284.53,False,45138.12
B03201,2026-02-14,2026-02-27,2026-03-03,Dormitory,Agoda,13,4,2288.19,False,9152.76
B03202,2026-02-15,2026-02-28,2026-03-01,Cottage,Direct,13,1,5848.68,False,5848.68
B03203,2026-02-19,2026-02-28,2026-03-03,Cottage,Direct,9,3,6048.44,False,18145.32
B03204,2026-02-02,2026-02-28,2026-03-03,Cottage,MakeMyTrip,26,3,6127.67,True,18383.01
B03205,2026-02-18,2026-02-28,2026-03-01,Cottage,Agoda,10,1,5322.0,False,5322.0
B03206,2026-02-11,2026-02-28,2026-03-01,Cottage,MakeMyTrip,17,1,5792.51,False,5792.51
B03207,2026-02-17,2026-02-28,2026-03-01,Dormitory,Agoda,11,1,2470.47,False,2470.47
B03208,2026-02-16,2026-02-28,2026-03-02,Dormitory,Direct,12,2,2640.7,False,5281.4
B03209,2026-02-17,2026-03-01,2026-03-03,Cottage,Direct,12,2,5504.02,False,11008.04
B03210,2026-02-07,2026-03-01,2026-03-03,Cottage,Booking.com,22,2,5146.41,False,10292.82
B03211,2026-02-05,2026-03-01,2026-03-05,Cottage,Direct,24,4,5829.74,False,23318.96
B03212,2026-02-08,2026-03-01,2026-03-02,Camping Tent,MakeMyTrip,21,1,2817.41,False,2817.41
B03213,2026-02-17,2026-03-02,2026-03-03,Cottage,Agoda,13,1,5327.73,False,5327.73
B03214,2026-01-27,2026-03-02,2026-03-04,Villa,Booking.com,34,2,10055.79,False,20111.58
B03215,2026-02-05,2026-03-02,2026-03-04,Dormitory,Direct,25,2,2016.55,False,4033.1
B03216,2026-02-15,2026-03-02,2026-03-04,Dormitory,Booking.com,15,2,2115.75,True,4231.5
B03217,2026-02-05,2026-03-03,2026-03-07,Cottage,Booking.com,26,4,4898.74,False,19594.96
B03218,2026-02-04,2026-03-03,2026-03-04,Cottage,Direct,27,1,4477.69,False,4477.69
B03219,2026-02-10,2026-03-03,2026-03-04,Cottage,Agoda,21,1,4773.86,False,4773.86
B03220,2026-02-09,2026-03-03,2026-03-05,Cottage,MakeMyTrip,22,2,5047.09,False,10094.18
B03221,2026-02-13,2026-03-03,2026-03-05,Cottage,MakeMyTrip,18,2,5054.77,False,10109.54
B03222,2026-02-05,2026-03-03,2026-03-06,Cottage,MakeMyTrip,26,3,5123.2,True,15369.6
B03223,2026-01-22,2026-03-04,2026-03-08,Cottage,MakeMyTrip,41,4,4775.81,True,19103.24
B03224,2026-02-21,2026-03-04,2026-03-06,Cottage,Booking.com,11,2,5134.21,False,10268.42
B03225,2026-02-04,2026-03-04,2026-03-05,Cottage,MakeMyTrip,28,1,4593.74,False,4593.74
B03226,2026-02-17,2026-03-04,2026-03-05,Cottage,MakeMyTrip,15,1,4497.71,False,4497.71
B03227,2026-02-15,2026-03-04,2026-03-05,Cottage,Direct,17,1,4930.58,False,4930.58
B03228,2026-02-15,2026-03-04,2026-03-05,Dormitory,Direct,17,1,2255.35,False,2255.35
B03229,2026-02-06,2026-03-04,2026-03-05,Dormitory,Direct,26,1,1988.22,False,1988.22
B03230,2026-02-23,2026-03-04,2026-03-05,Camping Tent,Agoda,9,1,2535.27,False,2535.27
B03231,2026-03-01,2026-03-05,2026-03-07,Cottage,Direct,4,2,4816.28,True,9632.56
B03232,2026-02-26,2026-03-05,2026-03-06,Cottage,Direct,7,1,5043.15,False,5043.15
B03233,2026-02-24,2026-03-05,2026-03-07,Cottage,MakeMyTrip,9,2,5145.18,False,10290.36
B03234,2026-01-19,2026-03-05,2026-03-09,Dormitory,MakeMyTrip,45,4,1996.48,False,7985.92
B03235,2026-02-28,2026-03-06,2026-03-09,Cottage,Direct,6,3,5730.2,False,17190.6
B03236,2026-03-03,2026-03-06,2026-03-08,Cottage,Direct,3,2,5531.88,False,11063.76
B03237,2026-02-10,2026-03-06,2026-03-08,Cottage,Booking.com,24,2,5621.47,False,11242.94
B03238,2026-02-08,2026-03-06,2026-03-08,Dormitory,Booking.com,26,2,2414.97,False,4829.94
B03239,2026-02-04,2026-03-06,2026-03-09,Dormitory,MakeMyTrip,30,3,2386.9,False,7160.7
B03240,2026-02-23,2026-03-06,2026-03-07,Camping Tent,Direct,11,1,2804.44,False,2804.44
B03241,2026-02-22,2026-03-07,2026-03-09,Cottage,Direct,13,2,5483.53,False,10967.06
B03242,2026-01-31,2026-03-07,2026-03-09,Cottage,Booking.com,35,2,5355.78,True,10711.56
B03243,2026-02-12,2026-03-07,2026-03-09,Cottage,Booking.com,23,2,5680.95,False,11361.9
B03244,2026-02-12,2026-03-07,2026-03-08,Cottage,Direct,23,1,5277.91,False,5277.91
B03245,2026-02-25,2026-03-07,2026-03-09,Cottage,Direct,10,2,5835.26,False,11670.52
B03246,2026-02-09,2026-03-07,2026-03-08,Cottage,Agoda,26,1,5669.53,False,5669.53
B03247,2026-02-18,2026-03-07,2026-03-08,Dormitory,Agoda,17,1,2231.45,False,2231.45
B03248,2026-01-21,2026-03-07,2026-03-08,Dormitory,Booking.com,45,1,2439.89,False,2439.89
B03249,2026-02-25,2026-03-07,2026-03-10,Camping Tent,Booking.com,10,3,2869.02,False,8607.06
B03250,2026-02-12,2026-03-08,2026-03-11,Cottage,Agoda,24,3,5287.63,True,15862.89
B03251,2026-02-15,2026-03-08,2026-03-09,Cottage,MakeMyTrip,21,1,5088.18,False,5088.18
B03252,2026-02-11,2026-03-08,2026-03-11,Cottage,Agoda,25,3,5115.37,True,15346.11
B03253,2026-02-15,2026-03-08,2026-03-11,Cottage,Agoda,21,3,5739.39,False,17218.17
B03254,2026-02-14,2026-03-08,2026-03-10,Cottage,Booking.com,22,2,5660.31,False,11320.62
B03255,2026-02-25,2026-03-08,2026-03-11,Villa,Booking.com,11,3,11749.36,False,35248.08
B03256,2026-03-06,2026-03-08,2026-03-11,Dormitory,Direct,2,3,2419.13,False,7257.39
B03257,2026-02-26,2026-03-08,2026-03-11,Camping Tent,Direct,10,3,2716.56,False,8149.68
B03258,2026-02-27,2026-03-09,2026-03-11,Cottage,MakeMyTrip,10,2,5458.02,False,10916.04
B03259,2026-03-03,2026-03-09,2026-03-10,Cottage,Direct,6,1,4487.61,False,4487.61
B03260,2026-02-10,2026-03-09,2026-03-10,Dormitory,Agoda,27,1,2062.36,False,2062.36
B03261,2026-02-26,2026-03-09,2026-03-11,Camping Tent,Agoda,11,2,2751.74,False,5503.48
B03262,2026-02-16,2026-03-10,2026-03-11,Cottage,Agoda,22,1,5158.16,False,5158.16
B03263,2026-02-18,2026-03-10,2026-03-11,Dormitory,MakeMyTrip,20,1,2075.81,False,2075.81
B03264,2026-03-07,2026-03-10,2026-03-12,Camping Tent,Direct,3,2,2619.54,False,5239.08
B03265,2026-01-26,2026-03-11,2026-03-14,Cottage,Agoda,44,3,4898.74,False,14696.22
B03266,2026-02-28,2026-03-11,2026-03-14,Cottage,Agoda,11,3,5138.42,True,15415.26
B03267,2026-02-04,2026-03-11,2026-03-12,Cottage,Direct,35,1,5113.99,False,5113.99
B03268,2026-02-24,2026-03-11,2026-03-13,Cottage,Direct,15,2,4770.18,False,9540.36
B03269,2026-02-17,2026-03-11,2026-03-13,Cottage,Direct,22,2,4798.4,False,9596.8
B03270,2026-02-19,2026-03-11,2026-03-13,Villa,Direct,20,2,9546.98,False,19093.96
B03271,2026-02-25,2026-03-11,2026-03-13,Dormitory,Booking.com,14,2,1963.66,False,3927.32
B03272,2026-03-08,2026-03-12,2026-03-14,Cottage,Direct,4,2,4553.3,False,9106.6
B03273,2026-02-24,2026-03-12,2026-03-14,Cottage,MakeMyTrip,16,2,4694.67,False,9389.34
B03274,2026-02-19,2026-03-12,2026-03-14,Cottage,Booking.com,21,2,5229.58,False,10459.16
B03275,2026-02-11,2026-03-12,2026-03-13,Cottage,Booking.com,29,1,4842.9,False,4842.9
B03276,2026-03-02,2026-03-12,2026-03-14,Cottage,Direct,10,2,4783.18,False,9566.36
B03277,2026-02-25,2026-03-12,2026-03-13,Dormitory,MakeMyTrip,15,1,2061.74,False,2061.74
B03278,2026-03-01,2026-03-12,2026-03-13,Camping Tent,Direct,11,1,2777.78,False,2777.78
B03279,2026-03-04,2026-03-13,2026-03-15,Cottage,Direct,9,2,5508.89,False,11017.78
B03280,2026-03-08,2026-03-13,2026-03-17,Cottage,Direct,5,4,5551.8,False,22207.2
B03281,2026-03-01,2026-03-13,2026-03-14,Cottage,Direct,12,1,5447.27,True,5447.27
B03282,2026-03-02,2026-03-13,2026-03-14,Cottage,Direct,11,1,5676.83,False,5676.83
B03283,2026-03-02,2026-03-13,2026-03-14,Cottage,Booking.com,11,1,5600.68,False,5600.68
B03284,2026-02-19,2026-03-13,2026-03-15,Cottage,Booking.com,22,2,5950.17,False,11900.34
B03285,2026-03-01,2026-03-13,2026-03-14,Cottage,Booking.com,12,1,5410.45,False,5410.45
B03286,2026-03-01,2026-03-13,2026-03-14,Camping Tent,Direct,12,1,3200.37,False,3200.37
B03287,2026-02-22,2026-03-13,2026-03-15,Camping Tent,Booking.com,19,2,3116.24,False,6232.48
B03288,2026-02-27,2026-03-14,2026-03-16,Cottage,Booking.com,15,2,5485.25,False,10970.5
B03289,2026-02-26,2026-03-14,2026-03-15,Cottage,Agoda,16,1,5613.54,False,5613.54
B03290,2026-03-02,2026-03-14,2026-03-15,Cottage,MakeMyTrip,12,1,5385.61,False,5385.61
B03291,2026-03-06,2026-03-14,2026-03-15,Cottage,Direct,8,1,5433.49,True,5433.49
B03292,2026-03-02,2026-03-14,2026-03-15,Cottage,MakeMyTrip,12,1,5719.67,False,5719.67
B03293,2026-02-23,2026-03-14,2026-03-16,Dormitory,Direct,19,2,2373.1,False,4746.2
B03294,2026-02-22,2026-03-14,2026-03-15,Camping Tent,MakeMyTrip,20,1,3107.55,False,3107.55
B03295,2026-02-28,2026-03-15,2026-03-17,Cottage,MakeMyTrip,15,2,5204.43,False,10408.86
B03296,2026-02-28,2026-03-15,2026-03-18,Cottage,Agoda,15,3,5809.98,False,17429.94
B03297,2026-03-02,2026-03-15,2026-03-16,Cottage,MakeMyTrip,13,1,5914.59,False,5914.59
B03298,2026-03-06,2026-03-15,2026-03-18,Cottage,Direct,9,3,5526.63,False,16579.89
B03299,2026-02-28,2026-03-15,2026-03-16,Cottage,Direct,15,1,5483.95,False,5483.95
B03300,2026-02-15,2026-03-15,2026-03-17,Cottage,Booking.com,28,2,5589.83,False,11179.66
B03301,2026-02-13,2026-03-15,2026-03-18,Cottage,MakeMyTrip,30,3,6056.56,False,18169.68
B03302,2026-02-28,2026-03-15,2026-03-16,Dormitory,Direct,15,1,2369.69,False,2369.69
B03303,2026-02-26,2026-03-16,2026-03-18,Cottage,Direct,18,2,4896.01,False,9792.02
B03304,2026-02-23,2026-03-16,2026-03-18,Cottage,MakeMyTrip,21,2,4995.29,False,9990.58
B03305,2026-03-12,2026-03-16,2026-03-17,Cottage,Direct,4,1,5107.41,False,5107.41
B03306,2026-02-12,2026-03-16,2026-03-18,Cottage,Direct,32,2,5284.17,False,10568.34
B03307,2026-02-25,2026-03-16,2026-03-19,Cottage,Direct,19,3,4827.85,False,14483.55
B03308,2026-03-03,2026-03-16,2026-03-18,Cottage,Agoda,13,2,4781.99,False,9563.98
B03309,2026-02-22,2026-03-16,2026-03-18,Villa,Booking.com,22,2,9445.81,False,18891.62
B03310,2026-03-13,2026-03-17,2026-03-21,Cottage,Direct,4,4,5038.03,False,20152.12
B03311,2026-03-06,2026-03-17,2026-03-20,Dormitory,MakeMyTrip,11,3,2028.62,False,6085.86
B03312,2026-02-15,2026-03-17,2026-03-21,Camping Tent,MakeMyTrip,30,4,2483.97,True,9935.88
B03313,2026-03-06,2026-03-18,2026-03-20,Cottage,Direct,12,2,4764.31,False,9528.62
B03314,2026-03-14,2026-03-18,2026-03-19,Cottage,Direct,4,1,5051.28,False,5051.28
B03315,2026-02-27,2026-03-18,2026-03-21,Villa,MakeMyTrip,19,3,10198.26,False,30594.78
B03316,2026-02-24,2026-03-18,2026-03-22,Camping Tent,Direct,22,4,2638.62,False,10554.48
B03317,2026-03-12,2026-03-19,2026-03-22,Cottage,Direct,7,3,4359.42,False,13078.26
B03318,2026-03-17,2026-03-19,2026-03-20,Cottage,Direct,2,1,5003.43,False,5003.43
B03319,2026-02-28,2026-03-19,2026-03-20,Cottage,MakeMyTrip,19,1,4660.68,False,4660.68
B03320,2026-03-13,2026-03-19,2026-03-22,Villa,Direct,6,3,9412.27,False,28236.81
B03321,2026-03-16,2026-03-20,2026-03-21,Cottage,Direct,4,1,5365.6,False,5365.6
B03322,2026-03-14,2026-03-20,2026-03-21,Cottage,Direct,6,1,5626.13,False,5626.13
B03323,2026-03-06,2026-03-20,2026-03-22,Cottage,Agoda,14,2,5544.54,False,11089.08
B03324,2026-03-09,2026-03-20,2026-03-24,Villa,Agoda,11,4,11049.5,False,44198.0
B03325,2026-03-07,2026-03-20,2026-03-21,Dormitory,Booking.com,13,1,2482.36,False,2482.36
B03326,2026-03-18,2026-03-20,2026-03-22,Dormitory,Direct,2,2,2474.24,False,4948.48
B03327,2026-02-26,2026-03-20,2026-03-22,Camping Tent,MakeMyTrip,22,2,3175.64,False,6351.28
B03328,2026-02-28,2026-03-21,2026-03-24,Cottage,MakeMyTrip,21,3,5505.61,False,16516.83
B03329,2026-03-18,2026-03-21,2026-03-24,Cottage,Direct,3,3,5540.22,False,16620.66
B03330,2026-03-09,2026-03-21,2026-03-24,Cottage,Direct,12,3,5721.16,False,17163.48
B03331,2026-03-09,2026-03-21,2026-03-23,Cottage,Direct,12,2,5300.15,False,10600.3
B03332,2026-03-14,2026-03-21,2026-03-23,Cottage,Direct,7,2,5544.51,False,11089.02
B03333,2026-02-25,2026-03-21,2026-03-24,Cottage,Agoda,24,3,5569.25,True,16707.75
B03334,2026-02-19,2026-03-21,2026-03-23,Villa,Booking.com,30,2,11928.13,False,23856.26
B03335,2026-03-17,2026-03-21,2026-03-22,Camping Tent,Direct,4,1,3076.96,False,3076.96
B03336,2026-03-10,2026-03-22,2026-03-24,Cottage,Booking.com,12,2,5291.7,True,10583.4
B03337,2026-03-11,2026-03-22,2026-03-23,Cottage,Direct,11,1,5803.73,False,5803.73
B03338,2026-03-06,2026-03-22,2026-03-25,Cottage,MakeMyTrip,16,3,5381.14,False,16143.42
B03339,2026-03-14,2026-03-22,2026-03-25,Cottage,Direct,8,3,5127.3,False,15381.9
B03340,2026-02-24,2026-03-22,2026-03-24,Cottage,Booking.com,26,2,5500.47,False,11000.94
B03341,2026-03-12,2026-03-22,2026-03-25,Cottage,Booking.com,10,3,5650.42,False,16951.26
B03342,2026-03-12,2026-03-22,2026-03-24,Cottage,Booking.com,10,2,5511.93,False,11023.86
B03343,2026-03-13,2026-03-22,2026-03-23,Dormitory,Direct,9,1,2331.74,False,2331.74
B03344,2026-02-27,2026-03-22,2026-03-24,Camping Tent,Booking.com,23,2,2858.84,False,5717.68
B03345,2026-03-12,2026-03-22,2026-03-23,Camping Tent,MakeMyTrip,10,1,2969.52,True,2969.52
B03346,2026-03-18,2026-03-23,2026-03-25,Cottage,Direct,5,2,5172.98,False,10345.96
B03347,2026-03-10,2026-03-23,2026-03-24,Cottage,Direct,13,1,5104.37,False,5104.37
B03348,2026-03-09,2026-03-23,2026-03-26,Cottage,Agoda,14,3,4898.76,False,14696.28
B03349,2026-03-06,2026-03-23,2026-03-25,Cottage,MakeMyTrip,17,2,5048.6,True,10097.2
B03350,2026-02-20,2026-03-23,2026-03-24,Cottage,Direct,31,1,4816.26,False,4816.26
B03351,2026-03-11,2026-03-23,2026-03-25,Dormitory,MakeMyTrip,12,2,2218.18,False,4436.36
B03352,2026-03-22,2026-03-24,2026-03-25,Cottage,Direct,2,1,5194.55,False,5194.55
B03353,2026-02-15,2026-03-24,2026-03-26,Cottage,Booking.com,37,2,4785.35,False,9570.7
B03354,2026-03-14,2026-03-24,2026-03-26,Cottage,Booking.com,10,2,5428.03,False,10856.06
B03355,2026-03-19,2026-03-24,2026-03-25,Camping Tent,Direct,5,1,2711.4,False,2711.4
B03356,2026-03-02,2026-03-24,2026-03-25,Camping Tent,Agoda,22,1,2757.36,False,2757.36
B03357,2026-03-08,2026-03-25,2026-03-27,Cottage,Agoda,17,2,4843.94,False,9687.88
B03358,2026-03-03,2026-03-25,2026-03-28,Cottage,MakeMyTrip,22,3,4806.07,False,14418.21
B03359,2026-03-05,2026-03-25,2026-03-28,Cottage,Booking.com,20,3,5128.1,False,15384.3
B03360,2026-03-17,2026-03-25,2026-03-26,Cottage,Direct,8,1,5085.21,False,5085.21
B03361,2026-02-27,2026-03-25,2026-03-26,Dormitory,MakeMyTrip,26,1,2341.26,False,2341.26
B03362,2026-03-05,2026-03-25,2026-03-27,Dormitory,Agoda,20,2,2061.52,False,4123.04
B03363,2026-03-11,2026-03-26,2026-03-28,Cottage,Booking.com,15,2,4931.93,True,9863.86
B03364,2026-03-14,2026-03-26,2026-03-27,Cottage,Booking.com,12,1,4611.25,False,4611.25
B03365,2026-03-14,2026-03-26,2026-03-28,Cottage,Agoda,12,2,4808.46,False,9616.92
B03366,2026-03-17,2026-03-26,2026-03-27,Cottage,Direct,9,1,4929.79,False,4929.79
B03367,2026-03-20,2026-03-26,2026-03-27,Cottage,Direct,6,1,4868.59,False,4868.59
B03368,2026-03-16,2026-03-26,2026-03-29,Dormitory,MakeMyTrip,10,3,2036.4,False,6109.2
B03369,2026-03-09,2026-03-26,2026-03-29,Dormitory,Booking.com,17,3,1984.04,False,5952.12
B03370,2026-03-15,2026-03-26,2026-03-27,Camping Tent,Direct,11,1,2870.69,False,2870.69
B03371,2026-03-09,2026-03-27,2026-03-29,Cottage,Agoda,18,2,6144.36,True,12288.72
B03372,2026-02-10,2026-03-27,2026-03-29,Cottage,Booking.com,45,2,5633.93,True,11267.86
B03373,2026-03-05,2026-03-27,2026-03-30,Cottage,Direct,22,3,5479.99,False,16439.97
B03374,2026-03-09,2026-03-27,2026-03-28,Cottage,Direct,18,1,5741.62,True,5741.62
B03375,2026-03-23,2026-03-27,2026-03-29,Cottage,Direct,4,2,5856.83,False,11713.66
B03376,2026-03-02,2026-03-27,2026-03-28,Dormitory,Booking.com,25,1,2220.04,False,2220.04
B03377,2026-03-09,2026-03-27,2026-03-30,Dormitory,Booking.com,18,3,2464.12,False,7392.36
B03378,2026-02-27,2026-03-27,2026-03-29,Camping Tent,Agoda,28,2,3092.47,False,6184.94
B03379,2026-03-20,2026-03-28,2026-03-31,Cottage,Booking.com,8,3,5459.21,False,16377.63
B03380,2026-03-16,2026-03-28,2026-04-01,Cottage,MakeMyTrip,12,4,5443.42,False,21773.68
B03381,2026-03-23,2026-03-28,2026-03-29,Cottage,Direct,5,1,5398.7,False,5398.7
B03382,2026-02-26,2026-03-28,2026-03-29,Cottage,Direct,30,1,5814.8,False,5814.8
B03383,2026-02-26,2026-03-28,2026-03-29,Cottage,Direct,30,1,5742.99,False,5742.99
B03384,2026-03-14,2026-03-28,2026-03-31,Cottage,Booking.com,14,3,5262.39,False,15787.17
B03385,2026-03-18,2026-03-28,2026-03-30,Dormitory,Booking.com,10,2,2360.9,False,4721.8
B03386,2026-03-18,2026-03-28,2026-03-31,Camping Tent,Direct,10,3,3187.34,False,9562.02
B03387,2026-03-20,2026-03-29,2026-03-31,Cottage,Agoda,9,2,5609.0,False,11218.0
B03388,2026-03-25,2026-03-29,2026-03-30,Cottage,Direct,4,1,5220.26,False,5220.26
B03389,2026-03-01,2026-03-29,2026-03-31,Cottage,Agoda,28,2,5275.09,False,10550.18
B03390,2026-03-09,2026-03-29,2026-03-31,Cottage,MakeMyTrip,20,2,5720.66,True,11441.32
B03391,2026-03-23,2026-03-29,2026-03-30,Cottage,Direct,6,1,5820.15,False,5820.15
B03392,2026-03-26,2026-03-29,2026-03-31,Villa,Direct,3,2,10466.51,False,20933.02
B03393,2026-02-26,2026-03-29,2026-03-30,Dormitory,Booking.com,31,1,2315.6,False,2315.6
B03394,2026-03-07,2026-03-29,2026-03-31,Dormitory,MakeMyTrip,22,2,2499.52,False,4999.04
B03395,2026-03-21,2026-03-29,2026-04-02,Camping Tent,Direct,8,4,3205.67,False,12822.68
B03396,2026-03-24,2026-03-30,2026-04-01,Cottage,Direct,6,2,4994.41,True,9988.82
B03397,2026-03-22,2026-03-30,2026-04-01,Cottage,Booking.com,8,2,4750.42,False,9500.84
B03398,2026-03-12,2026-03-30,2026-04-01,Dormitory,Agoda,18,2,1990.81,False,3981.62
B03399,2026-02-24,2026-03-30,2026-04-02,Dormitory,Booking.com,34,3,2138.51,True,6415.53
B03400,2026-03-21,2026-03-30,2026-03-31,Camping Tent,Direct,9,1,2552.88,False,2552.88
B03401,2026-03-16,2026-03-31,2026-04-01,Cottage,Booking.com,15,1,4642.67,False,4642.67
B03402,2026-02-28,2026-03-31,2026-04-01,Cottage,Booking.com,31,1,5052.14,False,5052.14
B03403,2026-03-25,2026-03-31,2026-04-02,Cottage,Direct,6,2,5398.42,False,10796.84
B03404,2026-03-05,2026-03-31,2026-04-02,Dormitory,Direct,26,2,2045.16,False,4090.32
B03405,2026-03-21,2026-03-31,2026-04-02,Dormitory,MakeMyTrip,10,2,1954.3,False,3908.6
B03406,2026-03-16,2026-03-31,2026-04-02,Camping Tent,MakeMyTrip,15,2,2802.82,False,5605.64
B03407,2026-03-17,2026-04-01,2026-04-04,Cottage,Direct,15,3,4807.86,False,14423.58
B03408,2026-03-13,2026-04-01,2026-04-02,Cottage,MakeMyTrip,19,1,4524.8,False,4524.8
B03409,2026-03-16,2026-04-01,2026-04-03,Cottage,MakeMyTrip,16,2,4670.07,False,9340.14
B03410,2026-03-25,2026-04-01,2026-04-02,Cottage,Direct,7,1,4518.06,False,4518.06
B03411,2026-03-20,2026-04-02,2026-04-04,Cottage,Booking.com,13,2,4999.17,False,9998.34
B03412,2026-03-16,2026-04-02,2026-04-04,Cottage,Booking.com,17,2,4587.25,False,9174.5
B03413,2026-03-30,2026-04-02,2026-04-04,Cottage,Direct,3,2,4620.61,False,9241.22
B03414,2026-03-04,2026-04-02,2026-04-03,Villa,MakeMyTrip,29,1,10269.43,False,10269.43
B03415,2026-04-02,2026-04-02,2026-04-04,Dormitory,Direct,0,2,2055.49,True,4110.98
B03416,2026-03-22,2026-04-02,2026-04-03,Camping Tent,MakeMyTrip,11,1,2381.07,False,2381.07
B03417,2026-02-22,2026-04-03,2026-04-04,Cottage,MakeMyTrip,40,1,5245.66,False,5245.66
B03418,2026-03-17,2026-04-03,2026-04-05,Cottage,Booking.com,17,2,5549.02,False,11098.04
B03419,2026-03-21,2026-04-03,2026-04-04,Cottage,MakeMyTrip,13,1,4853.81,False,4853.81
B03420,2026-03-17,2026-04-03,2026-04-05,Cottage,Agoda,17,2,4708.68,False,9417.36
B03421,2026-03-18,2026-04-03,2026-04-05,Cottage,MakeMyTrip,16,2,4634.75,False,9269.5
B03422,2026-03-14,2026-04-03,2026-04-04,Cottage,Direct,20,1,5089.97,True,5089.97
B03423,2026-03-09,2026-04-03,2026-04-05,Dormitory,Agoda,25,2,2227.02,False,4454.04
B03424,2026-03-01,2026-04-03,2026-04-06,Camping Tent,Booking.com,33,3,2743.37,False,8230.11
B03425,2026-03-05,2026-04-04,2026-04-06,Cottage,MakeMyTrip,30,2,5200.61,False,10401.22
B03426,2026-03-21,2026-04-04,2026-04-05,Cottage,Booking.com,14,1,5262.21,False,5262.21
B03427,2026-03-18,2026-04-04,2026-04-06,Cottage,Direct,17,2,4956.79,False,9913.58
B03428,2026-03-27,2026-04-04,2026-04-06,Cottage,Direct,8,2,5613.75,True,11227.5
B03429,2026-03-12,2026-04-04,2026-04-07,Cottage,MakeMyTrip,23,3,5074.32,False,15222.96
B03430,2026-03-18,2026-04-04,2026-04-05,Dormitory,Agoda,17,1,2162.67,False,2162.67
B03431,2026-03-24,2026-04-05,2026-04-08,Cottage,Booking.com,12,3,5267.34,False,15802.02
B03432,2026-03-22,2026-04-05,2026-04-08,Cottage,MakeMyTrip,14,3,4789.78,True,14369.34
B03433,2026-02-15,2026-04-05,2026-04-06,Cottage,Booking.com,49,1,5232.22,False,5232.22
B03434,2026-03-28,2026-04-05,2026-04-08,Cottage,MakeMyTrip,8,3,4971.98,False,14915.94
B03435,2026-03-21,2026-04-05,2026-04-08,Camping Tent,Booking.com,15,3,2973.81,False,8921.43
B03436,2026-01-04,2026-04-06,2026-04-08,Cottage,Agoda,92,2,4377.28,False,8754.56
B03437,2026-03-05,2026-04-06,2026-04-09,Cottage,Direct,32,3,4193.36,False,12580.08
B03438,2026-03-23,2026-04-06,2026-04-07,Dormitory,Booking.com,14,1,1984.68,False,1984.68
B03439,2026-03-25,2026-04-06,2026-04-07,Dormitory,Booking.com,12,1,2106.69,False,2106.69
B03440,2026-03-27,2026-04-07,2026-04-10,Cottage,Direct,11,3,4579.31,False,13737.93
B03441,2026-03-23,2026-04-07,2026-04-09,Cottage,Booking.com,15,2,4741.65,False,9483.3
B03442,2026-02-24,2026-04-07,2026-04-08,Villa,Booking.com,42,1,8692.76,False,8692.76
B03443,2026-03-20,2026-04-07,2026-04-08,Dormitory,Agoda,18,1,1956.82,False,1956.82
B03444,2026-03-25,2026-04-08,2026-04-11,Cottage,Direct,14,3,4660.89,True,13982.67
B03445,2026-03-24,2026-04-08,2026-04-09,Cottage,Booking.com,15,1,4759.22,True,4759.22
B03446,2026-03-08,2026-04-08,2026-04-09,Cottage,Direct,31,1,4477.84,False,4477.84
B03447,2026-03-23,2026-04-08,2026-04-09,Cottage,MakeMyTrip,16,1,4599.75,False,4599.75
B03448,2026-03-14,2026-04-08,2026-04-10,Dormitory,Agoda,25,2,1915.34,False,3830.68
B03449,2026-03-16,2026-04-09,2026-04-10,Cottage,Direct,24,1,4569.79,False,4569.79
B03450,2026-03-24,2026-04-09,2026-04-10,Cottage,Booking.com,16,1,4741.65,False,4741.65
B03451,2026-03-27,2026-04-09,2026-04-11,Dormitory,Direct,13,2,1910.31,True,3820.62
B03452,2026-03-31,2026-04-10,2026-04-13,Cottage,Direct,10,3,5191.89,False,15575.67
B03453,2026-03-18,2026-04-10,2026-04-11,Cottage,Agoda,23,1,5525.36,False,5525.36
B03454,2026-04-05,2026-04-10,2026-04-12,Cottage,Direct,5,2,5301.04,False,10602.08
B03455,2026-03-21,2026-04-10,2026-04-14,Cottage,Direct,20,4,5282.85,False,21131.4
B03456,2026-04-01,2026-04-10,2026-04-11,Cottage,Direct,9,1,5374.51,False,5374.51
B03457,2026-03-29,2026-04-10,2026-04-12,Dormitory,Direct,12,2,2229.15,True,4458.3
B03458,2026-03-10,2026-04-10,2026-04-12,Camping Tent,Agoda,31,2,2795.67,False,5591.34
B03459,2026-03-20,2026-04-11,2026-04-13,Cottage,MakeMyTrip,22,2,5439.51,False,10879.02
B03460,2026-03-24,2026-04-11,2026-04-12,Cottage,Direct,18,1,4999.99,False,4999.99
B03461,2026-03-20,2026-04-11,2026-04-13,Cottage,Agoda,22,2,5282.36,False,10564.72
B03462,2026-03-19,2026-04-11,2026-04-12,Cottage,Booking.com,23,1,5531.81,False,5531.81
B03463,2026-03-23,2026-04-11,2026-04-12,Villa,Booking.com,19,1,10198.39,False,10198.39
B03464,2026-03-31,2026-04-11,2026-04-13,Dormitory,Agoda,11,2,2374.16,True,4748.32
B03465,2026-03-25,2026-04-11,2026-04-14,Camping Tent,Booking.com,17,3,2981.05,False,8943.15
B03466,2026-03-14,2026-04-12,2026-04-13,Cottage,Direct,29,1,4925.39,True,4925.39
B03467,2026-04-01,2026-04-12,2026-04-14,Cottage,Booking.com,11,2,5259.53,True,10519.06
B03468,2026-03-07,2026-04-12,2026-04-13,Cottage,Booking.com,36,1,4991.23,False,4991.23
B03469,2026-04-05,2026-04-12,2026-04-14,Cottage,Direct,7,2,5519.47,True,11038.94
B03470,2026-03-11,2026-04-12,2026-04-14,Dormitory,MakeMyTrip,32,2,2131.57,False,4263.14
B03471,2026-04-01,2026-04-12,2026-04-13,Camping Tent,Agoda,11,1,2556.1,True,2556.1
B03472,2026-04-11,2026-04-12,2026-04-13,Camping Tent,Direct,1,1,2848.07,False,2848.07
B03473,2026-03-28,2026-04-13,2026-04-14,Cottage,Booking.com,16,1,4580.07,False,4580.07
B03474,2026-03-17,2026-04-13,2026-04-15,Cottage,Booking.com,27,2,4799.66,False,9599.32
B03475,2026-03-31,2026-04-13,2026-04-16,Villa,Agoda,13,3,9211.26,False,27633.78
B03476,2026-03-22,2026-04-13,2026-04-14,Camping Tent,MakeMyTrip,22,1,2513.78,False,2513.78
B03477,2026-03-15,2026-04-14,2026-04-16,Cottage,MakeMyTrip,30,2,4845.67,False,9691.34
B03478,2026-04-03,2026-04-14,2026-04-16,Cottage,Booking.com,11,2,4772.21,False,9544.42
B03479,2026-03-16,2026-04-14,2026-04-15,Cottage,MakeMyTrip,29,1,4883.09,False,4883.09
B03480,2026-03-21,2026-04-14,2026-04-15,Cottage,Booking.com,24,1,4846.43,True,4846.43
B03481,2026-03-02,2026-04-14,2026-04-15,Cottage,MakeMyTrip,43,1,4721.49,False,4721.49
B03482,2026-03-29,2026-04-14,2026-04-15,Dormitory,Agoda,16,1,1909.03,False,1909.03
B03483,2026-04-07,2026-04-14,2026-04-15,Camping Tent,Direct,7,1,2519.37,False,2519.37
B03484,2026-04-04,2026-04-15,2026-04-16,Cottage,Booking.com,11,1,4556.31,False,4556.31
B03485,2026-03-14,2026-04-15,2026-04-16,Camping Tent,Booking.com,32,1,2649.09,False,2649.09
B03486,2026-04-03,2026-04-16,2026-04-20,Cottage,Direct,13,4,4438.48,False,17753.92
B03487,2026-03-26,2026-04-16,2026-04-17,Dormitory,Direct,21,1,1924.57,False,1924.57
B03488,2026-03-28,2026-04-17,2026-04-20,Cottage,MakeMyTrip,20,3,5313.71,False,15941.13
B03489,2026-03-30,2026-04-17,2026-04-19,Cottage,Booking.com,18,2,5104.46,True,10208.92
B03490,2026-04-16,2026-04-17,2026-04-20,Cottage,Direct,1,3,5334.71,False,16004.13
B03491,2026-04-03,2026-04-17,2026-04-20,Cottage,Direct,14,3,5582.21,False,16746.63
B03492,2026-04-07,2026-04-17,2026-04-19,Cottage,Direct,10,2,5346.91,False,10693.82
B03493,2026-04-06,2026-04-17,2026-04-19,Cottage,MakeMyTrip,11,2,5505.45,False,11010.9
B03494,2026-04-07,2026-04-17,2026-04-18,Cottage,Direct,10,1,5337.44,False,5337.44
B03495,2026-03-29,2026-04-17,2026-04-18,Villa,Agoda,19,1,11102.14,False,11102.14
B03496,2026-03-23,2026-04-18,2026-04-21,Cottage,Booking.com,26,3,5403.78,False,16211.34
B03497,2026-04-05,2026-04-18,2026-04-21,Cottage,Direct,13,3,5477.8,False,16433.4
B03498,2026-04-12,2026-04-18,2026-04-19,Cottage,Direct,6,1,5419.16,False,5419.16
B03499,2026-03-28,2026-04-18,2026-04-19,Cottage,Direct,21,1,5489.29,True,5489.29
B03500,2026-04-08,2026-04-18,2026-04-21,Villa,Agoda,10,3,10058.53,True,30175.59
B03501,2026-03-17,2026-04-18,2026-04-19,Dormitory,Booking.com,32,1,2265.37,False,2265.37
B03502,2026-03-16,2026-04-18,2026-04-19,Camping Tent,Direct,33,1,3172.32,False,3172.32
B03503,2026-03-27,2026-04-19,2026-04-21,Cottage,Booking.com,23,2,5388.38,False,10776.76
B03504,2026-04-14,2026-04-19,2026-04-22,Cottage,Direct,5,3,5340.31,False,16020.93
B03505,2026-04-05,2026-04-19,2026-04-22,Cottage,Direct,14,3,5465.38,True,16396.14
B03506,2026-03-28,2026-04-19,2026-04-21,Cottage,Booking.com,22,2,5578.59,False,11157.18
B03507,2026-04-14,2026-04-19,2026-04-21,Cottage,Direct,5,2,5396.28,False,10792.56
B03508,2026-04-09,2026-04-19,2026-04-21,Villa,Direct,10,2,10049.06,False,20098.12
B03509,2026-04-05,2026-04-20,2026-04-21,Cottage,Booking.com,15,1,4719.52,False,4719.52
B03510,2026-04-07,2026-04-21,2026-04-22,Cottage,Direct,14,1,4921.56,True,4921.56
B03511,2026-03-24,2026-04-21,2026-04-22,Cottage,Booking.com,28,1,5090.79,False,5090.79
B03512,2026-03-21,2026-04-21,2026-04-23,Cottage,Agoda,31,2,4629.29,False,9258.58
B03513,2026-04-07,2026-04-21,2026-04-23,Cottage,Booking.com,14,2,4797.58,False,9595.16
B03514,2026-03-25,2026-04-21,2026-04-23,Cottage,Booking.com,27,2,5036.12,False,10072.24
B03515,2026-04-08,2026-04-21,2026-04-25,Cottage,Direct,13,4,4304.85,False,17219.4
B03516,2026-04-14,2026-04-21,2026-04-22,Cottage,Direct,7,1,4798.14,False,4798.14
B03517,2026-04-08,2026-04-21,2026-04-25,Villa,Agoda,13,4,9773.55,False,39094.2
B03518,2026-04-11,2026-04-21,2026-04-23,Dormitory,Direct,10,2,2032.75,False,4065.5
B03519,2026-04-08,2026-04-22,2026-04-25,Cottage,Direct,14,3,4410.36,False,13231.08
B03520,2026-04-07,2026-04-22,2026-04-25,Cottage,Booking.com,15,3,4406.68,False,13220.04
B03521,2026-04-08,2026-04-22,2026-04-23,Cottage,Booking.com,14,1,4736.62,False,4736.62
B03522,2026-03-29,2026-04-22,2026-04-25,Cottage,Booking.com,24,3,4282.52,False,12847.56
B03523,2026-04-12,2026-04-22,2026-04-24,Dormitory,MakeMyTrip,10,2,2020.53,False,4041.06
B03524,2026-04-04,2026-04-23,2026-04-26,Cottage,Booking.com,19,3,4502.11,False,13506.33
B03525,2026-04-22,2026-04-23,2026-04-24,Cottage,Direct,1,1,4640.09,False,4640.09
B03526,2026-03-16,2026-04-23,2026-04-24,Cottage,Booking.com,38,1,4490.5,True,4490.5
B03527,2026-04-13,2026-04-23,2026-04-24,Cottage,Booking.com,10,1,4814.42,True,4814.42
B03528,2026-04-18,2026-04-23,2026-04-26,Villa,Direct,5,3,8133.33,True,24399.99
B03529,2026-04-06,2026-04-24,2026-04-26,Cottage,Booking.com,18,2,5652.78,False,11305.56
B03530,2026-04-11,2026-04-24,2026-04-25,Cottage,Agoda,13,1,5259.49,False,5259.49
B03531,2026-03-31,2026-04-24,2026-04-27,Cottage,Booking.com,24,3,5294.4,False,15883.2
B03532,2026-04-17,2026-04-24,2026-04-25,Cottage,Direct,7,1,5418.37,False,5418.37
B03533,2026-04-06,2026-04-24,2026-04-28,Cottage,Direct,18,4,4797.35,False,19189.4
B03534,2026-04-08,2026-04-24,2026-04-25,Cottage,Agoda,16,1,5498.35,False,5498.35
B03535,2026-04-09,2026-04-24,2026-04-26,Villa,MakeMyTrip,15,2,10569.93,False,21139.86
B03536,2026-03-23,2026-04-24,2026-04-25,Dormitory,Direct,32,1,2270.95,True,2270.95
B03537,2026-04-12,2026-04-24,2026-04-25,Dormitory,MakeMyTrip,12,1,2310.66,False,2310.66
B03538,2026-04-21,2026-04-25,2026-04-27,Cottage,Direct,4,2,5447.38,False,10894.76
B03539,2026-04-10,2026-04-25,2026-04-26,Cottage,Direct,15,1,5487.28,False,5487.28
B03540,2026-04-09,2026-04-25,2026-04-27,Cottage,Direct,16,2,5615.69,False,11231.38
B03541,2026-04-09,2026-04-25,2026-04-27,Cottage,MakeMyTrip,16,2,5242.53,False,10485.06
B03542,2026-04-10,2026-04-25,2026-04-26,Villa,Direct,15,1,9757.63,False,9757.63
B03543,2026-04-23,2026-04-25,2026-04-29,Camping Tent,Direct,2,4,3006.36,False,12025.44
B03544,2026-04-11,2026-04-26,2026-04-28,Cottage,Direct,15,2,5076.36,False,10152.72
B03545,2026-03-26,2026-04-26,2026-04-27,Cottage,Booking.com,31,1,5390.07,False,5390.07
B03546,2026-04-01,2026-04-26,2026-04-27,Camping Tent,Agoda,25,1,2579.07,False,2579.07
B03547,2026-04-12,2026-04-26,2026-04-29,Camping Tent,Agoda,14,3,2831.12,False,8493.36
B03548,2026-04-09,2026-04-27,2026-04-29,Cottage,Booking.com,18,2,4496.54,False,8993.08
B03549,2026-04-18,2026-04-27,2026-05-01,Cottage,Direct,9,4,4742.93,False,18971.72
B03550,2026-04-09,2026-04-27,2026-04-30,Cottage,MakeMyTrip,18,3,4498.01,False,13494.03
B03551,2026-04-20,2026-04-27,2026-04-30,Cottage,Direct,7,3,4785.97,False,14357.91
B03552,2026-03-22,2026-04-27,2026-04-28,Cottage,Booking.com,36,1,4256.79,False,4256.79
B03553,2026-04-12,2026-04-27,2026-04-29,Dormitory,Booking.com,15,2,2033.34,False,4066.68
B03554,2026-03-21,2026-04-27,2026-04-28,Dormitory,Booking.com,37,1,1948.18,False,1948.18
B03555,2026-04-15,2026-04-27,2026-04-30,Camping Tent,MakeMyTrip,12,3,2554.4,False,7663.2
B03556,2026-03-18,2026-04-28,2026-05-01,Cottage,Booking.com,41,3,4594.76,False,13784.28
B03557,2026-04-05,2026-04-28,2026-04-29,Cottage,MakeMyTrip,23,1,4763.92,False,4763.92
B03558,2026-03-05,2026-04-28,2026-05-01,Cottage,Agoda,54,3,4484.15,False,13452.45
B03559,2026-04-17,2026-04-28,2026-04-30,Cottage,Direct,11,2,4037.04,False,8074.08
B03560,2026-04-22,2026-04-28,2026-05-02,Cottage,Direct,6,4,4596.55,False,18386.2
B03561,2026-04-03,2026-04-28,2026-04-30,Dormitory,MakeMyTrip,25,2,2065.22,False,4130.44
B03562,2026-04-10,2026-04-28,2026-04-30,Camping Tent,Booking.com,18,2,2672.72,True,5345.44
B03563,2026-04-22,2026-04-29,2026-05-01,Cottage,Direct,7,2,4969.5,False,9939.0
B03564,2026-04-08,2026-04-29,2026-05-02,Cottage,Agoda,21,3,4557.47,True,13672.41
B03565,2026-04-24,2026-04-29,2026-05-01,Cottage,Direct,5,2,4683.91,False,9367.82
B03566,2026-03-31,2026-04-29,2026-04-30,Cottage,Booking.com,29,1,4247.56,False,4247.56
B03567,2026-03-29,2026-04-29,2026-04-30,Cottage,Agoda,31,1,4751.92,False,4751.92
B03568,2026-04-16,2026-04-29,2026-04-30,Cottage,MakeMyTrip,13,1,4749.61,False,4749.61
B03569,2026-04-13,2026-04-29,2026-05-01,Villa,MakeMyTrip,16,2,9270.18,False,18540.36
B03570,2026-04-24,2026-04-29,2026-04-30,Dormitory,Direct,5,1,1961.86,False,1961.86
B03571,2026-04-14,2026-04-29,2026-05-03,Dormitory,Agoda,15,4,1894.39,False,7577.56
B03572,2026-04-25,2026-04-29,2026-05-02,Camping Tent,Direct,4,3,2613.88,False,7841.64
B03573,2026-04-27,2026-04-30,2026-05-04,Cottage,Direct,3,4,4551.73,True,18206.92
B03574,2026-04-05,2026-04-30,2026-05-02,Cottage,Direct,25,2,4510.91,False,9021.82
B03575,2026-03-10,2026-04-30,2026-05-01,Villa,Booking.com,51,1,10025.35,False,10025.35
B03576,2026-04-16,2026-04-30,2026-05-04,Camping Tent,Agoda,14,4,2726.58,False,10906.32
B03577,2026-04-17,2026-05-01,2026-05-03,Cottage,MakeMyTrip,14,2,5359.26,False,10718.52
B03578,2026-04-15,2026-05-01,2026-05-03,Cottage,Direct,16,2,5226.81,False,10453.62
B03579,2026-04-17,2026-05-01,2026-05-04,Cottage,Direct,14,3,5272.49,False,15817.47
B03580,2026-03-15,2026-05-01,2026-05-02,Cottage,Direct,47,1,5457.15,False,5457.15
B03581,2026-04-10,2026-05-01,2026-05-02,Cottage,Booking.com,21,1,4928.15,False,4928.15
B03582,2026-04-13,2026-05-01,2026-05-03,Dormitory,Booking.com,18,2,2232.77,False,4465.54
B03583,2026-04-17,2026-05-01,2026-05-04,Camping Tent,Direct,14,3,2875.03,False,8625.09
B03584,2026-04-09,2026-05-02,2026-05-05,Cottage,Booking.com,23,3,5435.8,False,16307.4
B03585,2026-04-11,2026-05-02,2026-05-03,Cottage,MakeMyTrip,21,1,5127.59,False,5127.59
B03586,2026-04-11,2026-05-02,2026-05-04,Cottage,Booking.com,21,2,5126.07,False,10252.14
B03587,2026-03-23,2026-05-02,2026-05-04,Cottage,MakeMyTrip,40,2,5005.73,True,10011.46
B03588,2026-04-15,2026-05-02,2026-05-03,Dormitory,Booking.com,17,1,2264.73,False,2264.73
B03589,2026-04-06,2026-05-03,2026-05-04,Cottage,Direct,27,1,5856.81,False,5856.81
B03590,2026-04-25,2026-05-03,2026-05-04,Cottage,Booking.com,8,1,5597.76,True,5597.76
B03591,2026-04-19,2026-05-03,2026-05-04,Cottage,Booking.com,14,1,5743.69,False,5743.69
B03592,2026-04-28,2026-05-03,2026-05-06,Cottage,Direct,5,3,5737.74,False,17213.22
B03593,2026-04-23,2026-05-03,2026-05-04,Cottage,MakeMyTrip,10,1,5274.67,False,5274.67
B03594,2026-04-19,2026-05-03,2026-05-05,Cottage,Direct,14,2,5658.15,False,11316.3
B03595,2026-04-28,2026-05-03,2026-05-04,Villa,Direct,5,1,10394.99,False,10394.99
B03596,2026-03-30,2026-05-03,2026-05-05,Dormitory,MakeMyTrip,34,2,2290.43,False,4580.86
B03597,2026-04-21,2026-05-03,2026-05-04,Camping Tent,Booking.com,12,1,2649.67,False,2649.67
B03598,2026-04-19,2026-05-04,2026-05-06,Cottage,Agoda,15,2,4953.65,False,9907.3
B03599,2026-04-07,2026-05-04,2026-05-05,Cottage,Booking.com,27,1,4366.74,True,4366.74
B03600,2026-04-10,2026-05-04,2026-05-06,Cottage,Booking.com,24,2,4761.16,True,9522.32
B03601,2026-04-17,2026-05-04,2026-05-06,Villa,Booking.com,17,2,9662.19,True,19324.38
B03602,2026-04-26,2026-05-04,2026-05-06,Dormitory,Direct,8,2,1984.27,False,3968.54
B03603,2026-04-20,2026-05-05,2026-05-08,Cottage,MakeMyTrip,15,3,4818.5,False,14455.5
B03604,2026-04-20,2026-05-05,2026-05-07,Cottage,MakeMyTrip,15,2,4700.09,False,9400.18
B03605,2026-04-30,2026-05-05,2026-05-06,Cottage,Direct,5,1,4827.38,False,4827.38
B03606,2026-04-23,2026-05-05,2026-05-07,Villa,Booking.com,12,2,9346.03,True,18692.06
B03607,2026-04-17,2026-05-05,2026-05-09,Dormitory,MakeMyTrip,18,4,1999.19,False,7996.76
B03608,2026-05-02,2026-05-05,2026-05-06,Camping Tent,Direct,3,1,2272.75,False,2272.75
B03609,2026-05-01,2026-05-06,2026-05-07,Cottage,Direct,5,1,4862.84,False,4862.84
B03610,2026-03-28,2026-05-06,2026-05-07,Cottage,Direct,39,1,5207.96,False,5207.96
B03611,2026-04-08,2026-05-06,2026-05-08,Cottage,MakeMyTrip,28,2,4919.66,False,9839.32
B03612,2026-04-20,2026-05-06,2026-05-09,Cottage,Direct,16,3,4594.21,True,13782.63
B03613,2026-04-30,2026-05-06,2026-05-08,Cottage,Direct,6,2,4643.42,False,9286.84
B03614,2026-04-17,2026-05-06,2026-05-10,Dormitory,Agoda,19,4,2209.57,False,8838.28
B03615,2026-03-17,2026-05-06,2026-05-09,Dormitory,Booking.com,50,3,1870.19,False,5610.57
B03616,2026-04-14,2026-05-06,2026-05-08,Camping Tent,Agoda,22,2,2795.39,False,5590.78
B03617,2026-05-01,2026-05-06,2026-05-07,Camping Tent,Direct,5,1,2715.0,False,2715.0
B03618,2026-04-25,2026-05-07,2026-05-08,Cottage,Direct,12,1,4929.94,False,4929.94
B03619,2026-04-22,2026-05-07,2026-05-09,Cottage,Booking.com,15,2,4494.22,False,8988.44
B03620,2026-04-18,2026-05-07,2026-05-09,Villa,Direct,19,2,9372.24,False,18744.48
B03621,2026-04-19,2026-05-07,2026-05-10,Dormitory,Direct,18,3,2102.91,False,6308.73
B03622,2026-04-24,2026-05-07,2026-05-10,Dormitory,Agoda,13,3,2066.82,False,6200.46
B03623,2026-04-27,2026-05-07,2026-05-10,Camping Tent,MakeMyTrip,10,3,2355.11,True,7065.33
B03624,2026-04-09,2026-05-08,2026-05-10,Cottage,Booking.com,29,2,4902.77,False,9805.54
B03625,2026-04-30,2026-05-08,2026-05-10,Cottage,MakeMyTrip,8,2,5001.92,False,10003.84
B03626,2026-04-15,2026-05-08,2026-05-11,Cottage,Direct,23,3,5262.98,False,15788.94
B03627,2026-04-27,2026-05-08,2026-05-12,Cottage,Booking.com,11,4,5124.97,False,20499.88
B03628,2026-04-06,2026-05-08,2026-05-10,Villa,Agoda,32,2,10505.17,False,21010.34
B03629,2026-04-30,2026-05-08,2026-05-11,Dormitory,Direct,8,3,2346.67,False,7040.01
B03630,2026-04-18,2026-05-08,2026-05-11,Dormitory,MakeMyTrip,20,3,2263.36,False,6790.08
B03631,2026-04-26,2026-05-08,2026-05-09,Camping Tent,Booking.com,12,1,3041.4,False,3041.4
B03632,2026-05-06,2026-05-09,2026-05-11,Cottage,Direct,3,2,5600.84,False,11201.68
B03633,2026-04-16,2026-05-09,2026-05-10,Cottage,Agoda,23,1,5363.56,False,5363.56
B03634,2026-04-18,2026-05-09,2026-05-10,Cottage,Direct,21,1,5345.39,False,5345.39
B03635,2026-04-25,2026-05-09,2026-05-11,Cottage,Direct,14,2,5660.49,False,11320.98
B03636,2026-04-21,2026-05-09,2026-05-10,Dormitory,Booking.com,18,1,2148.24,False,2148.24
B03637,2026-04-28,2026-05-10,2026-05-12,Cottage,Direct,12,2,5413.1,True,10826.2
B03638,2026-04-26,2026-05-10,2026-05-13,Cottage,Booking.com,14,3,5007.97,False,15023.91
B03639,2026-04-24,2026-05-10,2026-05-12,Villa,Booking.com,16,2,11794.85,False,23589.7
B03640,2026-05-01,2026-05-10,2026-05-13,Dormitory,Booking.com,9,3,2091.8,True,6275.4
B03641,2026-04-27,2026-05-10,2026-05-12,Dormitory,Direct,13,2,2249.97,False,4499.94
B03642,2026-04-22,2026-05-10,2026-05-12,Camping Tent,Direct,18,2,2953.03,False,5906.06
B03643,2026-04-30,2026-05-11,2026-05-12,Cottage,Agoda,11,1,4646.57,True,4646.57
B03644,2026-04-22,2026-05-11,2026-05-14,Cottage,MakeMyTrip,19,3,4751.05,False,14253.15
B03645,2026-05-03,2026-05-11,2026-05-13,Cottage,Direct,8,2,4682.22,False,9364.44
B03646,2026-04-25,2026-05-11,2026-05-13,Dormitory,MakeMyTrip,16,2,1773.92,False,3547.84
B03647,2026-04-20,2026-05-11,2026-05-15,Camping Tent,Direct,21,4,2543.39,True,10173.56
B03648,2026-04-12,2026-05-12,2026-05-14,Cottage,MakeMyTrip,30,2,4335.94,False,8671.88
B03649,2026-04-23,2026-05-12,2026-05-13,Cottage,Booking.com,19,1,4941.83,False,4941.83
B03650,2026-04-30,2026-05-12,2026-05-13,Camping Tent,Direct,12,1,2472.66,False,2472.66
B03651,2026-04-28,2026-05-13,2026-05-15,Cottage,MakeMyTrip,15,2,5110.8,False,10221.6
B03652,2026-04-10,2026-05-13,2026-05-15,Cottage,Booking.com,33,2,4459.52,False,8919.04
B03653,2026-04-26,2026-05-13,2026-05-14,Cottage,Booking.com,17,1,4873.33,True,4873.33
B03654,2026-05-01,2026-05-13,2026-05-17,Cottage,MakeMyTrip,12,4,4486.51,False,17946.04
B03655,2026-04-18,2026-05-13,2026-05-16,Dormitory,Booking.com,25,3,2032.13,False,6096.39
B03656,2026-04-22,2026-05-14,2026-05-16,Cottage,Agoda,22,2,4778.9,False,9557.8
B03657,2026-04-24,2026-05-14,2026-05-16,Cottage,Direct,20,2,4408.04,False,8816.08
B03658,2026-04-27,2026-05-14,2026-05-16,Cottage,MakeMyTrip,17,2,4815.02,False,9630.04
B03659,2026-04-27,2026-05-14,2026-05-15,Dormitory,Agoda,17,1,1968.86,False,1968.86
B03660,2026-04-27,2026-05-14,2026-05-15,Camping Tent,Booking.com,17,1,2841.51,False,2841.51
B03661,2026-04-07,2026-05-15,2026-05-18,Cottage,Direct,38,3,5164.79,False,15494.37
B03662,2026-04-20,2026-05-15,2026-05-18,Cottage,Direct,25,3,5231.55,False,15694.65
B03663,2026-04-26,2026-05-15,2026-05-16,Cottage,MakeMyTrip,19,1,5176.83,False,5176.83
B03664,2026-05-06,2026-05-15,2026-05-16,Cottage,Booking.com,9,1,5258.21,False,5258.21
B03665,2026-04-27,2026-05-15,2026-05-17,Cottage,MakeMyTrip,18,2,6088.59,False,12177.18
B03666,2026-05-08,2026-05-15,2026-05-17,Villa,Direct,7,2,10477.66,False,20955.32
B03667,2026-04-14,2026-05-15,2026-05-17,Dormitory,Agoda,31,2,2368.7,False,4737.4
B03668,2026-04-13,2026-05-15,2026-05-16,Camping Tent,Agoda,32,1,2761.12,False,2761.12
B03669,2026-05-04,2026-05-15,2026-05-18,Camping Tent,MakeMyTrip,11,3,3032.27,False,9096.81
B03670,2026-04-30,2026-05-16,2026-05-17,Cottage,Direct,16,1,5349.31,False,5349.31
B03671,2026-04-28,2026-05-16,2026-05-18,Cottage,Booking.com,18,2,5140.2,False,10280.4
B03672,2026-04-16,2026-05-16,2026-05-17,Cottage,Agoda,30,1,5284.12,False,5284.12
B03673,2026-04-13,2026-05-16,2026-05-17,Cottage,Direct,33,1,5462.61,False,5462.61
B03674,2026-03-21,2026-05-16,2026-05-18,Dormitory,Booking.com,56,2,2275.02,False,4550.04
B03675,2026-05-02,2026-05-16,2026-05-20,Camping Tent,MakeMyTrip,14,4,3195.87,False,12783.48
B03676,2026-05-01,2026-05-17,2026-05-19,Cottage,Direct,16,2,5183.19,False,10366.38
B03677,2026-05-09,2026-05-17,2026-05-19,Cottage,Booking.com,8,2,5168.36,False,10336.72
B03678,2026-05-03,2026-05-17,2026-05-20,Cottage,Agoda,14,3,5749.04,False,17247.12
B03679,2026-05-12,2026-05-17,2026-05-18,Cottage,Direct,5,1,5139.76,False,5139.76
B03680,2026-04-29,2026-05-17,2026-05-19,Cottage,Direct,18,2,5482.21,False,10964.42
B03681,2026-05-07,2026-05-17,2026-05-18,Cottage,Agoda,10,1,5279.16,True,5279.16
B03682,2026-04-30,2026-05-17,2026-05-19,Dormitory,Agoda,17,2,2312.95,False,4625.9
B03683,2026-04-28,2026-05-17,2026-05-19,Dormitory,Direct,19,2,2328.82,True,4657.64
B03684,2026-04-25,2026-05-17,2026-05-18,Camping Tent,Booking.com,22,1,3014.74,True,3014.74
B03685,2026-05-13,2026-05-17,2026-05-18,Camping Tent,Direct,4,1,3136.34,False,3136.34
B03686,2026-04-18,2026-05-18,2026-05-20,Cottage,Booking.com,30,2,4257.06,False,8514.12
B03687,2026-05-01,2026-05-18,2026-05-20,Cottage,Booking.com,17,2,5103.23,False,10206.46
B03688,2026-04-20,2026-05-18,2026-05-19,Cottage,Booking.com,28,1,4382.99,False,4382.99
B03689,2026-04-21,2026-05-18,2026-05-20,Cottage,MakeMyTrip,27,2,4676.44,False,9352.88
B03690,2026-05-15,2026-05-18,2026-05-19,Villa,Direct,3,1,9843.46,False,9843.46
B03691,2026-04-26,2026-05-18,2026-05-20,Dormitory,MakeMyTrip,22,2,2133.2,False,4266.4
B03692,2026-05-12,2026-05-19,2026-05-21,Cottage,Direct,7,2,4850.31,False,9700.62
B03693,2026-05-07,2026-05-19,2026-05-21,Cottage,Agoda,12,2,5001.72,False,10003.44
B03694,2026-05-03,2026-05-19,2026-05-22,Cottage,Direct,16,3,4560.13,True,13680.39
B03695,2026-05-06,2026-05-19,2026-05-22,Villa,Direct,13,3,10004.79,False,30014.37
B03696,2026-05-04,2026-05-19,2026-05-23,Dormitory,Agoda,15,4,1978.55,False,7914.2
B03697,2026-04-26,2026-05-20,2026-05-22,Cottage,Direct,24,2,5311.77,False,10623.54
B03698,2026-05-11,2026-05-20,2026-05-24,Cottage,Agoda,9,4,4917.43,False,19669.72
B03699,2026-04-25,2026-05-20,2026-05-23,Cottage,Direct,25,3,4805.28,False,14415.84
B03700,2026-05-09,2026-05-20,2026-05-23,Villa,Direct,11,3,9682.37,False,29047.11
B03701,2026-04-06,2026-05-20,2026-05-22,Dormitory,MakeMyTrip,44,2,2067.73,True,4135.46
B03702,2026-04-17,2026-05-20,2026-05-21,Camping Tent,MakeMyTrip,33,1,2677.65,False,2677.65
B03703,2026-05-11,2026-05-20,2026-05-21,Camping Tent,Booking.com,9,1,2476.4,True,2476.4
B03704,2026-05-10,2026-05-21,2026-05-22,Cottage,Agoda,11,1,4811.11,False,4811.11
B03705,2026-05-20,2026-05-21,2026-05-22,Cottage,Direct,1,1,4717.39,True,4717.39
B03706,2026-05-14,2026-05-21,2026-05-23,Cottage,Direct,7,2,4664.29,False,9328.58
B03707,2026-05-05,2026-05-21,2026-05-22,Cottage,Agoda,16,1,4557.87,False,4557.87
B03708,2026-05-13,2026-05-21,2026-05-24,Dormitory,Direct,8,3,2131.66,False,6394.98
B03709,2026-05-17,2026-05-22,2026-05-25,Cottage,Direct,5,3,5668.35,False,17005.05
B03710,2026-05-03,2026-05-22,2026-05-24,Cottage,MakeMyTrip,19,2,5173.68,False,10347.36
B03711,2026-05-07,2026-05-22,2026-05-24,Cottage,Booking.com,15,2,5282.82,True,10565.64
B03712,2026-04-26,2026-05-22,2026-05-23,Cottage,Direct,26,1,4822.24,False,4822.24
B03713,2026-05-09,2026-05-22,2026-05-26,Cottage,Booking.com,13,4,5457.68,False,21830.72
B03714,2026-05-04,2026-05-22,2026-05-24,Cottage,MakeMyTrip,18,2,5632.94,False,11265.88
B03715,2026-05-04,2026-05-22,2026-05-23,Cottage,MakeMyTrip,18,1,4839.82,False,4839.82
B03716,2026-05-17,2026-05-22,2026-05-23,Villa,Direct,5,1,10537.39,False,10537.39
B03717,2026-04-27,2026-05-22,2026-05-24,Camping Tent,MakeMyTrip,25,2,2890.97,False,5781.94
B03718,2026-05-02,2026-05-23,2026-05-25,Cottage,Booking.com,21,2,5646.7,False,11293.4
B03719,2026-05-02,2026-05-23,2026-05-25,Cottage,Booking.com,21,2,5587.44,False,11174.88
B03720,2026-05-20,2026-05-23,2026-05-26,Cottage,Direct,3,3,4975.88,False,14927.64
B03721,2026-05-03,2026-05-23,2026-05-26,Dormitory,MakeMyTrip,20,3,2277.31,False,6831.93
B03722,2026-04-17,2026-05-23,2026-05-24,Camping Tent,Agoda,36,1,2786.26,False,2786.26
B03723,2026-04-13,2026-05-23,2026-05-24,Camping Tent,MakeMyTrip,40,1,2901.97,False,2901.97
B03724,2026-05-05,2026-05-24,2026-05-27,Cottage,MakeMyTrip,19,3,5415.68,False,16247.04
B03725,2026-05-10,2026-05-24,2026-05-26,Cottage,MakeMyTrip,14,2,5691.62,False,11383.24
B03726,2026-05-20,2026-05-24,2026-05-26,Cottage,Direct,4,2,5930.71,False,11861.42
B03727,2026-05-14,2026-05-24,2026-05-26,Cottage,Direct,10,2,5152.4,False,10304.8
B03728,2026-05-14,2026-05-24,2026-05-25,Villa,Agoda,10,1,10603.01,False,10603.01
B03729,2026-05-17,2026-05-24,2026-05-27,Dormitory,Direct,7,3,2221.45,False,6664.35
B03730,2026-05-21,2026-05-24,2026-05-25,Camping Tent,Direct,3,1,2713.27,False,2713.27
B03731,2026-05-23,2026-05-25,2026-05-28,Cottage,Direct,2,3,4628.95,False,13886.85
B03732,2026-05-16,2026-05-25,2026-05-27,Cottage,Direct,9,2,5063.98,False,10127.96
B03733,2026-05-06,2026-05-25,2026-05-26,Cottage,Direct,19,1,5016.55,False,5016.55
B03734,2026-05-18,2026-05-25,2026-05-28,Cottage,Direct,7,3,5254.72,False,15764.16
B03735,2026-05-08,2026-05-25,2026-05-26,Cottage,Direct,17,1,4485.4,False,4485.4
B03736,2026-05-25,2026-05-25,2026-05-27,Cottage,Direct,0,2,4757.75,False,9515.5
B03737,2026-05-15,2026-05-25,2026-05-28,Camping Tent,Direct,10,3,2695.0,False,8085.0
B03738,2026-05-14,2026-05-26,2026-05-27,Cottage,MakeMyTrip,12,1,4490.82,False,4490.82
B03739,2026-05-21,2026-05-26,2026-05-28,Cottage,Direct,5,2,4832.24,False,9664.48
B03740,2026-05-05,2026-05-26,2026-05-29,Cottage,MakeMyTrip,21,3,4882.44,False,14647.32
B03741,2026-05-26,2026-05-26,2026-05-27,Cottage,Direct,0,1,4514.48,False,4514.48
B03742,2026-05-04,2026-05-26,2026-05-28,Cottage,Agoda,22,2,4980.39,True,9960.78
B03743,2026-05-17,2026-05-26,2026-05-28,Cottage,Direct,9,2,4971.13,False,9942.26
B03744,2026-05-02,2026-05-26,2026-05-27,Villa,MakeMyTrip,24,1,9485.7,True,9485.7
B03745,2026-04-24,2026-05-26,2026-05-27,Dormitory,Booking.com,32,1,2084.63,False,2084.63
B03746,2026-05-16,2026-05-27,2026-05-31,Cottage,Direct,11,4,4838.02,True,19352.08
B03747,2026-04-19,2026-05-27,2026-05-30,Cottage,Booking.com,38,3,4819.17,False,14457.51
B03748,2026-05-22,2026-05-27,2026-05-29,Cottage,Direct,5,2,4886.55,False,9773.1
B03749,2026-04-27,2026-05-27,2026-05-29,Cottage,Agoda,30,2,5034.16,False,10068.32
B03750,2026-05-08,2026-05-27,2026-05-29,Dormitory,Direct,19,2,2094.72,False,4189.44
B03751,2026-05-10,2026-05-28,2026-05-30,Cottage,MakeMyTrip,18,2,4336.97,False,8673.94
B03752,2026-05-14,2026-05-28,2026-05-30,Cottage,Booking.com,14,2,4703.78,True,9407.56
B03753,2026-05-09,2026-05-28,2026-05-30,Cottage,Agoda,19,2,5295.48,False,10590.96
B03754,2026-05-17,2026-05-28,2026-05-31,Cottage,MakeMyTrip,11,3,5136.02,False,15408.06
B03755,2026-05-20,2026-05-28,2026-05-30,Dormitory,Direct,8,2,1931.95,False,3863.9
B03756,2026-05-06,2026-05-28,2026-05-31,Dormitory,Direct,22,3,2048.12,False,6144.36
B03757,2026-05-17,2026-05-29,2026-05-30,Cottage,Booking.com,12,1,5581.54,False,5581.54
B03758,2026-05-19,2026-05-29,2026-05-31,Cottage,Direct,10,2,5274.67,False,10549.34
B03759,2026-05-19,2026-05-29,2026-05-30,Cottage,MakeMyTrip,10,1,6099.52,False,6099.52
B03760,2026-05-02,2026-05-29,2026-06-02,Cottage,Agoda,27,4,5283.14,True,21132.56
B03761,2026-05-15,2026-05-29,2026-05-30,Cottage,Direct,14,1,5008.94,False,5008.94
B03762,2026-05-10,2026-05-29,2026-05-30,Cottage,MakeMyTrip,19,1,5675.15,False,5675.15
B03763,2026-05-07,2026-05-29,2026-05-30,Dormitory,Booking.com,22,1,2196.98,True,2196.98
B03764,2026-05-13,2026-05-29,2026-05-31,Camping Tent,MakeMyTrip,16,2,2977.61,False,5955.22
B03765,2026-05-16,2026-05-29,2026-05-31,Camping Tent,Booking.com,13,2,2988.33,False,5976.66
B03766,2026-05-19,2026-05-30,2026-06-01,Cottage,Direct,11,2,5336.64,False,10673.28
B03767,2026-05-22,2026-05-30,2026-05-31,Cottage,Direct,8,1,5621.62,False,5621.62
B03768,2026-05-25,2026-05-30,2026-05-31,Cottage,Direct,5,1,4823.19,False,4823.19
B03769,2026-05-05,2026-05-30,2026-06-02,Dormitory,Booking.com,25,3,2428.47,False,7285.41
B03770,2026-05-08,2026-05-30,2026-05-31,Dormitory,Booking.com,22,1,2246.92,False,2246.92
B03771,2026-05-21,2026-05-31,2026-06-02,Cottage,MakeMyTrip,10,2,5635.54,False,11271.08
B03772,2026-05-14,2026-05-31,2026-06-02,Cottage,MakeMyTrip,17,2,5337.8,False,10675.6
B03773,2026-05-03,2026-05-31,2026-06-01,Cottage,Booking.com,28,1,5098.56,False,5098.56
B03774,2026-05-12,2026-05-31,2026-06-01,Cottage,Booking.com,19,1,5667.25,False,5667.25
B03775,2026-05-23,2026-05-31,2026-06-03,Cottage,MakeMyTrip,8,3,5782.09,False,17346.27
B03776,2026-05-15,2026-05-31,2026-06-02,Villa,MakeMyTrip,16,2,10414.94,False,20829.88
B03777,2026-05-12,2026-05-31,2026-06-01,Dormitory,MakeMyTrip,19,1,2034.26,False,2034.26
B03778,2026-04-27,2026-06-01,2026-06-04,Cottage,Direct,35,3,5292.26,False,15876.78
B03779,2026-05-30,2026-06-01,2026-06-02,Cottage,Direct,2,1,5192.07,False,5192.07
B03780,2026-05-15,2026-06-01,2026-06-03,Dormitory,MakeMyTrip,17,2,2314.28,False,4628.56
B03781,2026-05-15,2026-06-01,2026-06-03,Camping Tent,Booking.com,17,2,2975.43,False,5950.86
B03782,2026-05-04,2026-06-02,2026-06-03,Cottage,Booking.com,29,1,5806.18,False,5806.18
B03783,2026-05-01,2026-06-02,2026-06-04,Cottage,MakeMyTrip,32,2,4953.52,False,9907.04
B03784,2026-05-19,2026-06-02,2026-06-05,Cottage,MakeMyTrip,14,3,5033.57,False,15100.71
B03785,2026-05-16,2026-06-02,2026-06-05,Cottage,MakeMyTrip,17,3,5252.34,False,15757.02
B03786,2026-05-26,2026-06-02,2026-06-05,Villa,Direct,7,3,10514.88,False,31544.64
B03787,2026-05-19,2026-06-02,2026-06-03,Dormitory,Agoda,14,1,2069.99,False,2069.99
B03788,2026-05-14,2026-06-02,2026-06-04,Dormitory,Agoda,19,2,2164.34,False,4328.68
B03789,2026-05-03,2026-06-03,2026-06-05,Cottage,Booking.com,31,2,5028.37,True,10056.74
B03790,2026-05-09,2026-06-03,2026-06-05,Cottage,Direct,25,2,5136.37,False,10272.74
B03791,2026-05-17,2026-06-03,2026-06-06,Cottage,MakeMyTrip,17,3,5292.75,False,15878.25
B03792,2026-05-23,2026-06-03,2026-06-05,Cottage,MakeMyTrip,11,2,5309.83,False,10619.66
B03793,2026-05-10,2026-06-03,2026-06-06,Cottage,MakeMyTrip,24,3,5173.11,False,15519.33
B03794,2026-05-18,2026-06-03,2026-06-05,Villa,MakeMyTrip,16,2,10178.71,False,20357.42
B03795,2026-05-05,2026-06-04,2026-06-06,Cottage,Booking.com,30,2,5118.31,False,10236.62
B03796,2026-05-24,2026-06-04,2026-06-06,Cottage,Direct,11,2,5639.79,False,11279.58
B03797,2026-05-27,2026-06-04,2026-06-07,Dormitory,Direct,8,3,2204.9,False,6614.7
B03798,2026-05-31,2026-06-04,2026-06-05,Camping Tent,Direct,4,1,2709.14,False,2709.14
B03799,2026-05-02,2026-06-05,2026-06-07,Cottage,Booking.com,34,2,5869.64,False,11739.28
B03800,2026-05-17,2026-06-05,2026-06-08,Cottage,MakeMyTrip,19,3,6118.0,False,18354.0
B03801,2026-05-15,2026-06-05,2026-06-08,Cottage,MakeMyTrip,21,3,6137.38,False,18412.14
B03802,2026-05-21,2026-06-05,2026-06-06,Cottage,Booking.com,15,1,5671.87,False,5671.87
B03803,2026-06-01,2026-06-05,2026-06-07,Villa,Direct,4,2,10035.33,False,20070.66
B03804,2026-05-27,2026-06-05,2026-06-06,Dormitory,MakeMyTrip,9,1,2559.49,False,2559.49
B03805,2026-05-19,2026-06-05,2026-06-07,Camping Tent,MakeMyTrip,17,2,2986.25,False,5972.5
B03806,2026-05-26,2026-06-05,2026-06-08,Camping Tent,Direct,10,3,3128.82,False,9386.46
B03807,2026-05-17,2026-06-06,2026-06-07,Cottage,Direct,20,1,5284.49,False,5284.49
B03808,2026-06-03,2026-06-06,2026-06-07,Cottage,Direct,3,1,6665.31,False,6665.31
B03809,2026-05-31,2026-06-06,2026-06-08,Cottage,Direct,6,2,5336.54,False,10673.08
B03810,2026-05-20,2026-06-06,2026-06-07,Cottage,Direct,17,1,6147.45,False,6147.45
B03811,2026-04-30,2026-06-06,2026-06-07,Villa,Booking.com,37,1,11996.87,False,11996.87
B03812,2026-05-30,2026-06-06,2026-06-08,Dormitory,Direct,7,2,2542.93,False,5085.86
B03813,2026-04-29,2026-06-06,2026-06-08,Camping Tent,Booking.com,38,2,3054.69,False,6109.38
B03814,2026-05-25,2026-06-07,2026-06-08,Cottage,MakeMyTrip,13,1,5799.98,False,5799.98
B03815,2026-05-25,2026-06-07,2026-06-09,Cottage,Booking.com,13,2,5941.44,True,11882.88
B03816,2026-05-16,2026-06-07,2026-06-08,Cottage,Agoda,22,1,5855.44,False,5855.44
B03817,2026-05-25,2026-06-07,2026-06-09,Cottage,Agoda,13,2,6190.37,False,12380.74
B03818,2026-05-15,2026-06-07,2026-06-08,Cottage,Booking.com,23,1,5478.0,False,5478.0
B03819,2026-05-20,2026-06-07,2026-06-09,Villa,Agoda,18,2,11100.12,True,22200.24
B03820,2026-06-05,2026-06-07,2026-06-09,Dormitory,Direct,2,2,2381.22,False,4762.44
B03821,2026-04-06,2026-06-07,2026-06-08,Camping Tent,Booking.com,62,1,3097.1,False,3097.1
B03822,2026-05-23,2026-06-07,2026-06-09,Camping Tent,MakeMyTrip,15,2,3062.82,False,6125.64
B03823,2026-05-22,2026-06-08,2026-06-11,Cottage,Booking.com,17,3,5090.26,False,15270.78
B03824,2026-05-26,2026-06-08,2026-06-09,Cottage,Booking.com,13,1,4928.92,False,4928.92
B03825,2026-05-23,2026-06-08,2026-06-09,Cottage,MakeMyTrip,16,1,5149.02,False,5149.02
B03826,2026-05-25,2026-06-08,2026-06-09,Cottage,Booking.com,14,1,5600.4,False,5600.4
B03827,2026-06-02,2026-06-08,2026-06-09,Cottage,Direct,6,1,4978.09,False,4978.09
B03828,2026-05-28,2026-06-08,2026-06-10,Dormitory,Booking.com,11,2,2136.3,False,4272.6
B03829,2026-04-25,2026-06-08,2026-06-10,Camping Tent,MakeMyTrip,44,2,2853.26,False,5706.52
B03830,2026-05-21,2026-06-09,2026-06-10,Cottage,Agoda,19,1,5602.13,False,5602.13
B03831,2026-05-31,2026-06-09,2026-06-11,Cottage,Direct,9,2,5558.61,False,11117.22
B03832,2026-05-23,2026-06-09,2026-06-11,Cottage,MakeMyTrip,17,2,5209.85,False,10419.7
B03833,2026-05-10,2026-06-09,2026-06-10,Cottage,MakeMyTrip,30,1,5052.58,False,5052.58
B03834,2026-05-24,2026-06-09,2026-06-10,Villa,Direct,16,1,10324.72,False,10324.72
B03835,2026-05-27,2026-06-09,2026-06-12,Dormitory,Direct,13,3,2347.0,False,7041.0
B03836,2026-06-09,2026-06-09,2026-06-11,Dormitory,Direct,0,2,2097.91,False,4195.82
B03837,2026-05-25,2026-06-10,2026-06-11,Cottage,Direct,16,1,4864.33,False,4864.33
B03838,2026-05-25,2026-06-10,2026-06-11,Cottage,Booking.com,16,1,5199.66,False,5199.66
B03839,2026-05-18,2026-06-10,2026-06-11,Cottage,Direct,23,1,5056.32,False,5056.32
B03840,2026-05-27,2026-06-10,2026-06-12,Cottage,Agoda,14,2,4733.35,False,9466.7
B03841,2026-05-24,2026-06-10,2026-06-12,Cottage,MakeMyTrip,17,2,5197.94,False,10395.88
B03842,2026-06-06,2026-06-10,2026-06-11,Cottage,Direct,4,1,5236.75,False,5236.75
B03843,2026-05-10,2026-06-10,2026-06-11,Dormitory,MakeMyTrip,31,1,2277.59,False,2277.59
B03844,2026-05-21,2026-06-10,2026-06-11,Dormitory,MakeMyTrip,20,1,2301.75,False,2301.75
B03845,2026-05-17,2026-06-11,2026-06-14,Cottage,Booking.com,25,3,5704.24,False,17112.72
B03846,2026-05-27,2026-06-11,2026-06-14,Cottage,Direct,15,3,4961.27,False,14883.81
B03847,2026-05-29,2026-06-11,2026-06-12,Cottage,MakeMyTrip,13,1,4986.22,False,4986.22
B03848,2026-05-15,2026-06-11,2026-06-12,Cottage,Booking.com,27,1,5220.21,False,5220.21
B03849,2026-05-12,2026-06-11,2026-06-15,Cottage,Direct,30,4,4844.25,False,19377.0
B03850,2026-06-06,2026-06-11,2026-06-13,Cottage,Direct,5,2,5104.18,False,10208.36
B03851,2026-06-04,2026-06-11,2026-06-13,Dormitory,Direct,7,2,2032.4,False,4064.8
B03852,2026-06-01,2026-06-11,2026-06-13,Camping Tent,Direct,10,2,2633.65,False,5267.3
B03853,2026-06-10,2026-06-12,2026-06-13,Cottage,Direct,2,1,5526.54,False,5526.54
B03854,2026-05-23,2026-06-12,2026-06-14,Cottage,Booking.com,20,2,6254.74,False,12509.48
B03855,2026-05-10,2026-06-12,2026-06-14,Cottage,Booking.com,33,2,6019.67,False,12039.34
B03856,2026-05-23,2026-06-12,2026-06-14,Dormitory,MakeMyTrip,20,2,2689.75,False,5379.5
B03857,2026-05-22,2026-06-12,2026-06-15,Dormitory,MakeMyTrip,21,3,2508.93,True,7526.79
B03858,2026-05-22,2026-06-12,2026-06-14,Camping Tent,MakeMyTrip,21,2,3133.45,False,6266.9
B03859,2026-05-24,2026-06-12,2026-06-13,Camping Tent,MakeMyTrip,19,1,3300.86,False,3300.86
B03860,2026-05-28,2026-06-13,2026-06-15,Cottage,MakeMyTrip,16,2,6570.81,False,13141.62
B03861,2026-05-29,2026-06-13,2026-06-16,Cottage,Booking.com,15,3,5853.04,False,17559.12
B03862,2026-05-18,2026-06-13,2026-06-16,Cottage,Agoda,26,3,6090.1,False,18270.3
B03863,2026-05-30,2026-06-13,2026-06-14,Cottage,Agoda,14,1,6592.56,False,6592.56
B03864,2026-05-25,2026-06-13,2026-06-16,Cottage,Agoda,19,3,6092.83,True,18278.49
B03865,2026-05-24,2026-06-13,2026-06-16,Cottage,Booking.com,20,3,5826.69,True,17480.07
B03866,2026-05-30,2026-06-13,2026-06-14,Cottage,Booking.com,14,1,5233.64,False,5233.64
B03867,2026-05-22,2026-06-13,2026-06-15,Camping Tent,MakeMyTrip,22,2,3066.02,False,6132.04
B03868,2026-05-29,2026-06-14,2026-06-16,Cottage,Booking.com,16,2,5500.55,True,11001.1
B03869,2026-05-24,2026-06-14,2026-06-17,Cottage,Booking.com,21,3,5594.42,False,16783.26
B03870,2026-05-30,2026-06-14,2026-06-16,Cottage,MakeMyTrip,15,2,5545.19,False,11090.38
B03871,2026-06-11,2026-06-14,2026-06-15,Cottage,Direct,3,1,5701.3,False,5701.3
B03872,2026-06-08,2026-06-14,2026-06-16,Villa,Direct,6,2,10846.57,False,21693.14
B03873,2026-06-04,2026-06-14,2026-06-16,Dormitory,MakeMyTrip,10,2,2346.14,False,4692.28
B03874,2026-06-02,2026-06-14,2026-06-16,Dormitory,Direct,12,2,2477.18,True,4954.36
B03875,2026-05-30,2026-06-14,2026-06-16,Camping Tent,Agoda,15,2,2959.81,False,5919.62
B03876,2026-06-03,2026-06-15,2026-06-19,Cottage,Booking.com,12,4,5032.53,True,20130.12
B03877,2026-05-25,2026-06-15,2026-06-19,Cottage,Booking.com,21,4,5558.11,False,22232.44
B03878,2026-05-31,2026-06-15,2026-06-16,Cottage,Agoda,15,1,5616.57,False,5616.57
B03879,2026-05-19,2026-06-15,2026-06-16,Cottage,MakeMyTrip,27,1,5502.98,True,5502.98
B03880,2026-06-06,2026-06-15,2026-06-18,Cottage,Booking.com,9,3,5354.86,False,16064.58
B03881,2026-05-21,2026-06-15,2026-06-17,Villa,MakeMyTrip,25,2,10453.01,False,20906.02
B03882,2026-05-31,2026-06-15,2026-06-17,Dormitory,MakeMyTrip,15,2,2156.41,False,4312.82
B03883,2026-06-10,2026-06-15,2026-06-18,Camping Tent,Direct,5,3,2651.85,False,7955.55
B03884,2026-06-02,2026-06-16,2026-06-18,Cottage,Booking.com,14,2,5368.3,True,10736.6
B03885,2026-05-19,2026-06-16,2026-06-17,Cottage,Direct,28,1,5016.69,False,5016.69
B03886,2026-05-22,2026-06-16,2026-06-19,Cottage,Agoda,25,3,4937.59,False,14812.77
B03887,2026-05-22,2026-06-16,2026-06-18,Cottage,Booking.com,25,2,5484.54,False,10969.08
B03888,2026-05-31,2026-06-16,2026-06-18,Villa,MakeMyTrip,16,2,9914.29,False,19828.58
B03889,2026-06-04,2026-06-16,2026-06-18,Camping Tent,Direct,12,2,2646.24,False,5292.48
B03890,2026-06-02,2026-06-17,2026-06-18,Cottage,Agoda,15,1,4996.75,True,4996.75
B03891,2026-06-07,2026-06-17,2026-06-19,Cottage,Direct,10,2,4869.57,False,9739.14
B03892,2026-05-18,2026-06-17,2026-06-19,Cottage,Booking.com,30,2,5162.71,False,10325.42
B03893,2026-06-09,2026-06-17,2026-06-18,Cottage,Direct,8,1,5334.41,False,5334.41
B03894,2026-06-08,2026-06-17,2026-06-18,Dormitory,Booking.com,9,1,2398.09,False,2398.09
B03895,2026-05-18,2026-06-17,2026-06-19,Camping Tent,Booking.com,30,2,2603.76,False,5207.52
B03896,2026-05-27,2026-06-17,2026-06-19,Camping Tent,Agoda,21,2,2862.68,False,5725.36
B03897,2026-05-31,2026-06-18,2026-06-20,Cottage,Direct,18,2,5150.09,False,10300.18
B03898,2026-05-23,2026-06-18,2026-06-19,Cottage,Booking.com,26,1,5529.36,False,5529.36
B03899,2026-06-09,2026-06-18,2026-06-19,Cottage,Direct,9,1,5472.42,False,5472.42
B03900,2026-06-07,2026-06-18,2026-06-21,Cottage,Direct,11,3,4924.74,False,14774.22
B03901,2026-06-08,2026-06-18,2026-06-22,Cottage,MakeMyTrip,10,4,5097.87,False,20391.48
B03902,2026-05-11,2026-06-18,2026-06-19,Cottage,MakeMyTrip,38,1,4840.13,False,4840.13
B03903,2026-06-16,2026-06-18,2026-06-20,Dormitory,Direct,2,2,2064.62,False,4129.24
B03904,2026-06-09,2026-06-19,2026-06-22,Cottage,Direct,10,3,5670.34,False,17011.02
B03905,2026-05-21,2026-06-19,2026-06-20,Cottage,Agoda,29,1,5841.8,False,5841.8
B03906,2026-05-29,2026-06-19,2026-06-20,Cottage,MakeMyTrip,21,1,6166.69,False,6166.69
B03907,2026-05-02,2026-06-19,2026-06-22,Cottage,Booking.com,48,3,6083.86,False,18251.58
B03908,2026-06-08,2026-06-19,2026-06-23,Cottage,MakeMyTrip,11,4,5780.83,False,23123.32
B03909,2026-05-25,2026-06-19,2026-06-21,Dormitory,Direct,25,2,2345.63,False,4691.26
B03910,2026-06-17,2026-06-20,2026-06-24,Cottage,Direct,3,4,5785.22,False,23140.88
B03911,2026-06-17,2026-06-20,2026-06-21,Cottage,Direct,3,1,5817.58,False,5817.58
B03912,2026-05-07,2026-06-20,2026-06-21,Cottage,MakeMyTrip,44,1,5930.76,False,5930.76
B03913,2026-06-05,2026-06-20,2026-06-21,Cottage,Booking.com,15,1,5657.61,False,5657.61
B03914,2026-06-05,2026-06-20,2026-06-22,Cottage,MakeMyTrip,15,2,5545.06,False,11090.12
B03915,2026-05-25,2026-06-20,2026-06-23,Cottage,Agoda,26,3,5621.36,True,16864.08
B03916,2026-06-09,2026-06-20,2026-06-21,Villa,Agoda,11,1,11990.55,False,11990.55
B03917,2026-05-27,2026-06-20,2026-06-22,Dormitory,Agoda,24,2,2480.21,False,4960.42
B03918,2026-06-09,2026-06-20,2026-06-21,Camping Tent,Agoda,11,1,3321.98,False,3321.98
B03919,2026-06-06,2026-06-21,2026-06-22,Cottage,Booking.com,15,1,5458.41,False,5458.41
B03920,2026-06-16,2026-06-21,2026-06-23,Cottage,Direct,5,2,5705.19,True,11410.38
B03921,2026-06-07,2026-06-21,2026-06-22,Cottage,Booking.com,14,1,6063.21,False,6063.21
B03922,2026-06-10,2026-06-21,2026-06-23,Cottage,Direct,11,2,5949.94,False,11899.88
B03923,2026-06-14,2026-06-21,2026-06-25,Cottage,Direct,7,4,5823.74,False,23294.96
B03924,2026-06-07,2026-06-21,2026-06-22,Cottage,Direct,14,1,6287.14,False,6287.14
B03925,2026-05-31,2026-06-21,2026-06-22,Dormitory,Agoda,21,1,2470.2,False,2470.2
B03926,2026-06-05,2026-06-21,2026-06-22,Camping Tent,Booking.com,16,1,3048.09,False,3048.09
B03927,2026-06-07,2026-06-22,2026-06-24,Cottage,MakeMyTrip,15,2,4959.65,False,9919.3
B03928,2026-06-19,2026-06-22,2026-06-23,Cottage,Direct,3,1,5225.43,False,5225.43
B03929,2026-06-13,2026-06-22,2026-06-24,Cottage,Direct,9,2,5210.65,True,10421.3
B03930,2026-06-08,2026-06-22,2026-06-24,Cottage,Agoda,14,2,4854.63,False,9709.26
B03931,2026-06-07,2026-06-22,2026-06-25,Cottage,MakeMyTrip,15,3,5057.6,False,15172.8
B03932,2026-06-09,2026-06-22,2026-06-23,Villa,Agoda,13,1,10926.74,False,10926.74
B03933,2026-06-20,2026-06-22,2026-06-23,Dormitory,Direct,2,1,2159.38,False,2159.38
B03934,2026-06-12,2026-06-22,2026-06-25,Camping Tent,Booking.com,10,3,2429.25,False,7287.75
B03935,2026-05-23,2026-06-23,2026-06-27,Cottage,MakeMyTrip,31,4,5401.73,False,21606.92
B03936,2026-06-12,2026-06-23,2026-06-24,Cottage,Direct,11,1,5241.81,False,5241.81
B03937,2026-06-14,2026-06-23,2026-06-24,Cottage,Direct,9,1,5046.6,True,5046.6
B03938,2026-06-08,2026-06-23,2026-06-26,Villa,MakeMyTrip,15,3,10598.14,False,31794.42
B03939,2026-06-04,2026-06-23,2026-06-25,Camping Tent,Booking.com,19,2,2893.89,False,5787.78
B03940,2026-06-05,2026-06-23,2026-06-24,Camping Tent,Booking.com,18,1,3110.83,False,3110.83
B03941,2026-06-07,2026-06-24,2026-06-25,Cottage,Booking.com,17,1,5117.21,False,5117.21
B03942,2026-06-08,2026-06-24,2026-06-25,Cottage,MakeMyTrip,16,1,5699.11,False,5699.11
B03943,2026-06-18,2026-06-24,2026-06-26,Cottage,Direct,6,2,5297.36,False,10594.72
B03944,2026-06-21,2026-06-24,2026-06-27,Cottage,Direct,3,3,5082.3,False,15246.9
B03945,2026-06-19,2026-06-24,2026-06-25,Cottage,Direct,5,1,5251.35,False,5251.35
B03946,2026-06-19,2026-06-24,2026-06-27,Dormitory,Direct,5,3,2188.39,False,6565.17
B03947,2026-06-18,2026-06-25,2026-06-26,Cottage,Direct,7,1,5437.08,False,5437.08
B03948,2026-06-22,2026-06-25,2026-06-26,Cottage,Direct,3,1,5594.43,False,5594.43
B03949,2026-06-07,2026-06-25,2026-06-28,Dormitory,MakeMyTrip,18,3,2274.21,False,6822.63
B03950,2026-06-05,2026-06-25,2026-06-28,Camping Tent,MakeMyTrip,20,3,2561.93,False,7685.79
B03951,2026-06-16,2026-06-26,2026-06-27,Cottage,Direct,10,1,5884.76,False,5884.76
B03952,2026-06-03,2026-06-26,2026-06-27,Cottage,Direct,23,1,5826.81,False,5826.81
B03953,2026-06-11,2026-06-26,2026-06-27,Cottage,Booking.com,15,1,6018.03,False,6018.03
B03954,2026-06-07,2026-06-26,2026-06-29,Cottage,Agoda,19,3,6454.66,False,19363.98
B03955,2026-06-14,2026-06-26,2026-06-29,Cottage,Direct,12,3,5788.64,False,17365.92
B03956,2026-05-29,2026-06-26,2026-06-28,Cottage,MakeMyTrip,28,2,5748.62,False,11497.24
B03957,2026-06-17,2026-06-26,2026-06-27,Villa,Agoda,9,1,11604.83,False,11604.83
B03958,2026-06-16,2026-06-26,2026-06-28,Dormitory,Booking.com,10,2,2595.39,False,5190.78
B03959,2026-05-29,2026-06-26,2026-06-29,Dormitory,MakeMyTrip,28,3,2575.61,False,7726.83
B03960,2026-06-13,2026-06-27,2026-06-28,Cottage,Booking.com,14,1,5887.01,False,5887.01
B03961,2026-06-19,2026-06-27,2026-06-28,Cottage,Direct,8,1,5809.21,False,5809.21
B03962,2026-06-09,2026-06-27,2026-06-29,Cottage,MakeMyTrip,18,2,5638.13,False,11276.26
B03963,2026-06-12,2026-06-27,2026-06-28,Cottage,Booking.com,15,1,6195.44,False,6195.44
B03964,2026-06-10,2026-06-27,2026-06-29,Cottage,Booking.com,17,2,5966.48,False,11932.96
B03965,2026-06-18,2026-06-27,2026-07-01,Villa,Direct,9,4,12614.21,False,50456.84
B03966,2026-06-06,2026-06-27,2026-06-29,Dormitory,Booking.com,21,2,2415.61,True,4831.22
B03967,2026-06-13,2026-06-27,2026-06-28,Dormitory,Booking.com,14,1,2429.57,False,2429.57
B03968,2026-06-16,2026-06-27,2026-06-29,Camping Tent,Booking.com,11,2,3220.49,True,6440.98
B03969,2026-05-27,2026-06-28,2026-06-29,Cottage,Direct,32,1,5516.25,False,5516.25
B03970,2026-06-15,2026-06-28,2026-07-01,Cottage,Booking.com,13,3,5927.39,False,17782.17
B03971,2026-06-18,2026-06-28,2026-06-30,Cottage,Booking.com,10,2,5989.29,True,11978.58
B03972,2026-05-30,2026-06-28,2026-06-29,Cottage,Agoda,29,1,5752.07,True,5752.07
B03973,2026-06-21,2026-06-28,2026-06-29,Cottage,Direct,7,1,5827.76,False,5827.76
B03974,2026-05-25,2026-06-28,2026-06-29,Cottage,MakeMyTrip,34,1,6126.23,False,6126.23
B03975,2026-06-11,2026-06-28,2026-06-30,Villa,Agoda,17,2,11767.57,False,23535.14
B03976,2026-06-25,2026-06-28,2026-07-01,Dormitory,Direct,3,3,2354.23,False,7062.69
B03977,2026-06-11,2026-06-28,2026-06-29,Dormitory,Booking.com,17,1,2552.2,False,2552.2
B03978,2026-06-01,2026-06-28,2026-06-30,Camping Tent,MakeMyTrip,27,2,3212.77,True,6425.54
B03979,2026-06-21,2026-06-29,2026-07-01,Cottage,Direct,8,2,5080.82,False,10161.64
B03980,2026-06-13,2026-06-29,2026-07-01,Cottage,Direct,16,2,5366.28,False,10732.56
B03981,2026-06-11,2026-06-29,2026-07-02,Villa,MakeMyTrip,18,3,10981.56,False,32944.68
B03982,2026-06-08,2026-06-29,2026-06-30,Dormitory,Direct,21,1,2193.81,False,2193.81
B03983,2026-06-13,2026-06-29,2026-07-01,Dormitory,Booking.com,16,2,2310.57,False,4621.14
B03984,2026-06-09,2026-06-30,2026-07-01,Cottage,MakeMyTrip,21,1,4882.1,False,4882.1
B03985,2026-06-06,2026-06-30,2026-07-02,Cottage,MakeMyTrip,24,2,5157.58,False,10315.16
B03986,2026-06-26,2026-06-30,2026-07-01,Cottage,Direct,4,1,4633.43,False,4633.43
B03987,2026-06-27,2026-06-30,2026-07-04,Dormitory,Direct,3,4,2099.69,False,8398.76
B03988,2026-06-16,2026-06-30,2026-07-01,Camping Tent,Booking.com,14,1,2891.92,False,2891.92
B03989,2026-06-06,2026-07-01,2026-07-02,Cottage,Agoda,25,1,5572.77,False,5572.77
B03990,2026-06-16,2026-07-01,2026-07-05,Cottage,Direct,15,4,5617.11,False,22468.44
B03991,2026-06-09,2026-07-01,2026-07-03,Cottage,Booking.com,22,2,5521.02,False,11042.04
B03992,2026-06-12,2026-07-01,2026-07-03,Cottage,Booking.com,19,2,5559.11,False,11118.22
B03993,2026-06-09,2026-07-01,2026-07-05,Dormitory,Booking.com,22,4,2378.47,False,9513.88
B03994,2026-06-02,2026-07-01,2026-07-05,Camping Tent,Booking.com,29,4,3057.07,False,12228.28
B03995,2026-06-19,2026-07-01,2026-07-03,Camping Tent,Direct,12,2,2609.54,False,5219.08
B03996,2026-06-10,2026-07-02,2026-07-04,Cottage,Booking.com,22,2,5482.53,False,10965.06
B03997,2026-06-21,2026-07-02,2026-07-05,Cottage,Booking.com,11,3,5708.49,False,17125.47
B03998,2026-06-16,2026-07-02,2026-07-03,Cottage,Direct,16,1,5330.04,False,5330.04
B03999,2026-06-14,2026-07-02,2026-07-04,Cottage,MakeMyTrip,18,2,5321.76,False,10643.52
B04000,2026-06-04,2026-07-02,2026-07-04,Cottage,Booking.com,28,2,5208.44,True,10416.88
B04001,2026-06-11,2026-07-02,2026-07-05,Dormitory,Booking.com,21,3,2373.8,False,7121.4
B04002,2026-06-11,2026-07-02,2026-07-05,Dormitory,MakeMyTrip,21,3,2492.75,False,7478.25
B04003,2026-06-05,2026-07-02,2026-07-04,Camping Tent,Booking.com,27,2,3120.91,False,6241.82
B04004,2026-06-15,2026-07-03,2026-07-06,Cottage,MakeMyTrip,18,3,6763.17,False,20289.51
B04005,2026-06-20,2026-07-03,2026-07-04,Cottage,Direct,13,1,6807.92,False,6807.92
B04006,2026-06-18,2026-07-03,2026-07-06,Cottage,MakeMyTrip,15,3,6510.47,False,19531.41
B04007,2026-06-10,2026-07-03,2026-07-04,Cottage,Booking.com,23,1,6301.68,False,6301.68
B04008,2026-06-10,2026-07-03,2026-07-05,Cottage,Booking.com,23,2,6094.5,False,12189.0
B04009,2026-06-19,2026-07-03,2026-07-04,Cottage,Direct,14,1,6449.99,False,6449.99
B04010,2026-06-22,2026-07-03,2026-07-05,Cottage,MakeMyTrip,11,2,6266.49,True,12532.98
B04011,2026-06-07,2026-07-03,2026-07-04,Villa,Direct,26,1,11965.18,True,11965.18
B04012,2026-06-26,2026-07-03,2026-07-05,Dormitory,Direct,7,2,2604.19,False,5208.38
B04013,2026-06-16,2026-07-03,2026-07-04,Dormitory,Booking.com,17,1,2616.98,False,2616.98
B04014,2026-06-30,2026-07-04,2026-07-06,Cottage,Direct,4,2,5953.59,False,11907.18
B04015,2026-06-23,2026-07-04,2026-07-07,Cottage,Agoda,11,3,6289.71,False,18869.13
B04016,2026-06-21,2026-07-04,2026-07-05,Cottage,Direct,13,1,6470.68,True,6470.68
B04017,2026-06-25,2026-07-04,2026-07-06,Cottage,Booking.com,9,2,6620.4,False,13240.8
B04018,2026-06-19,2026-07-04,2026-07-05,Cottage,Direct,15,1,5668.36,False,5668.36
B04019,2026-06-17,2026-07-04,2026-07-05,Villa,MakeMyTrip,17,1,13615.66,False,13615.66
B04020,2026-06-25,2026-07-04,2026-07-07,Dormitory,Direct,9,3,2756.71,False,8270.13
B04021,2026-06-04,2026-07-04,2026-07-07,Dormitory,Booking.com,30,3,2487.73,False,7463.19
B04022,2026-06-14,2026-07-04,2026-07-06,Camping Tent,Agoda,20,2,3552.03,False,7104.06
B04023,2026-06-16,2026-07-05,2026-07-08,Cottage,MakeMyTrip,19,3,6542.8,False,19628.4
B04024,2026-06-16,2026-07-05,2026-07-07,Cottage,MakeMyTrip,19,2,6356.25,False,12712.5
B04025,2026-06-29,2026-07-05,2026-07-07,Cottage,Direct,6,2,6434.92,False,12869.84
B04026,2026-06-18,2026-07-05,2026-07-06,Cottage,MakeMyTrip,17,1,6664.17,False,6664.17
B04027,2026-06-23,2026-07-05,2026-07-09,Cottage,Direct,12,4,6062.75,False,24251.0
B04028,2026-06-16,2026-07-05,2026-07-07,Cottage,MakeMyTrip,19,2,6306.08,False,12612.16
B04029,2026-06-10,2026-07-05,2026-07-07,Cottage,MakeMyTrip,25,2,6573.58,False,13147.16
B04030,2026-06-29,2026-07-05,2026-07-08,Cottage,Direct,6,3,6353.68,False,19061.04
B04031,2026-06-02,2026-07-05,2026-07-07,Villa,Booking.com,33,2,12980.51,True,25961.02
B04032,2026-06-24,2026-07-05,2026-07-08,Camping Tent,MakeMyTrip,11,3,3437.82,False,10313.46
B04033,2026-06-19,2026-07-05,2026-07-07,Camping Tent,Direct,16,2,3461.98,False,6923.96
B04034,2026-06-15,2026-07-06,2026-07-09,Cottage,Booking.com,21,3,6081.73,False,18245.19
B04035,2026-06-23,2026-07-06,2026-07-07,Cottage,Booking.com,13,1,5740.4,False,5740.4
B04036,2026-06-23,2026-07-06,2026-07-09,Cottage,MakeMyTrip,13,3,5563.41,False,16690.23
B04037,2026-07-01,2026-07-06,2026-07-07,Cottage,Direct,5,1,6056.13,False,6056.13
B04038,2026-06-25,2026-07-06,2026-07-08,Cottage,Booking.com,11,2,5733.26,True,11466.52
B04039,2026-06-25,2026-07-06,2026-07-07,Camping Tent,MakeMyTrip,11,1,3181.53,True,3181.53
B04040,2026-06-06,2026-07-07,2026-07-08,Cottage,Booking.com,31,1,5495.26,False,5495.26
B04041,2026-06-15,2026-07-07,2026-07-09,Cottage,Booking.com,22,2,5186.38,False,10372.76
B04042,2026-06-18,2026-07-07,2026-07-08,Cottage,MakeMyTrip,19,1,5651.58,False,5651.58
B04043,2026-06-26,2026-07-07,2026-07-09,Cottage,Booking.com,11,2,5389.26,True,10778.52
B04044,2026-06-20,2026-07-07,2026-07-10,Villa,Booking.com,17,3,10945.29,True,32835.87
B04045,2026-06-14,2026-07-07,2026-07-08,Camping Tent,MakeMyTrip,23,1,3123.23,True,3123.23
B04046,2026-06-23,2026-07-07,2026-07-09,Camping Tent,Booking.com,14,2,3097.51,False,6195.02
B04047,2026-06-15,2026-07-08,2026-07-11,Cottage,Booking.com,23,3,5691.74,False,17075.22
B04048,2026-06-22,2026-07-08,2026-07-12,Cottage,Direct,16,4,5772.75,False,23091.0
B04049,2026-06-27,2026-07-08,2026-07-10,Cottage,Booking.com,11,2,5500.9,False,11001.8
B04050,2026-07-04,2026-07-08,2026-07-11,Cottage,Direct,4,3,6161.86,False,18485.58
B04051,2026-06-20,2026-07-08,2026-07-09,Camping Tent,Direct,18,1,3115.54,False,3115.54
B04052,2026-06-06,2026-07-09,2026-07-10,Cottage,MakeMyTrip,33,1,5268.16,False,5268.16
B04053,2026-06-26,2026-07-09,2026-07-11,Cottage,Booking.com,13,2,5829.74,False,11659.48
B04054,2026-06-20,2026-07-09,2026-07-12,Cottage,Direct,19,3,5598.91,False,16796.73
B04055,2026-06-29,2026-07-09,2026-07-10,Cottage,Direct,10,1,5666.83,False,5666.83
B04056,2026-06-23,2026-07-09,2026-07-12,Cottage,MakeMyTrip,16,3,5139.14,False,15417.42
B04057,2026-06-12,2026-07-09,2026-07-11,Villa,Booking.com,27,2,11307.89,True,22615.78
B04058,2026-06-13,2026-07-09,2026-07-11,Dormitory,Booking.com,26,2,2476.46,False,4952.92
B04059,2026-06-20,2026-07-10,2026-07-11,Cottage,MakeMyTrip,20,1,6343.94,False,6343.94
B04060,2026-06-17,2026-07-10,2026-07-13,Cottage,MakeMyTrip,23,3,6171.21,False,18513.63
B04061,2026-06-16,2026-07-10,2026-07-12,Cottage,Booking.com,24,2,6553.98,False,13107.96
B04062,2026-06-23,2026-07-10,2026-07-11,Cottage,Direct,17,1,6151.67,False,6151.67
B04063,2026-07-08,2026-07-10,2026-07-14,Cottage,Direct,2,4,6618.03,False,26472.12
B04064,2026-06-09,2026-07-10,2026-07-14,Cottage,Booking.com,31,4,6325.21,False,25300.84
B04065,2026-06-24,2026-07-10,2026-07-13,Villa,MakeMyTrip,16,3,12848.11,False,38544.33
B04066,2026-06-22,2026-07-10,2026-07-12,Dormitory,MakeMyTrip,18,2,2641.43,False,5282.86
B04067,2026-07-03,2026-07-10,2026-07-11,Camping Tent,Direct,7,1,3420.56,False,3420.56
B04068,2026-06-25,2026-07-10,2026-07-11,Camping Tent,Direct,15,1,3403.78,False,3403.78
B04069,2026-06-20,2026-07-11,2026-07-12,Cottage,Agoda,21,1,5947.91,False,5947.91
B04070,2026-06-18,2026-07-11,2026-07-13,Cottage,Direct,23,2,6570.88,False,13141.76
B04071,2026-06-26,2026-07-11,2026-07-13,Cottage,MakeMyTrip,15,2,6016.59,False,12033.18
B04072,2026-06-30,2026-07-11,2026-07-12,Cottage,Direct,11,1,6442.49,False,6442.49
B04073,2026-06-29,2026-07-11,2026-07-13,Cottage,Booking.com,12,2,6817.13,True,13634.26
B04074,2026-06-29,2026-07-11,2026-07-14,Cottage,Direct,12,3,6179.04,False,18537.12
B04075,2026-07-05,2026-07-11,2026-07-13,Cottage,Direct,6,2,5781.7,False,11563.4
B04076,2026-06-09,2026-07-11,2026-07-12,Cottage,Direct,32,1,6259.77,False,6259.77
B04077,2026-07-05,2026-07-11,2026-07-12,Dormitory,Direct,6,1,2918.16,False,2918.16
B04078,2026-06-30,2026-07-11,2026-07-13,Dormitory,Direct,11,2,2684.5,False,5369.0
B04079,2026-06-22,2026-07-11,2026-07-13,Camping Tent,MakeMyTrip,19,2,3230.21,False,6460.42
B04080,2026-06-13,2026-07-12,2026-07-14,Cottage,Booking.com,29,2,6440.8,False,12881.6
B04081,2026-07-09,2026-07-12,2026-07-14,Cottage,Direct,3,2,6451.78,False,12903.56
B04082,2026-07-09,2026-07-12,2026-07-13,Cottage,Direct,3,1,6053.99,True,6053.99
B04083,2026-06-25,2026-07-12,2026-07-14,Cottage,MakeMyTrip,17,2,7298.1,False,14596.2
B04084,2026-06-25,2026-07-12,2026-07-14,Villa,Booking.com,17,2,12630.5,False,25261.0
B04085,2026-07-02,2026-07-12,2026-07-14,Dormitory,Direct,10,2,2498.47,False,4996.94
B04086,2026-07-07,2026-07-12,2026-07-16,Dormitory,Direct,5,4,2627.1,False,10508.4
B04087,2026-06-27,2026-07-12,2026-07-13,Camping Tent,Direct,15,1,3355.33,False,3355.33
B04088,2026-06-30,2026-07-12,2026-07-14,Camping Tent,Booking.com,12,2,3312.6,False,6625.2
B04089,2026-06-26,2026-07-13,2026-07-14,Cottage,Direct,17,1,5458.77,True,5458.77
B04090,2026-06-29,2026-07-13,2026-07-15,Cottage,Booking.com,14,2,5984.63,False,11969.26
B04091,2026-06-23,2026-07-13,2026-07-14,Cottage,MakeMyTrip,20,1,5364.19,True,5364.19
B04092,2026-06-17,2026-07-13,2026-07-15,Cottage,Direct,26,2,5511.09,False,11022.18
B04093,2026-07-01,2026-07-13,2026-07-16,Cottage,Agoda,12,3,5452.79,False,16358.37
B04094,2026-07-02,2026-07-13,2026-07-14,Cottage,MakeMyTrip,11,1,6071.39,False,6071.39
B04095,2026-06-02,2026-07-13,2026-07-14,Cottage,MakeMyTrip,41,1,5371.93,True,5371.93
B04096,2026-07-10,2026-07-13,2026-07-14,Cottage,Direct,3,1,5628.19,False,5628.19
B04097,2026-06-30,2026-07-13,2026-07-14,Villa,Agoda,13,1,10567.65,False,10567.65
B04098,2026-06-26,2026-07-13,2026-07-14,Dormitory,Booking.com,17,1,2376.04,True,2376.04
B04099,2026-06-18,2026-07-13,2026-07-14,Camping Tent,Agoda,25,1,3171.68,False,3171.68
B04100,2026-07-03,2026-07-14,2026-07-16,Cottage,Agoda,11,2,5356.91,False,10713.82
B04101,2026-06-21,2026-07-14,2026-07-16,Cottage,Booking.com,23,2,5376.2,False,10752.4
B04102,2026-06-14,2026-07-14,2026-07-17,Cottage,MakeMyTrip,30,3,6125.7,False,18377.1
B04103,2026-06-29,2026-07-14,2026-07-17,Cottage,MakeMyTrip,15,3,5424.56,False,16273.68
B04104,2026-06-11,2026-07-14,2026-07-15,Dormitory,MakeMyTrip,33,1,2311.57,True,2311.57
B04105,2026-07-01,2026-07-14,2026-07-17,Camping Tent,MakeMyTrip,13,3,3094.37,False,9283.11
B04106,2026-06-17,2026-07-15,2026-07-16,Cottage,Agoda,28,1,5676.52,True,5676.52
B04107,2026-06-13,2026-07-15,2026-07-16,Cottage,Booking.com,32,1,5448.98,False,5448.98
B04108,2026-07-01,2026-07-15,2026-07-16,Cottage,Agoda,14,1,5241.66,False,5241.66
B04109,2026-07-11,2026-07-15,2026-07-16,Cottage,Direct,4,1,5412.83,False,5412.83
B04110,2026-07-03,2026-07-15,2026-07-16,Villa,Direct,12,1,11556.65,True,11556.65
B04111,2026-06-27,2026-07-15,2026-07-16,Dormitory,MakeMyTrip,18,1,2520.41,False,2520.41
B04112,2026-06-30,2026-07-15,2026-07-18,Dormitory,Direct,15,3,2213.73,False,6641.19
B04113,2026-06-22,2026-07-15,2026-07-16,Camping Tent,Agoda,23,1,2946.13,True,2946.13
B04114,2026-07-05,2026-07-16,2026-07-18,Cottage,Direct,11,2,5309.85,False,10619.7
B04115,2026-07-02,2026-07-16,2026-07-18,Cottage,MakeMyTrip,14,2,5388.59,True,10777.18
B04116,2026-07-08,2026-07-16,2026-07-17,Cottage,Direct,8,1,5117.18,False,5117.18
B04117,2026-06-28,2026-07-16,2026-07-20,Cottage,Booking.com,18,4,5479.59,False,21918.36
B04118,2026-07-03,2026-07-16,2026-07-18,Cottage,Agoda,13,2,5889.51,False,11779.02
B04119,2026-07-08,2026-07-16,2026-07-17,Cottage,Direct,8,1,5976.86,True,5976.86
B04120,2026-06-30,2026-07-16,2026-07-19,Camping Tent,Booking.com,16,3,2991.63,False,8974.89
B04121,2026-07-01,2026-07-16,2026-07-19,Camping Tent,MakeMyTrip,15,3,3007.95,False,9023.85
B04122,2026-06-30,2026-07-17,2026-07-19,Cottage,Direct,17,2,6454.27,False,12908.54
B04123,2026-07-07,2026-07-17,2026-07-20,Cottage,MakeMyTrip,10,3,6881.91,False,20645.73
B04124,2026-07-03,2026-07-17,2026-07-20,Cottage,MakeMyTrip,14,3,5908.55,False,17725.65
B04125,2026-07-04,2026-07-17,2026-07-19,Villa,MakeMyTrip,13,2,12328.42,False,24656.84
B04126,2026-06-23,2026-07-17,2026-07-18,Dormitory,Booking.com,24,1,2611.07,False,2611.07
B04127,2026-06-27,2026-07-17,2026-07-20,Camping Tent,MakeMyTrip,20,3,3223.96,False,9671.88
B04128,2026-07-09,2026-07-17,2026-07-19,Camping Tent,Direct,8,2,3217.24,False,6434.48
B04129,2026-06-08,2026-07-18,2026-07-19,Cottage,Booking.com,40,1,5442.64,False,5442.64
B04130,2026-07-08,2026-07-18,2026-07-19,Cottage,Booking.com,10,1,6197.89,True,6197.89
B04131,2026-07-08,2026-07-18,2026-07-19,Cottage,Direct,10,1,6288.9,False,6288.9
B04132,2026-06-25,2026-07-18,2026-07-19,Cottage,Booking.com,23,1,6681.74,False,6681.74
B04133,2026-07-05,2026-07-18,2026-07-20,Cottage,MakeMyTrip,13,2,5988.89,False,11977.78
B04134,2026-07-16,2026-07-18,2026-07-19,Cottage,Direct,2,1,6468.08,False,6468.08
B04135,2026-06-26,2026-07-18,2026-07-19,Cottage,MakeMyTrip,22,1,6670.33,False,6670.33
B04136,2026-07-01,2026-07-18,2026-07-20,Cottage,Agoda,17,2,6443.38,False,12886.76
B04137,2026-07-05,2026-07-18,2026-07-19,Villa,Direct,13,1,13125.03,False,13125.03
B04138,2026-07-07,2026-07-18,2026-07-20,Dormitory,Direct,11,2,2956.86,False,5913.72
B04139,2026-06-30,2026-07-18,2026-07-21,Dormitory,Booking.com,18,3,2860.59,False,8581.77
B04140,2026-07-06,2026-07-18,2026-07-21,Camping Tent,Agoda,12,3,3379.06,True,10137.18
B04141,2026-07-02,2026-07-18,2026-07-20,Camping Tent,MakeMyTrip,16,2,3558.33,False,7116.66
B04142,2026-06-08,2026-07-19,2026-07-22,Cottage,Booking.com,41,3,6030.94,False,18092.82
B04143,2026-07-06,2026-07-19,2026-07-20,Cottage,Direct,13,1,6102.55,False,6102.55
B04144,2026-07-02,2026-07-19,2026-07-20,Cottage,Booking.com,17,1,7122.97,False,7122.97
B04145,2026-07-08,2026-07-19,2026-07-20,Cottage,Direct,11,1,6721.15,False,6721.15
B04146,2026-06-26,2026-07-19,2026-07-23,Cottage,Agoda,23,4,5775.86,True,23103.44
B04147,2026-07-08,2026-07-19,2026-07-20,Cottage,Direct,11,1,6938.23,False,6938.23
B04148,2026-07-16,2026-07-19,2026-07-21,Cottage,Direct,3,2,6277.17,False,12554.34
B04149,2026-06-30,2026-07-19,2026-07-20,Villa,Booking.com,19,1,12569.53,False,12569.53
B04150,2026-07-06,2026-07-19,2026-07-22,Camping Tent,Booking.com,13,3,3416.84,False,10250.52
B04151,2026-07-01,2026-07-20,2026-07-22,Cottage,MakeMyTrip,19,2,5507.33,False,11014.66
B04152,2026-06-08,2026-07-20,2026-07-21,Cottage,MakeMyTrip,42,1,5724.28,False,5724.28
B04153,2026-07-07,2026-07-20,2026-07-21,Cottage,Direct,13,1,5464.18,False,5464.18
B04154,2026-06-21,2026-07-20,2026-07-22,Cottage,MakeMyTrip,29,2,6139.21,False,12278.42
B04155,2026-07-09,2026-07-20,2026-07-22,Cottage,Direct,11,2,5481.32,False,10962.64
B04156,2026-07-04,2026-07-20,2026-07-23,Cottage,Booking.com,16,3,5497.74,False,16493.22
B04157,2026-07-08,2026-07-20,2026-07-21,Dormitory,Direct,12,1,2337.38,False,2337.38
B04158,2026-06-27,2026-07-20,2026-07-23,Dormitory,Direct,23,3,2219.71,False,6659.13
B04159,2026-06-27,2026-07-21,2026-07-23,Cottage,MakeMyTrip,24,2,5940.3,False,11880.6
B04160,2026-06-21,2026-07-21,2026-07-23,Cottage,MakeMyTrip,30,2,5721.75,False,11443.5
B04161,2026-06-18,2026-07-21,2026-07-23,Cottage,Booking.com,33,2,5430.91,True,10861.82
B04162,2026-06-25,2026-07-21,2026-07-22,Cottage,MakeMyTrip,26,1,5687.0,True,5687.0
B04163,2026-07-05,2026-07-21,2026-07-24,Cottage,Direct,16,3,6065.06,False,18195.18
B04164,2026-07-05,2026-07-21,2026-07-24,Villa,Direct,16,3,11768.14,False,35304.42
B04165,2026-06-20,2026-07-22,2026-07-24,Cottage,MakeMyTrip,32,2,5274.64,False,10549.28
B04166,2026-06-18,2026-07-22,2026-07-23,Cottage,MakeMyTrip,34,1,5432.51,False,5432.51
B04167,2026-07-17,2026-07-22,2026-07-25,Cottage,Direct,5,3,5475.59,False,16426.77
B04168,2026-07-02,2026-07-22,2026-07-23,Cottage,MakeMyTrip,20,1,5911.45,True,5911.45
B04169,2026-06-13,2026-07-22,2026-07-24,Cottage,Agoda,39,2,5440.22,False,10880.44
B04170,2026-07-13,2026-07-22,2026-07-23,Dormitory,Direct,9,1,2300.8,False,2300.8
B04171,2026-06-25,2026-07-22,2026-07-25,Dormitory,Agoda,27,3,2566.76,False,7700.28
B04172,2026-07-19,2026-07-22,2026-07-24,Camping Tent,Direct,3,2,3014.44,False,6028.88
B04173,2026-07-05,2026-07-22,2026-07-24,Camping Tent,MakeMyTrip,17,2,2873.18,False,5746.36
B04174,2026-07-08,2026-07-23,2026-07-27,Cottage,Booking.com,15,4,6412.06,True,25648.24
B04175,2026-06-26,2026-07-23,2026-07-24,Cottage,MakeMyTrip,27,1,5940.9,False,5940.9
B04176,2026-07-02,2026-07-23,2026-07-24,Cottage,Direct,21,1,5250.16,True,5250.16
B04177,2026-06-30,2026-07-23,2026-07-26,Cottage,MakeMyTrip,23,3,5579.51,False,16738.53
B04178,2026-07-10,2026-07-23,2026-07-25,Cottage,Direct,13,2,5735.59,False,11471.18
B04179,2026-07-12,2026-07-23,2026-07-24,Villa,Booking.com,11,1,11094.34,False,11094.34
B04180,2026-06-30,2026-07-23,2026-07-25,Dormitory,MakeMyTrip,23,2,2400.69,False,4801.38
B04181,2026-06-20,2026-07-23,2026-07-24,Dormitory,MakeMyTrip,33,1,2285.29,False,2285.29
B04182,2026-06-29,2026-07-23,2026-07-25,Camping Tent,Booking.com,24,2,2994.8,False,5989.6
B04183,2026-07-12,2026-07-23,2026-07-27,Camping Tent,MakeMyTrip,11,4,2984.87,False,11939.48
B04184,2026-07-14,2026-07-24,2026-07-25,Cottage,Booking.com,10,1,6220.68,False,6220.68
B04185,2026-07-18,2026-07-24,2026-07-26,Cottage,Direct,6,2,6176.87,False,12353.74
B04186,2026-07-06,2026-07-24,2026-07-26,Cottage,MakeMyTrip,18,2,5884.81,False,11769.62
B04187,2026-07-17,2026-07-24,2026-07-25,Cottage,Direct,7,1,6495.73,False,6495.73
B04188,2026-07-08,2026-07-24,2026-07-25,Cottage,MakeMyTrip,16,1,6530.33,False,6530.33
B04189,2026-07-05,2026-07-24,2026-07-26,Villa,Direct,19,2,13670.56,False,27341.12
B04190,2026-07-12,2026-07-24,2026-07-25,Dormitory,Booking.com,12,1,2455.75,True,2455.75
B04191,2026-06-12,2026-07-24,2026-07-25,Camping Tent,Booking.com,42,1,3309.86,False,3309.86
B04192,2026-06-26,2026-07-24,2026-07-25,Camping Tent,Booking.com,28,1,3227.44,False,3227.44
B04193,2026-07-13,2026-07-25,2026-07-27,Cottage,Direct,12,2,5994.04,False,11988.08
B04194,2026-06-29,2026-07-25,2026-07-27,Cottage,MakeMyTrip,26,2,6744.42,True,13488.84
B04195,2026-06-30,2026-07-25,2026-07-26,Cottage,MakeMyTrip,25,1,6192.13,True,6192.13
B04196,2026-07-01,2026-07-25,2026-07-28,Cottage,Agoda,24,3,6734.41,False,20203.23
B04197,2026-07-11,2026-07-25,2026-07-27,Cottage,Booking.com,14,2,6608.62,False,13217.24
B04198,2026-06-09,2026-07-25,2026-07-26,Cottage,Direct,46,1,6204.37,False,6204.37
B04199,2026-07-17,2026-07-25,2026-07-27,Dormitory,MakeMyTrip,8,2,2620.67,False,5241.34
B04200,2026-06-27,2026-07-25,2026-07-28,Camping Tent,Booking.com,28,3,3601.03,False,10803.09
B04201,2026-07-15,2026-07-25,2026-07-26,Camping Tent,MakeMyTrip,10,1,3141.33,False,3141.33
B04202,2026-07-10,2026-07-26,2026-07-28,Cottage,MakeMyTrip,16,2,6108.83,False,12217.66
B04203,2026-06-15,2026-07-26,2026-07-29,Cottage,MakeMyTrip,41,3,6065.93,False,18197.79
B04204,2026-07-06,2026-07-26,2026-07-27,Cottage,Booking.com,20,1,6260.85,False,6260.85
B04205,2026-07-16,2026-07-26,2026-07-27,Cottage,Booking.com,10,1,6020.03,False,6020.03
B04206,2026-07-10,2026-07-26,2026-07-28,Cottage,Booking.com,16,2,5502.48,False,11004.96
B04207,2026-07-10,2026-07-26,2026-07-28,Cottage,MakeMyTrip,16,2,6524.39,False,13048.78
B04208,2026-07-13,2026-07-26,2026-07-27,Dormitory,Booking.com,13,1,2511.58,False,2511.58
B04209,2026-07-12,2026-07-26,2026-07-30,Camping Tent,Direct,14,4,3498.5,False,13994.0
B04210,2026-07-24,2026-07-27,2026-07-29,Cottage,Direct,3,2,5760.39,False,11520.78
B04211,2026-07-02,2026-07-27,2026-07-28,Cottage,Direct,25,1,5840.72,False,5840.72
B04212,2026-06-28,2026-07-27,2026-07-28,Cottage,Direct,29,1,5786.27,False,5786.27
B04213,2026-07-05,2026-07-27,2026-07-30,Cottage,Booking.com,22,3,5108.06,False,15324.18
B04214,2026-07-13,2026-07-27,2026-07-29,Cottage,MakeMyTrip,14,2,5401.62,False,10803.24
B04215,2026-07-12,2026-07-27,2026-07-30,Dormitory,MakeMyTrip,15,3,2346.76,False,7040.28
B04216,2026-07-13,2026-07-27,2026-07-29,Dormitory,MakeMyTrip,14,2,2476.0,False,4952.0
B04217,2026-07-15,2026-07-27,2026-07-28,Camping Tent,Agoda,12,1,2887.5,False,2887.5
B04218,2026-07-11,2026-07-28,2026-07-29,Cottage,Booking.com,17,1,5556.52,False,5556.52
B04219,2026-06-30,2026-07-28,2026-07-30,Cottage,Agoda,28,2,6009.19,False,12018.38
B04220,2026-07-07,2026-07-28,2026-07-30,Cottage,MakeMyTrip,21,2,5395.88,False,10791.76
B04221,2026-07-21,2026-07-28,2026-07-29,Dormitory,Direct,7,1,2415.16,False,2415.16
B04222,2026-07-22,2026-07-28,2026-07-31,Dormitory,Direct,6,3,2186.77,False,6560.31
B04223,2026-07-25,2026-07-29,2026-07-30,Cottage,Direct,4,1,5475.51,False,5475.51
B04224,2026-07-19,2026-07-29,2026-07-30,Cottage,Direct,10,1,5169.05,False,5169.05
B04225,2026-07-13,2026-07-29,2026-07-31,Cottage,Agoda,16,2,5732.44,False,11464.88
B04226,2026-07-19,2026-07-29,2026-07-30,Cottage,MakeMyTrip,10,1,5691.77,False,5691.77
B04227,2026-07-19,2026-07-29,2026-07-31,Cottage,MakeMyTrip,10,2,5606.71,True,11213.42
B04228,2026-07-08,2026-07-29,2026-08-01,Villa,Booking.com,21,3,10487.34,False,31462.02
B04229,2026-07-25,2026-07-29,2026-07-30,Dormitory,Direct,4,1,2533.88,False,2533.88
B04230,2026-07-08,2026-07-29,2026-07-30,Dormitory,Booking.com,21,1,2400.51,True,2400.51
B04231,2026-07-15,2026-07-30,2026-08-02,Cottage,Direct,15,3,5538.25,False,16614.75
B04232,2026-07-16,2026-07-30,2026-08-01,Cottage,Booking.com,14,2,6080.62,False,12161.24
B04233,2026-07-10,2026-07-30,2026-07-31,Cottage,Direct,20,1,5792.27,False,5792.27
B04234,2026-07-19,2026-07-30,2026-07-31,Cottage,MakeMyTrip,11,1,6005.59,False,6005.59
B04235,2026-07-10,2026-07-30,2026-08-02,Cottage,Direct,20,3,6139.14,False,18417.42
B04236,2026-07-03,2026-07-30,2026-08-01,Villa,Booking.com,27,2,10733.35,False,21466.7
B04237,2026-07-27,2026-07-30,2026-07-31,Camping Tent,Direct,3,1,2878.57,False,2878.57
B04238,2026-07-15,2026-07-31,2026-08-02,Cottage,Direct,16,2,6220.1,False,12440.2
B04239,2026-07-09,2026-07-31,2026-08-01,Cottage,MakeMyTrip,22,1,6072.87,False,6072.87
B04240,2026-07-24,2026-07-31,2026-08-01,Cottage,Direct,7,1,6591.31,False,6591.31
B04241,2026-07-09,2026-07-31,2026-08-02,Cottage,Agoda,22,2,6018.22,False,12036.44
B04242,2026-07-18,2026-07-31,2026-08-03,Cottage,MakeMyTrip,13,3,6428.53,False,19285.59
B04243,2026-07-06,2026-07-31,2026-08-02,Dormitory,Agoda,25,2,2555.22,False,5110.44
B04244,2026-06-28,2026-07-31,2026-08-01,Camping Tent,Direct,33,1,3742.31,False,3742.31
B04245,2026-07-21,2026-08-01,2026-08-03,Cottage,Booking.com,11,2,6349.97,False,12699.94
B04246,2026-07-15,2026-08-01,2026-08-03,Cottage,MakeMyTrip,17,2,6632.67,False,13265.34
B04247,2026-07-26,2026-08-01,2026-08-02,Cottage,Direct,6,1,5993.07,False,5993.07
B04248,2026-07-28,2026-08-01,2026-08-02,Cottage,Direct,4,1,6468.13,False,6468.13
B04249,2026-07-20,2026-08-01,2026-08-02,Cottage,Booking.com,12,1,6337.57,True,6337.57
B04250,2026-07-24,2026-08-01,2026-08-03,Cottage,Direct,8,2,6498.61,False,12997.22
B04251,2026-06-26,2026-08-01,2026-08-02,Villa,Booking.com,36,1,13793.67,False,13793.67
B04252,2026-07-15,2026-08-01,2026-08-03,Dormitory,MakeMyTrip,17,2,2469.41,False,4938.82
B04253,2026-07-06,2026-08-01,2026-08-04,Camping Tent,Booking.com,26,3,3430.99,True,10292.97
B04254,2026-07-11,2026-08-02,2026-08-03,Cottage,Booking.com,22,1,6411.34,False,6411.34
B04255,2026-07-20,2026-08-02,2026-08-06,Cottage,Booking.com,13,4,6000.8,False,24003.2
B04256,2026-07-17,2026-08-02,2026-08-04,Cottage,Booking.com,16,2,5779.21,True,11558.42
B04257,2026-07-09,2026-08-02,2026-08-03,Cottage,Direct,24,1,7200.33,False,7200.33
B04258,2026-07-15,2026-08-02,2026-08-03,Cottage,MakeMyTrip,18,1,5647.78,False,5647.78
B04259,2026-07-29,2026-08-02,2026-08-04,Cottage,Direct,4,2,6561.32,False,13122.64
B04260,2026-07-10,2026-08-02,2026-08-04,Cottage,MakeMyTrip,23,2,6752.91,False,13505.82
B04261,2026-07-16,2026-08-02,2026-08-06,Villa,Booking.com,17,4,12259.89,False,49039.56
B04262,2026-07-15,2026-08-02,2026-08-04,Dormitory,Direct,18,2,2625.38,False,5250.76
B04263,2026-07-11,2026-08-02,2026-08-05,Dormitory,Agoda,22,3,2846.21,False,8538.63
B04264,2026-07-03,2026-08-02,2026-08-05,Camping Tent,MakeMyTrip,30,3,3423.73,False,10271.19
B04265,2026-07-25,2026-08-02,2026-08-03,Camping Tent,Direct,8,1,3444.82,False,3444.82
B04266,2026-07-22,2026-08-03,2026-08-04,Cottage,Agoda,12,1,5559.08,False,5559.08
B04267,2026-07-08,2026-08-03,2026-08-06,Cottage,Booking.com,26,3,5709.81,False,17129.43
B04268,2026-07-25,2026-08-03,2026-08-05,Cottage,Direct,9,2,5834.62,False,11669.24
B04269,2026-07-10,2026-08-03,2026-08-05,Cottage,MakeMyTrip,24,2,5868.42,False,11736.84
B04270,2026-07-16,2026-08-03,2026-08-07,Villa,Agoda,18,4,11889.71,False,47558.84
B04271,2026-07-23,2026-08-04,2026-08-05,Cottage,Agoda,12,1,5919.15,False,5919.15
B04272,2026-07-15,2026-08-04,2026-08-07,Cottage,Booking.com,20,3,5666.01,False,16998.03
B04273,2026-07-10,2026-08-04,2026-08-07,Cottage,Booking.com,25,3,5798.26,False,17394.78
B04274,2026-07-07,2026-08-04,2026-08-07,Dormitory,Agoda,28,3,2336.98,True,7010.94
B04275,2026-07-14,2026-08-05,2026-08-06,Cottage,MakeMyTrip,22,1,5967.15,False,5967.15
B04276,2026-07-31,2026-08-05,2026-08-07,Cottage,Direct,5,2,6256.24,False,12512.48
B04277,2026-07-28,2026-08-05,2026-08-07,Cottage,MakeMyTrip,8,2,6138.97,False,12277.94
B04278,2026-07-11,2026-08-05,2026-08-08,Villa,Booking.com,25,3,11233.98,False,33701.94
B04279,2026-07-20,2026-08-05,2026-08-07,Camping Tent,Booking.com,16,2,3274.97,False,6549.94
B04280,2026-07-21,2026-08-05,2026-08-08,Camping Tent,MakeMyTrip,15,3,3101.62,False,9304.86
B04281,2026-07-27,2026-08-06,2026-08-08,Cottage,MakeMyTrip,10,2,5204.34,False,10408.68
B04282,2026-07-22,2026-08-06,2026-08-07,Cottage,MakeMyTrip,15,1,5811.27,False,5811.27
B04283,2026-07-24,2026-08-06,2026-08-10,Villa,MakeMyTrip,13,4,11596.9,False,46387.6
B04284,2026-07-28,2026-08-07,2026-08-11,Cottage,Booking.com,10,4,6419.44,False,25677.76
B04285,2026-07-24,2026-08-07,2026-08-08,Cottage,Booking.com,14,1,6308.8,False,6308.8
B04286,2026-08-02,2026-08-07,2026-08-10,Cottage,Direct,5,3,6167.3,False,18501.9
B04287,2026-08-06,2026-08-07,2026-08-09,Cottage,Direct,1,2,5934.2,False,11868.4
B04288,2026-08-02,2026-08-07,2026-08-09,Cottage,Direct,5,2,6650.22,False,13300.44
B04289,2026-07-19,2026-08-07,2026-08-10,Cottage,Direct,19,3,5982.06,False,17946.18
B04290,2026-08-05,2026-08-07,2026-08-08,Cottage,Direct,2,1,6292.99,False,6292.99
B04291,2026-07-17,2026-08-07,2026-08-10,Villa,Agoda,21,3,12718.71,False,38156.13
B04292,2026-07-26,2026-08-07,2026-08-08,Dormitory,Booking.com,12,1,2924.29,False,2924.29
B04293,2026-07-20,2026-08-07,2026-08-11,Dormitory,MakeMyTrip,18,4,2707.33,False,10829.32
B04294,2026-07-18,2026-08-07,2026-08-10,Camping Tent,Booking.com,20,3,3250.58,False,9751.74
B04295,2026-07-25,2026-08-08,2026-08-11,Cottage,MakeMyTrip,14,3,6042.02,False,18126.06
B04296,2026-07-22,2026-08-08,2026-08-10,Cottage,Direct,17,2,6072.3,True,12144.6
B04297,2026-07-21,2026-08-08,2026-08-09,Cottage,MakeMyTrip,18,1,6352.77,False,6352.77
B04298,2026-08-05,2026-08-08,2026-08-09,Cottage,Direct,3,1,6014.46,False,6014.46
B04299,2026-07-16,2026-08-08,2026-08-09,Cottage,Direct,23,1,6233.66,True,6233.66
B04300,2026-07-23,2026-08-08,2026-08-09,Cottage,Booking.com,16,1,6545.03,False,6545.03
B04301,2026-08-06,2026-08-08,2026-08-09,Villa,Direct,2,1,13123.36,False,13123.36
B04302,2026-07-25,2026-08-08,2026-08-11,Camping Tent,MakeMyTrip,14,3,3337.92,False,10013.76
B04303,2026-07-31,2026-08-09,2026-08-12,Cottage,Direct,9,3,6663.71,False,19991.13
B04304,2026-07-22,2026-08-09,2026-08-10,Cottage,MakeMyTrip,18,1,6567.13,True,6567.13
B04305,2026-07-10,2026-08-09,2026-08-10,Cottage,MakeMyTrip,30,1,5794.91,False,5794.91
B04306,2026-07-31,2026-08-09,2026-08-10,Cottage,Booking.com,9,1,6694.61,False,6694.61
B04307,2026-07-18,2026-08-09,2026-08-12,Cottage,MakeMyTrip,22,3,6632.43,False,19897.29
B04308,2026-07-08,2026-08-09,2026-08-11,Cottage,MakeMyTrip,32,2,6780.57,False,13561.14
B04309,2026-07-31,2026-08-09,2026-08-11,Cottage,MakeMyTrip,9,2,6162.08,False,12324.16
B04310,2026-07-14,2026-08-09,2026-08-10,Villa,MakeMyTrip,26,1,13622.23,False,13622.23
B04311,2026-07-27,2026-08-09,2026-08-11,Dormitory,MakeMyTrip,13,2,3023.37,False,6046.74
B04312,2026-07-29,2026-08-09,2026-08-10,Camping Tent,MakeMyTrip,11,1,3675.3,False,3675.3
B04313,2026-07-24,2026-08-09,2026-08-10,Camping Tent,Booking.com,16,1,3583.18,False,3583.18
B04314,2026-07-10,2026-08-10,2026-08-12,Cottage,Agoda,31,2,5664.21,True,11328.42
B04315,2026-07-29,2026-08-10,2026-08-12,Cottage,Direct,12,2,5676.08,False,11352.16
B04316,2026-07-26,2026-08-10,2026-08-11,Cottage,Direct,15,1,6092.15,False,6092.15
B04317,2026-07-24,2026-08-10,2026-08-14,Cottage,Booking.com,17,4,5740.09,False,22960.36
B04318,2026-07-23,2026-08-10,2026-08-12,Cottage,Agoda,18,2,5442.12,False,10884.24
B04319,2026-07-24,2026-08-10,2026-08-12,Dormitory,Booking.com,17,2,2413.04,True,4826.08
B04320,2026-07-01,2026-08-10,2026-08-14,Dormitory,Booking.com,40,4,2666.73,False,10666.92
B04321,2026-07-14,2026-08-10,2026-08-11,Camping Tent,Booking.com,27,1,3331.49,False,3331.49
B04322,2026-07-08,2026-08-11,2026-08-13,Cottage,MakeMyTrip,34,2,5980.67,False,11961.34
B04323,2026-07-10,2026-08-11,2026-08-13,Cottage,Booking.com,32,2,5866.91,False,11733.82
B04324,2026-07-01,2026-08-11,2026-08-12,Cottage,MakeMyTrip,41,1,5993.87,False,5993.87
B04325,2026-07-28,2026-08-11,2026-08-13,Cottage,Direct,14,2,5178.08,False,10356.16
B04326,2026-07-15,2026-08-11,2026-08-13,Cottage,Agoda,27,2,5673.7,False,11347.4
B04327,2026-08-01,2026-08-11,2026-08-13,Cottage,Direct,10,2,5626.28,False,11252.56
B04328,2026-08-06,2026-08-11,2026-08-13,Villa,Direct,5,2,11660.01,False,23320.02
B04329,2026-07-15,2026-08-11,2026-08-13,Dormitory,Booking.com,27,2,2301.93,False,4603.86
B04330,2026-07-29,2026-08-11,2026-08-13,Camping Tent,MakeMyTrip,13,2,3129.11,False,6258.22
B04331,2026-07-24,2026-08-11,2026-08-12,Camping Tent,Booking.com,18,1,3275.32,False,3275.32
B04332,2026-07-25,2026-08-12,2026-08-14,Cottage,Booking.com,18,2,5774.37,False,11548.74
B04333,2026-07-06,2026-08-12,2026-08-13,Cottage,Agoda,37,1,5718.98,False,5718.98
B04334,2026-07-19,2026-08-12,2026-08-16,Cottage,Direct,24,4,6052.37,False,24209.48
B04335,2026-07-27,2026-08-12,2026-08-14,Cottage,Direct,16,2,5772.43,False,11544.86
B04336,2026-07-18,2026-08-12,2026-08-14,Dormitory,MakeMyTrip,25,2,2568.84,False,5137.68
B04337,2026-07-31,2026-08-12,2026-08-14,Dormitory,MakeMyTrip,12,2,2622.99,True,5245.98
B04338,2026-07-21,2026-08-12,2026-08-13,Camping Tent,Direct,22,1,2991.01,False,2991.01
B04339,2026-08-04,2026-08-13,2026-08-14,Cottage,Direct,9,1,5909.78,False,5909.78
B04340,2026-07-28,2026-08-13,2026-08-14,Cottage,Direct,16,1,6487.47,False,6487.47
B04341,2026-08-05,2026-08-13,2026-08-16,Cottage,Direct,8,3,6005.03,False,18015.09
B04342,2026-07-26,2026-08-13,2026-08-14,Cottage,Booking.com,18,1,5328.76,False,5328.76
B04343,2026-08-01,2026-08-13,2026-08-14,Villa,Direct,12,1,11319.31,False,11319.31
B04344,2026-08-02,2026-08-14,2026-08-16,Cottage,Direct,12,2,5926.78,False,11853.56
B04345,2026-07-19,2026-08-14,2026-08-16,Cottage,Booking.com,26,2,7201.77,False,14403.54
B04346,2026-07-14,2026-08-14,2026-08-17,Cottage,Direct,31,3,6743.19,False,20229.57
B04347,2026-08-08,2026-08-14,2026-08-15,Cottage,Direct,6,1,6298.38,False,6298.38
B04348,2026-07-24,2026-08-14,2026-08-17,Cottage,Direct,21,3,6536.69,False,19610.07
B04349,2026-07-28,2026-08-14,2026-08-15,Dormitory,Direct,17,1,2737.24,False,2737.24
B04350,2026-08-11,2026-08-14,2026-08-16,Camping Tent,Direct,3,2,3712.48,False,7424.96
B04351,2026-07-31,2026-08-14,2026-08-15,Camping Tent,MakeMyTrip,14,1,3456.27,True,3456.27
B04352,2026-07-19,2026-08-15,2026-08-16,Cottage,MakeMyTrip,27,1,5900.8,False,5900.8
B04353,2026-08-04,2026-08-15,2026-08-17,Cottage,Booking.com,11,2,6038.38,False,12076.76
B04354,2026-07-28,2026-08-15,2026-08-16,Cottage,Direct,18,1,6353.69,False,6353.69
B04355,2026-07-13,2026-08-15,2026-08-17,Cottage,MakeMyTrip,33,2,6572.52,False,13145.04
B04356,2026-08-08,2026-08-15,2026-08-17,Cottage,Direct,7,2,6385.4,False,12770.8
B04357,2026-07-31,2026-08-15,2026-08-18,Cottage,MakeMyTrip,15,3,6320.23,False,18960.69
B04358,2026-08-02,2026-08-15,2026-08-17,Cottage,MakeMyTrip,13,2,6250.21,False,12500.42
B04359,2026-08-13,2026-08-15,2026-08-17,Dormitory,Direct,2,2,3178.86,False,6357.72
B04360,2026-07-28,2026-08-15,2026-08-16,Dormitory,MakeMyTrip,18,1,2759.13,False,2759.13
B04361,2026-07-31,2026-08-15,2026-08-16,Camping Tent,Agoda,15,1,3705.73,False,3705.73
B04362,2026-08-12,2026-08-16,2026-08-17,Cottage,Direct,4,1,6630.12,False,6630.12
B04363,2026-07-23,2026-08-16,2026-08-17,Cottage,Direct,24,1,6016.65,False,6016.65
B04364,2026-08-10,2026-08-16,2026-08-18,Cottage,Direct,6,2,6371.53,False,12743.06
B04365,2026-08-14,2026-08-16,2026-08-19,Cottage,Direct,2,3,6395.66,False,19186.98
B04366,2026-08-07,2026-08-16,2026-08-17,Cottage,Direct,9,1,6529.83,False,6529.83
B04367,2026-08-07,2026-08-16,2026-08-17,Cottage,Direct,9,1,6165.25,False,6165.25
B04368,2026-07-31,2026-08-16,2026-08-18,Cottage,MakeMyTrip,16,2,6530.89,False,13061.78
B04369,2026-08-01,2026-08-16,2026-08-18,Cottage,Direct,15,2,5405.35,False,10810.7
B04370,2026-07-25,2026-08-16,2026-08-18,Villa,Direct,22,2,11777.22,False,23554.44
B04371,2026-08-05,2026-08-16,2026-08-19,Dormitory,Booking.com,11,3,2844.96,False,8534.88
B04372,2026-07-28,2026-08-16,2026-08-17,Camping Tent,Agoda,19,1,3558.64,False,3558.64
B04373,2026-07-29,2026-08-17,2026-08-21,Cottage,MakeMyTrip,19,4,5933.84,False,23735.36
B04374,2026-08-14,2026-08-17,2026-08-18,Dormitory,Direct,3,1,2499.17,False,2499.17
B04375,2026-07-25,2026-08-17,2026-08-21,Dormitory,MakeMyTrip,23,4,2597.85,False,10391.4
B04376,2026-08-10,2026-08-17,2026-08-18,Camping Tent,Direct,7,1,2855.68,False,2855.68
B04377,2026-07-17,2026-08-17,2026-08-18,Camping Tent,Booking.com,31,1,3050.9,False,3050.9
B04378,2026-08-01,2026-08-18,2026-08-21,Cottage,Booking.com,17,3,5844.77,False,17534.31
B04379,2026-08-05,2026-08-18,2026-08-21,Cottage,Booking.com,13,3,5886.76,False,17660.28
B04380,2026-07-31,2026-08-18,2026-08-20,Cottage,Direct,18,2,5033.5,False,10067.0
B04381,2026-08-02,2026-08-18,2026-08-20,Cottage,Direct,16,2,5460.37,False,10920.74
B04382,2026-07-30,2026-08-18,2026-08-21,Cottage,Booking.com,19,3,5591.43,False,16774.29
B04383,2026-07-26,2026-08-18,2026-08-19,Cottage,Booking.com,23,1,6035.6,False,6035.6
B04384,2026-06-25,2026-08-18,2026-08-19,Villa,MakeMyTrip,54,1,11221.24,True,11221.24
B04385,2026-08-09,2026-08-18,2026-08-20,Camping Tent,Booking.com,9,2,3074.55,False,6149.1
B04386,2026-07-26,2026-08-19,2026-08-22,Cottage,MakeMyTrip,24,3,5721.51,True,17164.53
B04387,2026-07-24,2026-08-19,2026-08-21,Cottage,Booking.com,26,2,5690.08,False,11380.16
B04388,2026-08-15,2026-08-19,2026-08-21,Cottage,Direct,4,2,5792.68,False,11585.36
B04389,2026-07-30,2026-08-19,2026-08-22,Cottage,MakeMyTrip,20,3,5777.83,True,17333.49
B04390,2026-07-21,2026-08-19,2026-08-22,Cottage,Booking.com,29,3,5309.69,False,15929.07
B04391,2026-08-12,2026-08-19,2026-08-21,Cottage,Direct,7,2,5924.51,False,11849.02
B04392,2026-07-28,2026-08-19,2026-08-21,Villa,Direct,22,2,12330.17,False,24660.34
B04393,2026-07-30,2026-08-19,2026-08-22,Dormitory,MakeMyTrip,20,3,2424.88,False,7274.64
B04394,2026-07-27,2026-08-20,2026-08-21,Cottage,Agoda,24,1,5614.89,False,5614.89
B04395,2026-08-17,2026-08-20,2026-08-23,Cottage,Direct,3,3,6003.24,False,18009.72
B04396,2026-07-23,2026-08-20,2026-08-21,Cottage,Direct,28,1,5300.39,False,5300.39
B04397,2026-08-04,2026-08-20,2026-08-23,Cottage,Agoda,16,3,5358.44,True,16075.32
B04398,2026-08-05,2026-08-20,2026-08-22,Dormitory,MakeMyTrip,15,2,2334.35,False,4668.7
B04399,2026-08-01,2026-08-20,2026-08-24,Camping Tent,Booking.com,19,4,3140.98,False,12563.92
B04400,2026-08-08,2026-08-21,2026-08-22,Cottage,Booking.com,13,1,6736.09,False,6736.09
B04401,2026-08-07,2026-08-21,2026-08-24,Cottage,MakeMyTrip,14,3,6122.15,False,18366.45
B04402,2026-08-03,2026-08-21,2026-08-22,Cottage,Direct,18,1,5875.39,False,5875.39
B04403,2026-07-22,2026-08-21,2026-08-24,Cottage,Direct,30,3,6085.77,False,18257.31
B04404,2026-07-19,2026-08-21,2026-08-23,Cottage,Direct,33,2,5835.23,False,11670.46
B04405,2026-08-11,2026-08-21,2026-08-25,Villa,Direct,10,4,13061.99,False,52247.96
B04406,2026-07-18,2026-08-21,2026-08-22,Camping Tent,MakeMyTrip,34,1,3309.86,False,3309.86
B04407,2026-08-02,2026-08-22,2026-08-23,Cottage,Booking.com,20,1,6205.3,True,6205.3
B04408,2026-08-12,2026-08-22,2026-08-23,Cottage,Direct,10,1,5970.54,False,5970.54
B04409,2026-08-16,2026-08-22,2026-08-23,Cottage,Direct,6,1,7085.26,False,7085.26
B04410,2026-07-29,2026-08-22,2026-08-25,Cottage,Agoda,24,3,6600.52,True,19801.56
B04411,2026-08-05,2026-08-22,2026-08-23,Cottage,Direct,17,1,6460.41,False,6460.41
B04412,2026-08-04,2026-08-22,2026-08-25,Villa,Agoda,18,3,13696.22,False,41088.66
B04413,2026-08-02,2026-08-22,2026-08-24,Dormitory,Booking.com,20,2,2445.39,False,4890.78
B04414,2026-08-08,2026-08-22,2026-08-23,Camping Tent,Direct,14,1,3419.84,False,3419.84
B04415,2026-08-12,2026-08-22,2026-08-25,Camping Tent,Agoda,10,3,3515.65,False,10546.95
B04416,2026-07-29,2026-08-23,2026-08-26,Cottage,Direct,25,3,6734.78,False,20204.34
B04417,2026-08-08,2026-08-23,2026-08-24,Cottage,Agoda,15,1,6435.11,False,6435.11
B04418,2026-08-12,2026-08-23,2026-08-27,Cottage,Booking.com,11,4,6811.22,False,27244.88
B04419,2026-08-14,2026-08-23,2026-08-25,Cottage,Booking.com,9,2,6322.54,False,12645.08
B04420,2026-08-13,2026-08-23,2026-08-25,Cottage,Booking.com,10,2,6381.79,False,12763.58
B04421,2026-07-26,2026-08-23,2026-08-25,Dormitory,Booking.com,28,2,2903.48,False,5806.96
B04422,2026-08-10,2026-08-23,2026-08-25,Camping Tent,Agoda,13,2,3558.19,False,7116.38
B04423,2026-08-09,2026-08-24,2026-08-26,Cottage,Agoda,15,2,5509.52,True,11019.04
B04424,2026-08-24,2026-08-24,2026-08-27,Cottage,Direct,0,3,5883.04,False,17649.12
B04425,2026-08-14,2026-08-24,2026-08-26,Villa,MakeMyTrip,10,2,11624.75,False,23249.5
B04426,2026-08-03,2026-08-24,2026-08-27,Camping Tent,MakeMyTrip,21,3,3031.12,False,9093.36
B04427,2026-08-12,2026-08-24,2026-08-27,Camping Tent,Direct,12,3,3118.39,False,9355.17
B04428,2026-08-08,2026-08-25,2026-08-27,Cottage,MakeMyTrip,17,2,5146.7,False,10293.4
B04429,2026-08-08,2026-08-25,2026-08-27,Cottage,MakeMyTrip,17,2,5715.4,False,11430.8
B04430,2026-08-07,2026-08-25,2026-08-26,Cottage,Direct,18,1,5828.09,False,5828.09
B04431,2026-08-04,2026-08-25,2026-08-27,Cottage,Booking.com,21,2,5800.53,True,11601.06
B04432,2026-08-13,2026-08-25,2026-08-26,Cottage,Booking.com,12,1,5676.84,False,5676.84
B04433,2026-07-23,2026-08-25,2026-08-28,Dormitory,MakeMyTrip,33,3,2508.79,False,7526.37
B04434,2026-08-16,2026-08-25,2026-08-27,Camping Tent,Booking.com,9,2,3232.87,False,6465.74
B04435,2026-07-26,2026-08-25,2026-08-26,Camping Tent,MakeMyTrip,30,1,2866.93,False,2866.93
B04436,2026-08-22,2026-08-26,2026-08-27,Cottage,Direct,4,1,6015.12,False,6015.12
B04437,2026-08-19,2026-08-26,2026-08-28,Cottage,Direct,7,2,6237.23,False,12474.46
B04438,2026-08-12,2026-08-26,2026-08-28,Cottage,MakeMyTrip,14,2,5510.5,True,11021.0
B04439,2026-07-30,2026-08-26,2026-08-27,Cottage,MakeMyTrip,27,1,5491.39,False,5491.39
B04440,2026-08-10,2026-08-26,2026-08-28,Camping Tent,Direct,16,2,2926.89,False,5853.78
B04441,2026-07-19,2026-08-26,2026-08-28,Camping Tent,MakeMyTrip,38,2,2970.76,True,5941.52
B04442,2026-08-08,2026-08-27,2026-08-28,Cottage,Direct,19,1,5747.1,False,5747.1
B04443,2026-08-20,2026-08-27,2026-08-30,Cottage,Direct,7,3,5533.53,True,16600.59
B04444,2026-08-14,2026-08-27,2026-08-29,Cottage,Direct,13,2,5812.65,False,11625.3
B04445,2026-08-17,2026-08-27,2026-08-30,Dormitory,Direct,10,3,2541.89,False,7625.67
B04446,2026-08-14,2026-08-27,2026-08-31,Dormitory,Agoda,13,4,2438.07,True,9752.28
B04447,2026-08-01,2026-08-28,2026-08-29,Cottage,Agoda,27,1,6380.55,False,6380.55
B04448,2026-08-14,2026-08-28,2026-08-31,Cottage,Direct,14,3,6162.36,False,18487.08
B04449,2026-08-22,2026-08-28,2026-08-30,Cottage,Direct,6,2,6266.56,False,12533.12
B04450,2026-08-18,2026-08-28,2026-08-29,Cottage,Direct,10,1,6342.47,False,6342.47
B04451,2026-07-31,2026-08-28,2026-08-29,Cottage,MakeMyTrip,28,1,6108.82,False,6108.82
B04452,2026-08-09,2026-08-28,2026-08-29,Villa,Agoda,19,1,13217.08,False,13217.08
B04453,2026-08-06,2026-08-28,2026-08-31,Dormitory,Booking.com,22,3,2834.77,False,8504.31
B04454,2026-08-24,2026-08-29,2026-08-30,Cottage,Direct,5,1,6081.02,False,6081.02
B04455,2026-08-29,2026-08-29,2026-08-31,Cottage,Direct,0,2,6323.67,False,12647.34
B04456,2026-08-28,2026-08-29,2026-08-30,Cottage,Direct,1,1,6428.55,False,6428.55
B04457,2026-08-14,2026-08-29,2026-09-02,Cottage,Direct,15,4,6466.47,True,25865.88
B04458,2026-08-22,2026-08-29,2026-09-01,Cottage,Direct,7,3,6085.89,False,18257.67
B04459,2026-08-15,2026-08-29,2026-08-31,Cottage,Agoda,14,2,6394.41,False,12788.82
B04460,2026-08-23,2026-08-29,2026-08-31,Cottage,Direct,6,2,6093.35,False,12186.7
B04461,2026-08-05,2026-08-29,2026-08-31,Villa,Booking.com,24,2,12963.41,False,25926.82
B04462,2026-08-13,2026-08-29,2026-09-02,Dormitory,Direct,16,4,2790.92,False,11163.68
B04463,2026-08-16,2026-08-29,2026-09-01,Camping Tent,Booking.com,13,3,3537.71,False,10613.13
B04464,2026-08-04,2026-08-29,2026-08-30,Camping Tent,Booking.com,25,1,3266.58,False,3266.58
B04465,2026-08-18,2026-08-30,2026-09-01,Cottage,Booking.com,12,2,6523.57,False,13047.14
B04466,2026-08-17,2026-08-30,2026-09-01,Cottage,Agoda,13,2,6758.33,False,13516.66
B04467,2026-08-14,2026-08-30,2026-09-01,Cottage,MakeMyTrip,16,2,6330.3,False,12660.6
B04468,2026-08-03,2026-08-30,2026-09-01,Villa,Booking.com,27,2,12801.99,False,25603.98
B04469,2026-08-17,2026-08-31,2026-09-01,Cottage,MakeMyTrip,14,1,5986.81,False,5986.81
B04470,2026-08-16,2026-08-31,2026-09-03,Cottage,Direct,15,3,6038.7,False,18116.1
B04471,2026-08-20,2026-08-31,2026-09-04,Cottage,Direct,11,4,6154.46,False,24617.84
B04472,2026-08-07,2026-08-31,2026-09-02,Cottage,Direct,24,2,5607.77,False,11215.54
B04473,2026-08-20,2026-08-31,2026-09-02,Cottage,MakeMyTrip,11,2,5786.67,False,11573.34
B04474,2026-08-17,2026-08-31,2026-09-02,Villa,Direct,14,2,11942.65,False,23885.3
B04475,2026-08-28,2026-08-31,2026-09-02,Dormitory,Direct,3,2,2418.04,False,4836.08
B04476,2026-08-18,2026-08-31,2026-09-02,Camping Tent,Direct,13,2,3001.96,False,6003.92
